time_s,state,bbox_x,bbox_y,bbox_w,bbox_conf,dist_m,temp,vx,vy
7.152557373046875e-07,CLOSE_IN,0.5000003755092621,0.6499999999997442,0.4936395309450438,0.8870309927214887,11.743828090842845,2786.8697334255908,3.5,-0.2
0.020922422409057617,CLOSE_IN,0.5109824687259182,0.649781158055588,0.47748325716986134,0.7736667867855361,12.237707529509331,2720.0140819244216,3.5,-0.2
0.04140877723693848,CLOSE_IN,0.5217256320133015,0.6491431464970081,0.5638223596900709,0.8980095839469613,11.908119032233524,2905.3184127064887,3.5,-0.2
0.06180119514465332,CLOSE_IN,0.53239917650287,0.6480927361886412,0.5447088281253859,0.6886494425146368,11.571710563949008,2891.792803613496,3.5,-0.2
0.08268213272094727,CLOSE_IN,0.5432969230638055,0.6465896146140386,0.47201750445301094,0.9481260455597906,12.38141239235292,2937.1578524735937,3.5,-0.2
0.10341143608093262,CLOSE_IN,0.5540735467489903,0.6446720702934703,0.5787588646154447,0.8265148387621304,12.30593732811291,2750.9782276209435,3.5,-0.2
0.12389349937438965,CLOSE_IN,0.5646703329153782,0.6423643884931498,0.5713935005083844,0.7949085934969891,12.133927808187378,2731.2044362472234,3.5,-0.2
0.14469599723815918,CLOSE_IN,0.5753703709285334,0.6396043897292534,0.5217662471823743,0.8366393568491919,12.87089707282598,2718.1236358379947,3.5,-0.2
0.16494965553283691,CLOSE_IN,0.5857176919688237,0.6365187415699811,0.5234310753688426,0.8790240459158898,13.11432211365671,2913.847886822524,3.5,-0.2
0.18548226356506348,CLOSE_IN,0.5961267292179263,0.6329945310218535,0.5889741065960596,0.878257717960141,12.086090440221792,2744.0965083284605,3.5,-0.2
0.20600032806396484,CLOSE_IN,0.606437316752309,0.6290803769272993,0.5969761303071357,0.7902730459017322,12.111132383626392,2758.0740866698206,3.5,-0.2
0.22655487060546875,CLOSE_IN,0.61666514757278,0.624772530101748,0.5007072070270568,0.8374007662217408,12.434519886800343,2683.8719666599745,3.5,-0.2
0.2470839023590088,CLOSE_IN,0.6267696015159415,0.6200909310447132,0.501222031029345,0.7362113212531085,12.57759313422399,2742.706535691013,3.5,-0.2
0.26757168769836426,CLOSE_IN,0.6367339233586462,0.615048880442913,0.5434747730485936,0.908903896419601,12.20537810075769,2916.9072971966293,3.5,-0.2
0.28798961639404297,CLOSE_IN,0.6465358140488927,0.6096648398245067,0.534554047208425,0.7179585944915472,12.755210098502795,2872.1386139916713,3.5,-0.2
0.30856966972351074,CLOSE_IN,0.6562764282687399,0.6038843171559005,0.5932371116191404,0.7850912228842252,12.384207335644346,2862.0671867898545,3.5,-0.2
0.32917094230651855,CLOSE_IN,0.6658779384463912,0.5977519408841989,0.5637656955674288,0.7408798355904318,12.691032096980914,2690.324921877682,3.5,-0.2
0.34969353675842285,CLOSE_IN,0.6752853083658443,0.5913092254184171,0.45730816202890956,0.6631203815140805,13.751726360615475,2880.570755805576,3.5,-0.2
0.37004947662353516,CLOSE_IN,0.6844522309203938,0.5846004580339833,0.5355697102771511,0.7855726536882327,12.802077680010665,2750.77060366185,3.5,-0.2
0.3907036781311035,CLOSE_IN,0.6935776752011655,0.5774807674020987,0.4743888295434873,0.8753758722727617,13.503292246634642,2883.788095909546,3.5,-0.2
0.41088056564331055,CLOSE_IN,0.7023128984214404,0.5702331265436765,0.5404275884450699,0.6892963428461885,13.61260493318661,2863.8195274114314,3.5,-0.2
0.4313492774963379,CLOSE_IN,0.7109850809793921,0.5625975038065218,0.5633421290321811,0.9185528768831029,13.742697802477394,2904.7514214419066,3.5,-0.2
0.4518275260925293,CLOSE_IN,0.7194622883554943,0.554685680436851,0.47724270062976426,0.8574898678235101,13.93466453428539,2841.4792760959326,3.5,-0.2
0.47229528427124023,CLOSE_IN,0.7277282546242618,0.5465186682136561,0.5586272957734036,0.9385837246921123,13.721573736139613,2804.5488498122236,3.5,-0.2
0.4928429126739502,CLOSE_IN,0.7358105711060552,0.5380728763376437,0.5050290195863679,0.9249088357008053,13.0995102392188,2921.9252455269784,3.5,-0.2
0.513477087020874,CLOSE_IN,0.7437015090654704,0.5293569091120351,0.5993843025644501,0.8513780658152545,12.979576109685025,2716.0369802161777,3.5,-0.2
0.5336980819702148,CLOSE_IN,0.7512080087112285,0.5206016712852217,0.49192277375807286,0.8796040157891243,14.080625676783367,2949.257792161332,3.5,-0.2
0.5541629791259766,CLOSE_IN,0.758569731429657,0.5115400824929466,0.55714242188616,0.7712090642570035,14.170445563720614,2798.1308992269796,3.5,-0.2
0.5745429992675781,CLOSE_IN,0.7656588066133385,0.502330384430383,0.5680944604160135,0.7580246131307096,13.200094840463906,2840.612761559933,3.5,-0.2
0.59505295753479,CLOSE_IN,0.7725424410933321,0.4928903854780785,0.5759629259432655,0.7636201952523196,14.066018727157566,2934.1542350486225,3.5,-0.2
0.615260124206543,CLOSE_IN,0.7790722297382037,0.483436838402735,0.5185899360178852,0.6792538489917992,14.022507347201621,2777.457380092252,3.5,-0.2
0.6357910633087158,CLOSE_IN,0.7854440408147865,0.473692353063969,0.5247014358582907,0.9234722821891809,13.734873789918876,2734.84406771822,3.5,-0.2
0.6563405990600586,CLOSE_IN,0.7915505546239792,0.46381464388548,0.49097487982235244,0.6900668246390561,14.389162650924103,2823.411951255188,3.5,-0.2
0.6769165992736816,CLOSE_IN,0.7973874036715525,0.45381623647968766,0.5566031341810465,0.9496021280485336,14.01148002919281,2850.024720347947,3.5,-0.2
0.6976687908172607,CLOSE_IN,0.8029873043935758,0.4436399644478723,0.5925708007769989,0.903050768739499,14.554657832882082,2688.635793439821,3.5,-0.2
0.7181832790374756,CLOSE_IN,0.8082345439452326,0.43350631155538194,0.521861690883396,0.9127564531797845,13.429339454229739,2766.568531321247,3.5,-0.2
0.7386772632598877,CLOSE_IN,0.8131851338123781,0.42332647011777946,0.5370270485615165,0.9261258525396872,14.75715540810904,2726.7761219304934,3.5,-0.2
0.7592594623565674,CLOSE_IN,0.8178591741357126,0.4130633984041864,0.49113615538907385,0.6663128704892392,14.84665025117208,2903.8453381249374,3.5,-0.2
0.7797770500183105,CLOSE_IN,0.82221702442435,0.4028104974866613,0.519509309381216,0.6864872584911292,14.392860388162138,2730.5771413004127,3.5,-0.2
0.7999141216278076,CLOSE_IN,0.8261973400675799,0.3927430404090993,0.5063043020840455,0.7855762518781075,14.902490353454484,2666.4952346438267,3.5,-0.2
0.8204150199890137,CLOSE_IN,0.829943842304048,0.3825058805206669,0.485714441925334,0.8822266807981706,14.85393253832301,2803.8733358799245,3.5,-0.2
0.8410091400146484,CLOSE_IN,0.8333932590667559,0.3722518033887853,0.5527260508789843,0.9248128941819146,14.394925585719935,2681.9524952205097,3.5,-0.2
0.8618655204772949,CLOSE_IN,0.8365623671717093,0.3619151886823915,0.46227207292247563,0.8735267756752868,15.198300953486456,2851.254252678381,3.5,-0.2
0.8822853565216064,CLOSE_IN,0.8393460562267251,0.3518589989456416,0.5630210880669146,0.8411015950775379,13.893306591524926,2918.545414908124,3.5,-0.2
0.9025263786315918,CLOSE_IN,0.8417912016658899,0.3419700527058125,0.5481280249759839,0.8269418823250809,14.187524695837032,2934.469521909177,3.5,-0.2
0.9226551055908203,CLOSE_IN,0.8439103556577404,0.332230236256257,0.49017973523840525,0.7350546068121142,14.07937331170862,2659.881818760137,3.5,-0.2
0.9431428909301758,CLOSE_IN,0.8457453701405964,0.32242954844947225,0.5640017045715584,0.7461953302718615,14.563857503861504,2672.0051231440966,3.5,-0.2
0.9636914730072021,CLOSE_IN,0.84725786498985,0.31273059623829247,0.4592107324562036,0.7075879510407219,14.237298875829698,2655.5598360827266,3.5,-0.2
0.9842283725738525,CLOSE_IN,0.848439895393735,0.3031844047227183,0.5523733746057466,0.8809244691447218,15.441716704170554,2846.5729318289063,3.5,-0.2
1.0045058727264404,CLOSE_IN,0.8492826045655048,0.29391895381634126,0.5713812058307615,0.7009866762018803,15.170030884049943,2923.145258415145,3.5,-0.2
1.0248231887817383,CLOSE_IN,0.8498029024897495,0.2848102821719805,0.5607540946220104,0.8969559704060607,14.356219299912844,2661.9568909303225,3.5,-0.2
1.045478343963623,CLOSE_IN,0.8499988362042004,0.27574517601983517,0.596782569069044,0.734000738188169,15.297485265277903,2887.72052710275,3.5,-0.2
1.06573486328125,CLOSE_IN,0.8498647036415063,0.26706084529128665,0.4857518056461339,0.8101301079399453,15.561581776461933,2668.9060881581177,3.5,-0.2
1.086331844329834,CLOSE_IN,0.8493971478128045,0.2584543279282506,0.47951892046373074,0.9298746578151602,14.645866168588945,2932.1351311567155,3.5,-0.2
1.1067631244659424,CLOSE_IN,0.8486038815056633,0.25015428192063327,0.5263360682127354,0.7543017596695579,14.849295217678572,2782.726610132544,3.5,-0.2
1.1272118091583252,CLOSE_IN,0.8474821263720469,0.24209765895580915,0.5952060262838881,0.7456320142173138,15.623482666164792,2898.1263589573987,3.5,-0.2
1.1478266716003418,CLOSE_IN,0.84602036553804,0.2342428968131444,0.5912074879941994,0.7769742385406175,15.259815652178695,2827.721139143649,3.5,-0.2
1.1680231094360352,CLOSE_IN,0.8442674338192906,0.22682068883145967,0.5198781907457439,0.7568458911254267,14.788560198443893,2831.1747646924728,3.5,-0.2
1.1882672309875488,CLOSE_IN,0.8421933122624148,0.21966448590773738,0.4729454838727206,0.8223535531348907,15.411892635918253,2853.878278045889,3.5,-0.2
1.2085449695587158,CLOSE_IN,0.8397994473712039,0.2127927257345547,0.5224192271404033,0.6893423631106539,15.200815049513231,2947.9793277163676,3.5,-0.2
1.2293341159820557,CLOSE_IN,0.8370188902058742,0.20606736488453392,0.5973369517603356,0.6523859709000905,15.937672485310792,2905.086107503328,3.5,-0.2
1.2509398460388184,CLOSE_IN,0.833781896203867,0.1994332142710997,0.55278119623231,0.8530072729455146,15.122814015714752,2942.450490820964,3.5,-0.2
1.2713699340820312,CLOSE_IN,0.8303985234646301,0.19350429056756224,0.4732993921077852,0.8072623865161922,15.262523881220478,2930.175894523471,3.5,-0.2
1.2915687561035156,CLOSE_IN,0.8267484248372107,0.1879813231905196,0.5162305179132967,0.7571042283967414,14.919185395375049,2755.5817130196315,3.5,-0.2
1.3122315406799316,CLOSE_IN,0.8227041729102025,0.18268953471695215,0.5511724422232799,0.6671378542734123,15.917560253088824,2723.1347660646165,3.5,-0.2
1.3324952125549316,CLOSE_IN,0.8184369580278237,0.17786029505395853,0.5824011433471273,0.7302392072481849,15.236595495294502,2798.161386215055,3.5,-0.2
1.3528575897216797,CLOSE_IN,0.8138526341269724,0.1733750208781633,0.5197889799395226,0.837396230244474,15.14568497087287,2918.380326719852,3.5,-0.2
1.373046636581421,CLOSE_IN,0.8090182750661487,0.16929892909883265,0.46535823588854436,0.9280138918224214,15.01906647083702,2790.7272132201106,3.5,-0.2
1.3935320377349854,TRACK,0.8038233283754144,0.1655474384184559,0.49507550352804225,0.8889486820829438,16.052154339373228,2722.4018259043582,-0.36458799405049724,0.3344525615815441
1.4138226509094238,TRACK,0.7983949885616821,0.1622195050400045,0.45499984016040734,0.7021630847475739,15.33779262330838,2846.707573754887,-0.35807398627401854,0.3377804949599955
1.4343562126159668,TRACK,0.7926202946861951,0.15925033690039173,0.5578141004305212,0.8020935134743419,16.354230010420707,2670.7371264545964,-0.3511443536234341,0.3407496630996083
1.4549047946929932,TRACK,0.7865634977961593,0.1566854127844578,0.5209657150101137,0.8621953810882738,15.315823588502008,2874.51590152181,-0.34387619735539116,0.3433145872155422
1.4755010604858398,TRACK,0.7802194742496489,0.1545268658601283,0.5132200575158259,0.8446252511378245,15.42729410544938,2874.05461298167,-0.33626336909957866,0.3454731341398717
1.4958670139312744,TRACK,0.7736833992141614,0.15280195130946395,0.4511456121542361,0.8374908120777567,16.36378057341515,2942.7772872120695,-0.32842007905699366,0.34719804869053605
1.5162842273712158,TRACK,0.766874521854232,0.1514843133710634,0.5389776138620983,0.9382228342962124,15.081225055542964,2840.153838482779,-0.3202494262250784,0.3485156866289366
1.5365145206451416,TRACK,0.7598810939222871,0.15058739095346263,0.5563635414887302,0.6517099032594764,15.914063456730926,2844.4271000521676,-0.3118573127067445,0.34941260904653737
1.5570180416107178,TRACK,0.7525490823897223,0.15009491456485044,0.5147004429462987,0.7911844242860541,15.906656712093639,2829.1852836979183,-0.30305889886766674,0.34990508543514953
1.577359914779663,TRACK,0.7450388104833252,0.1500215400342944,0.5079586443054622,0.7810223019419537,15.247946431366236,2692.4962506153433,-0.29404657257999023,0.3499784599657056
1.5980145931243896,TRACK,0.7371796776115884,0.15037032554751859,0.45006495197534374,0.6638400596885624,16.024276316679764,2913.392779124768,-0.2846156131339061,0.3496296744524814
1.6187114715576172,TRACK,0.7290761475714351,0.15114705232132963,0.4855654171560491,0.9191057352601841,15.504597721840014,2854.56046939044,-0.27489137708572214,0.34885294767867037
1.639810562133789,TRACK,0.7205879452991188,0.1523777037679513,0.520937667125438,0.808353164312638,16.09439019585958,2854.14987213456,-0.2647055343589426,0.3476222962320487
1.6603872776031494,TRACK,0.7120970332047029,0.1540025431648691,0.4695425489110915,0.6834111070946521,15.33260116998334,2750.4327891577423,-0.2545164398456434,0.3459974568351309
1.6810355186462402,TRACK,0.7033735224696193,0.1560517649570184,0.5030584532242701,0.9478800694357489,15.60074768331262,2651.427241526586,-0.2440482269635431,0.3439482350429816
1.70149827003479,TRACK,0.6945358954248568,0.1584929714963672,0.4695324529191123,0.8419586660864098,16.407375719029066,2709.6026063297318,-0.23344307450982818,0.3415070285036328
1.7221522331237793,TRACK,0.685429872623425,0.1613671045162209,0.49633328974008006,0.6576904475529872,15.60227269618026,2886.2486166220306,-0.22251584714811004,0.33863289548377906
1.7424051761627197,TRACK,0.6763277824907242,0.16458081851396564,0.47335224185233343,0.7967327623525652,15.313665657558214,2710.26708673316,-0.21159333898886906,0.33541918148603433
1.7627649307250977,TRACK,0.6670136926647293,0.16820073738135116,0.5642886088832076,0.8920058795831324,16.621086372779512,2862.561620944012,-0.2004164311976752,0.33179926261864884
1.783207893371582,TRACK,0.6575048366861236,0.1722220888548457,0.5876541390917731,0.8497704268306132,15.796134753971184,2877.142610195169,-0.1890058040233483,0.3277779111451543
1.8040075302124023,TRACK,0.6476781412831665,0.1767042945110262,0.5998019907419181,0.8406318027025319,16.586004296554382,2688.3484971764046,-0.17721376953979975,0.3232957054889738
1.8249108791351318,TRACK,0.6376576477711282,0.18159808762454552,0.4661598609872717,0.9217006039406318,16.518005391939965,2902.4215878782206,-0.16518917732535385,0.31840191237545445
1.8454108238220215,TRACK,0.6276990399030661,0.18676818410270202,0.49670979795426906,0.9366575424274753,16.450552018815845,2760.6532332467696,-0.15323884788367928,0.313231815897298
1.86612868309021,TRACK,0.6175119369258354,0.1923573311555125,0.45229364123951926,0.8128155530379084,16.23722738057855,2724.4139126776076,-0.14101432431100247,0.3076426688444875
1.8868238925933838,TRACK,0.6072226734023984,0.19829624180522493,0.45995197720445846,0.931607068275492,15.618617146527964,2843.9082934299995,-0.12866720808287813,0.3017037581947751
1.9071688652038574,TRACK,0.5970067764965306,0.20447148485922095,0.45541123890243473,0.7056005210541232,15.894348656563444,2666.957475744198,-0.11640813179583666,0.29552851514077905
1.927767038345337,TRACK,0.5865717492515707,0.21105329013478735,0.4785289610008545,0.880757213284555,16.550419785566,2862.3267408172705,-0.10388609910188489,0.28894670986521265
1.9483516216278076,TRACK,0.5760610478497378,0.21795106177885604,0.572526273404987,0.7256294699893705,15.723272517926135,2680.770087432827,-0.09127325741968532,0.28204893822114396
1.9685194492340088,TRACK,0.5656927580356945,0.22500846541281624,0.559495391415888,0.7352070677765998,16.122618952065277,2903.9072330904887,-0.07883130964283343,0.27499153458718373
1.9890437126159668,TRACK,0.555079563688637,0.23248278393796568,0.48692608599611864,0.9132353992374769,16.525940255384654,2717.354702406661,-0.06609547642636437,0.2675172160620343
2.009694814682007,TRACK,0.5443481161529168,0.24028811172503023,0.5902564152855992,0.7287041644240729,16.435984769757383,2839.757220237336,-0.05321773938350014,0.25971188827496977
2.030348777770996,TRACK,0.5335726225396442,0.24836698617160116,0.5824687670191484,0.7914790031360073,16.044417912922718,2875.8439218932403,-0.04028714704757306,0.25163301382839887
2.0509819984436035,TRACK,0.5227757745634082,0.2566960636904374,0.4933066455734407,0.7569516155092331,15.845745761637493,2806.605710976456,-0.027330929476089814,0.2433039363095626
2.0715622901916504,TRACK,0.5119848830226039,0.2652468498914422,0.5936906186311395,0.6862819141957707,16.451694168064762,2909.545680419784,-0.014381859627124703,0.2347531501085578
2.0922114849090576,TRACK,0.5011463971293321,0.27405566094338074,0.5197015812985951,0.9113569172640477,15.68320910595251,2873.197031226571,-0.0013756765551984796,0.22594433905661926
2.1124954223632812,TRACK,0.4904984994523484,0.28291785315944823,0.5804133872174264,0.808407583048625,16.631868742800204,2917.2105652500695,0.011401800657181905,0.21708214684055177
2.133136749267578,TRACK,0.47967208133117917,0.29213388547568486,0.4625897328947809,0.8832666349023904,16.068348389052122,2916.382361877915,0.024393502402584998,0.20786611452431514
2.153705596923828,TRACK,0.4689030498410402,0.3015004140433729,0.4850926453226087,0.7250762004689625,15.73785239119527,2881.006310134211,0.03731634019075176,0.1984995859566271
2.174234628677368,TRACK,0.4581843714996485,0.31101500649819286,0.5961788101848499,0.6816030599133671,15.976740688347364,2698.786585198876,0.05017875420042177,0.18898499350180714
2.1947906017303467,TRACK,0.44749135723961025,0.3206923603857319,0.5757520616575156,0.7767017989548797,15.253220372560824,2674.9880570639907,0.06301037131246769,0.1793076396142681
2.215075731277466,TRACK,0.4369881249899328,0.33037366658416145,0.4680095907952118,0.8252679362954423,16.613049528906718,2695.115692041777,0.07561425001208066,0.16962633341583855
2.235718011856079,TRACK,0.4263599098140102,0.3403429596601391,0.5897432018662678,0.9149378993751964,16.294165920977306,2747.2552183072376,0.08836810822318779,0.1596570403398609
2.256242275238037,TRACK,0.41586243101413667,0.35035608379112265,0.48466982159108973,0.7709850937345035,15.311784222125326,2739.714508553135,0.100965082783036,0.14964391620887735
2.2769341468811035,TRACK,0.40535997231617726,0.3605355964258631,0.5012318564170063,0.9429861475328557,16.17421627645229,2834.6701121778447,0.11356803322058728,0.13946440357413692
2.297485828399658,TRACK,0.39501888601969803,0.3707130731404059,0.5335077812127942,0.7495186381439519,15.402195186629699,2937.689201630068,0.12597733677636236,0.1292869268595941
2.3181047439575195,TRACK,0.3847442294647898,0.38097354210484563,0.46793708984391,0.7270545721075087,16.064046561225293,2934.1184757841106,0.13830692464225222,0.11902645789515437
2.33893084526062,TRACK,0.37447827081544194,0.3913698924797197,0.48483043207394705,0.6793460188107412,15.916079017519253,2720.139430031169,0.15062607502146966,0.1086301075202803
2.3591480255126953,TRACK,0.3646295446215992,0.40147675907192887,0.519361965397733,0.765339454294626,15.969691121478142,2788.4080363854496,0.16244454645408096,0.09852324092807113
2.379554033279419,TRACK,0.3548150937734693,0.4116755231535149,0.4640602267866543,0.7307962104082617,16.082139101645268,2937.730416709458,0.1742218874718368,0.08832447684648509
2.4000027179718018,TRACK,0.34511656523194234,0.42187609963319683,0.5760167346871558,0.7696866734132027,16.3936616936615,2894.552819194171,0.18586012172166919,0.07812390036680317
2.4204893112182617,TRACK,0.33554617647572477,0.4320588892392939,0.5829828965328174,0.773231166959705,15.132248397766263,2877.298241821778,0.19734458822913029,0.06794111076070608
2.4412155151367188,TRACK,0.32602190888797256,0.4423059481618026,0.518948653428108,0.7599681904503587,15.590804090646468,2868.25723058867,0.20877370933443293,0.057694051838197424
2.461508274078369,TRACK,0.31685966626980877,0.4522684098594751,0.5209333431089275,0.68430097715941,15.470173313007013,2808.115762383598,0.21976840047622948,0.047731590140524915
2.482067346572876,TRACK,0.307750248272075,0.46227375604775967,0.5268973357602469,0.8832494146523878,16.06042777575357,2653.332696214744,0.23069970207351,0.037726243952240335
2.50254225730896,TRACK,0.2988598072844344,0.4721335405742309,0.5824374036220769,0.7302550793844261,15.60379846867065,2939.944073954457,0.2413682312586787,0.027866459425769097
2.5227293968200684,TRACK,0.290280011686318,0.4817364175775698,0.5708635571712938,0.9152655205264052,16.169613071115837,2716.5468904219742,0.25166398597641837,0.018263582422430202
2.5430517196655273,TRACK,0.281836996641926,0.49126900525324857,0.5248266052076792,0.7585304469931582,15.955097372532178,2700.203174879956,0.26179560402968877,0.00873099474675143
2.563322067260742,TRACK,0.273617502148359,0.5006270494997588,0.5743096465188299,0.760347670862562,15.862515629386722,2917.3680513083955,0.2716589974219692,-0.0006270494997587805
2.5836615562438965,TRACK,0.2655803252719401,0.5098507865719462,0.52691431465165,0.7964244074791235,16.167513611573128,2828.5397288545023,0.2813036096736719,-0.009850786571946157
2.6041226387023926,CLOSE_IN,0.257715259755497,0.5189462479014232,0.4701816581906437,0.7317589294477461,14.820405429892348,2874.2002401780314,3.5,-0.2
2.624852180480957,CLOSE_IN,0.24997975247861393,0.527957880074841,0.554243112906425,0.85098048464247,15.213987674832644,2817.0457564866956,3.5,-0.2
2.6453871726989746,CLOSE_IN,0.2425551434898799,0.5366681602893418,0.5806843197973326,0.7611749225090623,15.546737452381251,2761.4006190685227,3.5,-0.2
2.6657156944274902,CLOSE_IN,0.23544573441143862,0.5450638827852163,0.4664938608416282,0.8428787051779364,14.645442401429332,2724.133922478388,3.5,-0.2
2.686469078063965,CLOSE_IN,0.22844151718472133,0.5533876510165835,0.5697480624905209,0.9224763609367753,15.148911520985218,2925.439151973192,3.5,-0.2
2.707129716873169,CLOSE_IN,0.22172997113060156,0.5614117902788833,0.47496616819311455,0.7413441543250149,15.832175763399643,2925.944323329375,3.5,-0.2
2.7276666164398193,CLOSE_IN,0.21532345314537382,0.5691148059529243,0.47197313965631454,0.8218687340311566,15.271127403157234,2847.225154817935,3.5,-0.2
2.7478082180023193,CLOSE_IN,0.2093025911329583,0.5763925485673521,0.49280579231273475,0.706551297706721,14.561066391016062,2864.8394565164735,3.5,-0.2
2.768381357192993,CLOSE_IN,0.20342668333733405,0.5835306702676114,0.45990486882468035,0.8552817350717414,15.049760589090676,2697.4117519328197,3.5,-0.2
2.7889015674591064,CLOSE_IN,0.1978472098571632,0.5903409588987951,0.5619259000583162,0.8742646481971054,15.867395053951237,2767.8942298946095,3.5,-0.2
2.8092503547668457,CLOSE_IN,0.19259700100176402,0.5967778419718948,0.4820791708493056,0.7525532863479933,14.784683081388447,2721.039314364475,3.5,-0.2
2.8294222354888916,CLOSE_IN,0.18767507313974374,0.6028371545593888,0.4541099042609907,0.9228221970140462,15.08036285968945,2721.5526830216677,3.5,-0.2
2.8500213623046875,CLOSE_IN,0.18294399969591513,0.6086840779755024,0.5418034730952144,0.8450034471418019,15.73745174512715,2724.78596565378,3.5,-0.2
2.87062668800354,CLOSE_IN,0.17851431809939433,0.6141784514987658,0.5152455389650649,0.6578653053364951,14.554954823731997,2847.5563789122025,3.5,-0.2
2.8911983966827393,CLOSE_IN,0.17439820215106622,0.6193010638623215,0.5036140290974758,0.9254384152732754,14.77650711657812,2864.971197631475,3.5,-0.2
2.911677598953247,CLOSE_IN,0.17060851193570775,0.6240319768151115,0.5020796622030985,0.8926633746526911,14.50075194560836,2681.410560632441,3.5,-0.2
2.9318785667419434,CLOSE_IN,0.16717479316834155,0.6283304897922943,0.5175360651391756,0.842304206944999,15.56317694764812,2681.014674859814,3.5,-0.2
2.9520578384399414,CLOSE_IN,0.16404983849659854,0.6322523316930841,0.5296599334963816,0.8476262942293991,14.623508986367263,2725.2364051089353,3.5,-0.2
2.9722812175750732,CLOSE_IN,0.16122684144379829,0.635803256456842,0.5985683582799082,0.8119230244352839,15.349931793065652,2914.6277067407423,3.5,-0.2
2.9927010536193848,CLOSE_IN,0.1586927063075842,0.6389973126107862,0.5505592702371649,0.8340778975427393,15.03230028799872,2904.382195909003,3.5,-0.2
3.0129189491271973,CLOSE_IN,0.15649907461171675,0.6417671267596587,0.5371904995624501,0.8329482413507985,14.256661046757001,2880.164288002097,3.5,-0.2
3.0333917140960693,CLOSE_IN,0.15459969548830693,0.6441690867549038,0.5993128605181655,0.7784924648185261,14.862405072892264,2871.472771254102,3.5,-0.2
3.0539016723632812,CLOSE_IN,0.15302345954013824,0.6461649910754326,0.5149832847615402,0.9488476493440815,13.877885883122444,2654.4508590458304,3.5,-0.2
3.0744705200195312,CLOSE_IN,0.15177249560523715,0.6477506906369171,0.587045550207686,0.6563224360527677,14.158505745717637,2742.513628368275,3.5,-0.2
3.0947086811065674,CLOSE_IN,0.1508651479277312,0.6489017516050941,0.5692840020481743,0.7781891205669318,14.170646678079228,2909.7069797104045,3.5,-0.2
3.115325927734375,CLOSE_IN,0.15027162908259123,0.6496551088855248,0.4975372232710864,0.8882275880332372,15.093638873890983,2714.4063829537085,3.5,-0.2
3.135833501815796,CLOSE_IN,0.1500130597515117,0.6499834162687721,0.5405174322858561,0.6553504010324213,13.7534955502149,2678.4824577589025,3.5,-0.2
3.156050682067871,CLOSE_IN,0.15008230414291424,0.6498954899886371,0.4683006346338529,0.8035607038059189,14.150021650724337,2808.251594328192,3.5,-0.2
3.1772592067718506,CLOSE_IN,0.15050077110183002,0.6493642181539943,0.5474022189183592,0.895384007675707,14.752654525416949,2760.9360043496386,3.5,-0.2
3.1980583667755127,CLOSE_IN,0.15125467301289514,0.6484075051881728,0.5227323505946831,0.7496829061864415,14.768988070540901,2848.910434146131,3.5,-0.2
3.2186920642852783,CLOSE_IN,0.15233796810840228,0.6470337249245693,0.47238070242653296,0.7318588339060201,14.58379312357918,2917.31164899795,3.5,-0.2
3.2398951053619385,CLOSE_IN,0.15379806360287263,0.6451838574087079,0.48627528364334227,0.884411889611217,14.260038411225326,2857.0453805478837,3.5,-0.2
3.2607803344726562,CLOSE_IN,0.15557861286493457,0.6429307183897487,0.5112562611910789,0.7008462278426064,13.883043646654428,2881.9779096214293,3.5,-0.2
3.281061887741089,CLOSE_IN,0.15763120055730373,0.6403370642634985,0.4680138195875439,0.8632903093815064,14.676323539562723,2844.674751491552,3.5,-0.2
3.3013150691986084,CLOSE_IN,0.15999709743995916,0.6373524773312133,0.49940832190191703,0.9111087624722621,13.408710129236404,2894.189087915421,3.5,-0.2
3.3214643001556396,CLOSE_IN,0.16266221867856578,0.6339968060137731,0.45040951800733786,0.8780508692921891,14.257801674096601,2809.96865021105,3.5,-0.2
3.341586112976074,CLOSE_IN,0.16563121405828318,0.630266521998496,0.5641751408764796,0.8903834126288195,13.60029589034705,2825.6726879119087,3.5,-0.2
3.3617804050445557,CLOSE_IN,0.16891713365938416,0.6261479144823039,0.5617200433711408,0.671768128351328,13.91239005556479,2736.630304988645,3.5,-0.2
3.382359266281128,CLOSE_IN,0.17257810864905704,0.6215714672346904,0.47063404510431456,0.8347380105468472,13.431613322670069,2895.044401565479,3.5,-0.2
3.402561902999878,CLOSE_IN,0.17647563224482465,0.6167135870461661,0.4992622564197124,0.7253613398318888,13.788360548464613,2822.227203520827,3.5,-0.2
3.423142194747925,CLOSE_IN,0.18075145069062726,0.6114012138120652,0.5745370140128455,0.8942753195197111,13.159086112916686,2921.2933276555495,3.5,-0.2
3.4435017108917236,CLOSE_IN,0.1852807521588059,0.6057934336526151,0.4675513309029336,0.7447073466550811,12.765677429455106,2820.1994857001114,3.5,-0.2
3.4640753269195557,CLOSE_IN,0.19015581291319728,0.5997801499993323,0.46185001415880655,0.8694879020020844,12.761070603107573,2890.9493557867486,3.5,-0.2
3.4846270084381104,CLOSE_IN,0.19532026773502792,0.5934356152977093,0.5376891087089724,0.8940959061469099,13.488941448663056,2727.1319071430644,3.5,-0.2
3.50480055809021,CLOSE_IN,0.20067131562178353,0.5868899497405633,0.46694824878196795,0.9325341845199643,13.333259635726918,2654.5765157027263,3.5,-0.2
3.5253372192382812,CLOSE_IN,0.20640016230635827,0.5799140772347838,0.49913214610331263,0.9461470222855501,13.761656106142263,2681.9587411835937,3.5,-0.2
3.54544734954834,CLOSE_IN,0.21228003277097562,0.5727889201745137,0.5144960900274502,0.8378389747000055,13.280895925390912,2774.236185243513,3.5,-0.2
3.5658817291259766,CLOSE_IN,0.21852283120274113,0.5652626714086662,0.5131343962559494,0.6708822107771523,12.875309588691682,2785.9964311416766,3.5,-0.2
3.5862066745758057,CLOSE_IN,0.22499451965750622,0.5575029264371472,0.45411807372096835,0.9141479076651519,13.38657256829781,2758.9293377977556,3.5,-0.2
3.6064326763153076,CLOSE_IN,0.23168844299445035,0.5495226084072873,0.4733980631859589,0.8788146311422596,13.060388180175314,2767.007783067099,3.5,-0.2
3.6269607543945312,CLOSE_IN,0.2387348178154144,0.5411730239578211,0.49345682346713715,0.8492483251372563,12.54058755426234,2663.127202810038,3.5,-0.2
3.6474757194519043,CLOSE_IN,0.2460241558684152,0.5325910690176499,0.5879769653786258,0.9376683325031148,13.449169167521665,2651.716027723733,3.5,-0.2
3.668104887008667,CLOSE_IN,0.2535965524963534,0.5237363208431083,0.4713582559763297,0.906591708255465,12.390503641691266,2910.0405731833653,3.5,-0.2
3.6885693073272705,CLOSE_IN,0.2613415922786164,0.5147441632982439,0.5226906807032996,0.9121295379233325,12.093698996830588,2653.3579909440864,3.5,-0.2
3.70917010307312,CLOSE_IN,0.26936534736970297,0.5054980015795313,0.5040253830514161,0.7459532111415909,13.396910918167281,2723.9451589715623,3.5,-0.2
3.729583501815796,CLOSE_IN,0.27753335314273986,0.4961592716603011,0.5558553408723598,0.8604014604427932,12.750401796014955,2754.650815356511,3.5,-0.2
3.7498552799224854,CLOSE_IN,0.2858511110474468,0.4867266995425347,0.5333360108207472,0.7718463230673235,12.038997353056484,2733.635896052363,3.5,-0.2
3.7704243659973145,CLOSE_IN,0.2944931882989372,0.47701017555098013,0.48206966681070423,0.9422394988196825,12.471941695628438,2749.464626612438,3.5,-0.2
3.790745735168457,CLOSE_IN,0.30322331695715743,0.46728263861513747,0.47779512474562785,0.6915044550976011,12.585082577261538,2751.2709998391624,3.5,-0.2
3.810988187789917,CLOSE_IN,0.31210131181894046,0.45748237914580886,0.5780461122866436,0.6901334066784859,11.63394064618088,2873.521951140722,3.5,-0.2
3.8318593502044678,CLOSE_IN,0.3214363321122127,0.4472792725800392,0.5377284228688128,0.659178993622378,12.870269269632317,2695.881754589552,3.5,-0.2
3.8526740074157715,CLOSE_IN,0.3309203758376045,0.43702173888021645,0.5072495966292322,0.6744489883383631,12.125703307379537,2814.2441873446896,3.5,-0.2
3.872882604598999,CLOSE_IN,0.3402860391229057,0.4270013329243647,0.5816182704069819,0.717182523702941,11.528224890800406,2831.5045229278353,3.5,-0.2
3.893721342086792,CLOSE_IN,0.3500973262043767,0.41662246530620267,0.5721395189470537,0.8962728994292335,12.846755884669042,2801.1841285639366,3.5,-0.2
3.913987636566162,CLOSE_IN,0.35977965498159564,0.4065008573643665,0.5019828956133402,0.9142600605419018,11.973859961287582,2661.252879319765,3.5,-0.2
3.934342861175537,CLOSE_IN,0.3696348826859971,0.3963241103700081,0.4845734489187545,0.6683983505092834,11.942476393066999,2894.1658662205573,3.5,-0.2
3.9544999599456787,CLOSE_IN,0.3795139704907441,0.3862523666789319,0.5297746454457224,0.6578729663261103,12.089299978721332,2667.5474438931615,3.5,-0.2
3.975062370300293,CLOSE_IN,0.389705123977392,0.3760012353380289,0.4894028432064734,0.8186561931811596,11.854268766754348,2824.0060257065957,3.5,-0.2
3.9956555366516113,CLOSE_IN,0.40001666975330097,0.3657754529277695,0.5417818717950937,0.7651908635909994,11.581381834715982,2757.3092977146016,3.5,-0.2
4.016186714172363,CLOSE_IN,0.4103921498455987,0.3556382200930016,0.5088100843769074,0.810043117670461,11.666513753560118,2878.894287912893,3.5,-0.2
4.036482810974121,CLOSE_IN,0.4207323955275571,0.34569050323262895,0.536402904525385,0.7069758772850053,12.02283184190803,2718.7603728478202,3.5,-0.2
4.056831121444702,CLOSE_IN,0.4311729811110903,0.3358070293897005,0.5187381243366067,0.7313115901580713,10.904585590045862,2940.3258911048038,3.5,-0.2
4.077079772949219,CLOSE_IN,0.4416260936209493,0.326077458065938,0.5507516800112863,0.8322837837383518,12.105346690234086,2913.019297671119,3.5,-0.2
4.097299575805664,CLOSE_IN,0.4521180497702306,0.3164827009617474,0.4605560848834131,0.8942582425376242,10.998819160498734,2924.6643177781275,3.5,-0.2
4.118277311325073,CLOSE_IN,0.4630497157075077,0.3066728293572337,0.5770515184511806,0.8735635644535302,11.101227748518047,2844.0841022291074,3.5,-0.2
4.1390533447265625,CLOSE_IN,0.47391236460198527,0.2971191210811353,0.5509246222847566,0.8434494983566128,11.031009564171299,2705.445170704764,3.5,-0.2
4.159449100494385,CLOSE_IN,0.48460089278199,0.28791294357923564,0.5660249969352007,0.7379759040560725,10.71721374985172,2905.5199207187684,3.5,-0.2
4.179566860198975,CLOSE_IN,0.49515789856429937,0.2790148657790324,0.4613232730600318,0.7539066014917379,11.495133896709895,2938.1626469293337,3.5,-0.2
4.199977874755859,CLOSE_IN,0.5058732510551548,0.2701872907026702,0.47425271572462624,0.86200389321991,10.983709153732306,2939.1868753499493,3.5,-0.2
4.220326662063599,CLOSE_IN,0.516550465870555,0.26160192040209446,0.4984190300568091,0.7158271660041504,10.560078606688911,2744.111506176053,3.5,-0.2
4.241008281707764,CLOSE_IN,0.5273864670390549,0.25311105239869813,0.5503649896285457,0.6794958368172999,11.692134567264109,2785.7775454966927,3.5,-0.2
4.26122522354126,CLOSE_IN,0.5379536057955634,0.24505372947897955,0.48238743764198944,0.7280088344668184,11.014052772613018,2698.7989219908936,3.5,-0.2
4.281559228897095,CLOSE_IN,0.5485467089535236,0.23720526790911722,0.5660666763845924,0.7721288170988607,10.576506115489426,2796.4533395007784,3.5,-0.2
4.302249431610107,CLOSE_IN,0.5592789624381069,0.22949572007246433,0.500984534162154,0.6751245890223578,10.969210499124282,2886.8771610063022,3.5,-0.2
4.322687864303589,CLOSE_IN,0.5698246063781108,0.2221665478022639,0.5863836065537675,0.7529688773375673,10.820376784042802,2686.2726181301427,3.5,-0.2
4.342889308929443,CLOSE_IN,0.5801835232963719,0.21521427003088087,0.45629611059275793,0.9252572787957271,11.296793422901237,2914.3197837752136,3.5,-0.2
4.363077163696289,CLOSE_IN,0.5904619273977012,0.208567964431344,0.5777867744412486,0.6940768115145084,10.787145886475276,2656.3256311938303,3.5,-0.2
4.3834145069122314,CLOSE_IN,0.6007325487750883,0.20218797396710333,0.47852725900809767,0.6574601560359179,10.067709381444894,2772.5570259240953,3.5,-0.2
4.4036290645599365,CLOSE_IN,0.610848291819874,0.19617074574418142,0.5400173446025966,0.7622334471391755,10.648167440243256,2948.0819091804256,3.5,-0.2
4.424395799636841,CLOSE_IN,0.621134146073877,0.1903361308546888,0.47066329310272975,0.935296738198369,10.716868387189178,2924.4111640780307,3.5,-0.2
4.444852113723755,CLOSE_IN,0.6311513873481401,0.1849422413342856,0.5169559505221841,0.7388280982924561,9.92406519154447,2880.6225678558926,3.5,-0.2
4.4654271602630615,CLOSE_IN,0.6411022011675264,0.17988012376347146,0.5161240997124262,0.8329191474211806,11.027224466327311,2926.7980597988776,3.5,-0.2
4.486076831817627,CLOSE_IN,0.6509539739078021,0.1751743689501187,0.5759928302792845,0.793732841512197,10.76346992675181,2904.6932510196934,3.5,-0.2
4.507375478744507,CLOSE_IN,0.6609635492408618,0.17072248531930137,0.45274125860794817,0.8744907833506973,10.661487646368236,2791.628097480188,3.5,-0.2
4.527791261672974,CLOSE_IN,0.6704041381558993,0.16684550348479416,0.46857039661892225,0.652809311995655,10.019301743823423,2787.1180704615213,3.5,-0.2
4.5483293533325195,CLOSE_IN,0.6797400340461446,0.16333747185191225,0.5025644000595444,0.8255296639894829,9.631313245003158,2731.975219589838,3.5,-0.2
4.568870544433594,CLOSE_IN,0.6889067256497043,0.16022825485082642,0.4532468902474649,0.7397328958756066,10.473649601074515,2920.28850715391,3.5,-0.2
4.589326858520508,CLOSE_IN,0.6978573343391232,0.15753399512167002,0.5314886962900925,0.7774745362773196,9.643472578084914,2841.4785615494307,3.5,-0.2
4.60970139503479,CLOSE_IN,0.7065870126201674,0.15525386420386303,0.5468804690608133,0.8816324054408154,10.36973823628395,2724.788126009015,3.5,-0.2
4.630377531051636,CLOSE_IN,0.7152486263938573,0.1533554060968934,0.5745446967336746,0.7511817496781084,10.238114920797653,2831.7900647766646,3.5,-0.2
4.650942325592041,CLOSE_IN,0.7236582540735569,0.15188547091416765,0.5951128540399315,0.7332675039169465,9.307954157850853,2707.8927841104282,3.5,-0.2
4.671660423278809,CLOSE_IN,0.7319153623201083,0.15082894917198314,0.45986860563854104,0.7051083690866231,9.332019387311162,2823.7235097729595,3.5,-0.2
4.692216157913208,CLOSE_IN,0.7398864442042209,0.15020344378432798,0.5637368189269608,0.8517255188377854,10.024484317419924,2725.915079878255,3.5,-0.2
4.712754964828491,CLOSE_IN,0.7476232009082285,0.1500000669723036,0.5331102798194318,0.8128713393337057,10.37641627117639,2944.888064598851,3.5,-0.2
4.733292818069458,CLOSE_IN,0.7551246029137735,0.15021845339297024,0.5298997746336648,0.6678384880854342,8.959063426750546,2677.790289483637,3.5,-0.2
4.753775358200073,CLOSE_IN,0.7623646765361665,0.15085592728026392,0.4968850538461478,0.7218090395628601,10.062170831387235,2773.3462432364145,3.5,-0.2
4.7739949226379395,CLOSE_IN,0.7692689311449463,0.1518952465679302,0.5735623213870464,0.6788760667308507,9.298196019225015,2868.619844503733,3.5,-0.2
4.794593572616577,CLOSE_IN,0.7760479081392104,0.1533711934978392,0.5301781157689788,0.9321258420547043,8.955230924008418,2756.098319769944,3.5,-0.2
4.815020799636841,CLOSE_IN,0.7825102499695296,0.155248179411595,0.4991255990096749,0.9355073451981799,9.919134880468548,2793.806993837699,3.5,-0.2
4.835482358932495,CLOSE_IN,0.7887175636890553,0.15753780339156584,0.5501514212386032,0.6600015111638662,8.829066666180802,2775.031796951461,3.5,-0.2
4.855986833572388,CLOSE_IN,0.7946650799812927,0.16023949984475744,0.5179920408959102,0.702650455765924,9.592797838295075,2756.870500019594,3.5,-0.2
4.876265525817871,CLOSE_IN,0.8002729884392943,0.16330798748451436,0.4674804852297658,0.7457743418752996,8.507892619504826,2881.0829767365867,3.5,-0.2
4.896785497665405,CLOSE_IN,0.8056648145881455,0.16680921906565152,0.5384903102156794,0.8310975366228541,9.338672465875,2782.786585728553,3.5,-0.2
4.9173126220703125,CLOSE_IN,0.8107688023999641,0.17070457840139666,0.4622379937044664,0.7867559525019837,8.760599495278852,2785.688521146239,3.5,-0.2
4.937870025634766,CLOSE_IN,0.8155850583732782,0.17499294763151907,0.5510869500275276,0.6965720447488204,9.043849557264966,2836.519344962063,3.5,-0.2
4.958434104919434,CLOSE_IN,0.8201026765763269,0.17966319837901862,0.4876936781684483,0.7454694496329712,9.211699104469863,2732.8074360984756,3.5,-0.2
4.9789557456970215,CLOSE_IN,0.8243073684597579,0.18469531676331646,0.49767839957764737,0.6532026949049046,9.583027031700993,2675.990991210871,3.5,-0.2
4.999507904052734,CLOSE_IN,0.8282103490776912,0.1900983640546588,0.4950772459140474,0.9468754178994931,9.085112146179029,2652.1866408149267,3.5,-0.2
5.020083904266357,CLOSE_IN,0.8318054131892448,0.1958628852875164,0.5657921589313145,0.7863313735925961,8.632697028300981,2826.115951782392,3.5,-0.2
5.0405592918396,CLOSE_IN,0.8350691693837573,0.20194235928787138,0.5123183368143754,0.6891998113383109,9.438351183839474,2861.628004027423,3.5,-0.2
5.061058044433594,RAM,0.8380200639962017,0.20836142486170475,0.5050129791919492,0.9183447389030021,9.53406956658146,2943.339974933018,5.0,0.0
5.081770658493042,RAM,0.8406771627062465,0.21517453804857592,0.511147342183824,0.8426359940659469,8.925336124885296,2889.2107209627907,5.0,0.0
5.102207183837891,RAM,0.8429765774253841,0.22220770036125695,0.5915826518369944,0.8209144000105979,8.12739486735375,2748.1890643820193,5.0,0.0
5.122667551040649,RAM,0.8449558344247744,0.22954656253025416,0.5010543008036434,0.7152684914205254,8.4585724620463,2721.80103791395,5.0,0.0
5.142886161804199,RAM,0.8465925549771895,0.23707910618632846,0.5078089855777326,0.7967578890535348,9.428484014866328,2943.1909791708576,5.0,0.0
5.163361549377441,RAM,0.8479251928456661,0.24497872141124646,0.49434595784987556,0.7897042730135573,8.534060624843336,2761.128349830271,5.0,0.0
5.184133052825928,RAM,0.8489417752804915,0.2532581092323347,0.4571680955499959,0.6838195112000551,8.153259032722158,2856.2358194939598,5.0,0.0
5.204714298248291,RAM,0.8496149716332194,0.26171145094988374,0.5071293985336985,0.8715813160664426,7.85565575060861,2782.431608947242,5.0,0.0
5.225430965423584,RAM,0.8499561191226025,0.2704569756399775,0.523228143299087,0.7246625408133003,8.039576990781011,2699.7967390347167,5.0,0.0
5.24626350402832,RAM,0.8499584243677174,0.2794756130318835,0.571107317832683,0.81087270135621,9.11561440614228,2874.7297454120026,5.0,0.0
5.266993522644043,RAM,0.8496215336859447,0.28865755011336774,0.5575798188480512,0.6651013554772707,8.437200518213032,2912.7821768742165,5.0,0.0
5.287740468978882,RAM,0.8489459318260335,0.2980385780559768,0.525668563871565,0.7677376009783936,8.76547856104327,2811.966770145937,5.0,0.0
5.308409214019775,RAM,0.8479368635010257,0.30755880165530025,0.4703636449566695,0.8888605262496403,8.040227383926313,2856.8812407636656,5.0,0.0
5.3289954662323,RAM,0.8465994125236409,0.31719804567672205,0.5434108361343167,0.9476074035243828,8.302734710362811,2887.2314587208566,5.0,0.0
5.349533557891846,RAM,0.844935779285209,0.32695460386280883,0.46640258147769326,0.8565405376532241,7.8139173278282765,2903.0108286673217,5.0,0.0
5.370345115661621,RAM,0.8429160902388536,0.336966696895187,0.5541346592302301,0.8798331949269893,8.715707148495667,2678.8562540872376,5.0,0.0
5.390765190124512,RAM,0.8406095970477772,0.3468966872631064,0.5801736742504211,0.7034380916839161,8.249823251720922,2688.339643162796,5.0,0.0
5.411023378372192,RAM,0.8380056366022481,0.356835507527351,0.5364448913778246,0.9271964127447787,7.962162873526778,2716.8341651031456,5.0,0.0
5.431344270706177,RAM,0.8350800825332263,0.3668762512995758,0.5974660357040169,0.6824846650071353,8.67254684236512,2696.2901703457424,5.0,0.0
5.451839447021484,RAM,0.8318141265398986,0.3770584727549075,0.527201956327935,0.8518243271761062,8.020923460197636,2694.9722910718137,5.0,0.0
5.4722771644592285,RAM,0.8282450624763192,0.38725054323497415,0.5310096607747483,0.8922920271017573,8.685650619625184,2901.7684915584264,5.0,0.0
5.492886066436768,RAM,0.8243337589861007,0.3975495005693323,0.46500502162635005,0.758572909352476,7.89964045050801,2783.201052600149,5.0,0.0
5.5134899616241455,RAM,0.8201135981929938,0.40785011832562407,0.5983045626511139,0.9275691194111195,8.723624609760577,2724.7251524270673,5.0,0.0
5.534138202667236,RAM,0.8155776306889295,0.4181595222500528,0.5393332517913163,0.9249193126565525,8.829808599712608,2718.751985069148,5.0,0.0
5.554640054702759,RAM,0.8107743171030526,0.42836524070630694,0.4548644986190457,0.9439550645997357,8.142325371454737,2757.9774667594534,5.0,0.0
5.574961185455322,RAM,0.8057233183211008,0.43843399134011646,0.5492130445697091,0.7775570577667982,8.111603534140949,2927.28995447163,5.0,0.0
5.595358371734619,RAM,0.800367788946529,0.4484765722573518,0.5729407303634924,0.9209050532353389,7.771664265040707,2671.5302998838847,5.0,0.0
5.615531921386719,RAM,0.7947944134687183,0.4583297642632769,0.5779604868900206,0.797911631520257,8.430276841498504,2934.384236176779,5.0,0.0
5.63621187210083,RAM,0.7888010125202078,0.4683316087998721,0.4822664770343395,0.8329975623316256,7.692339963942532,2927.797807814215,5.0,0.0
5.656542062759399,RAM,0.7826380825330905,0.4780504594375481,0.4953176186295321,0.677085598372873,8.519338921439413,2673.786718783289,5.0,0.0
5.6767683029174805,RAM,0.7762458441658145,0.4875916108474429,0.5352966903574106,0.8447992807222635,7.794133994582328,2783.962161583191,5.0,0.0
5.697589159011841,RAM,0.7694001668839312,0.49726339992267754,0.4664850616602191,0.8228463363892283,7.488676442632789,2762.9758905330677,5.0,0.0
5.7180492877960205,RAM,0.7624170934623056,0.5066034392421789,0.49946557627678845,0.7997512505098633,7.7309858212787415,2816.8969463030394,5.0,0.0
5.738421201705933,RAM,0.7552185662613553,0.5157259040651779,0.5727367501404719,0.8352368330763623,7.377468652343679,2748.0024860634444,5.0,0.0
5.759095907211304,RAM,0.7476694413839411,0.5247874932719682,0.5199816768412331,0.7431506667057143,8.220992073895566,2792.9746460201263,5.0,0.0
5.779351711273193,RAM,0.7400422381561305,0.53345869216303,0.5351081633809454,0.6943132921295221,7.528556828294405,2711.946834120444,5.0,0.0
5.799642086029053,RAM,0.7321798714058492,0.5419251201300177,0.46732552760300217,0.7929589887412452,7.8348542789997335,2651.5668136058357,5.0,0.0
5.819809436798096,RAM,0.7241520555167291,0.5501086732898127,0.5218329244167065,0.7292558483644592,7.959034419511237,2715.4561220214987,5.0,0.0
5.840458631515503,RAM,0.7157199777904633,0.5582346452584875,0.4717050522489007,0.7244205663108575,7.341887427699766,2656.960992104763,5.0,0.0
5.8609843254089355,RAM,0.7071332280731154,0.5660446194411033,0.5499889469368019,0.8487161590467004,7.974317800866032,2668.57437338155,5.0,0.0
5.881534576416016,RAM,0.6983395227506558,0.5735836482971354,0.46456561583711425,0.6541396963430484,8.0106411965797,2718.6175635383015,5.0,0.0
5.901767015457153,RAM,0.6894976712911851,0.5807197285269183,0.5883767314488964,0.736576438510197,8.252607866463563,2792.4417504695857,5.0,0.0
5.922024965286255,RAM,0.6804698227900912,0.5875683706863748,0.5000302238757296,0.8933393938954205,7.725377559210496,2815.6369664100303,5.0,0.0
5.942408800125122,RAM,0.671217708867261,0.5941488142525702,0.46534149942531916,0.9417864409368432,7.565737607154861,2890.9652250706067,5.0,0.0
5.962784767150879,RAM,0.6618092026678171,0.6004042748032153,0.4906420148917861,0.8517077206722398,7.3452786467982065,2651.228440278595,5.0,0.0
5.983086109161377,RAM,0.6522848296016707,0.6063058939596714,0.5811503596212441,0.8125994308735838,8.138937819591648,2863.0006164866836,5.0,0.0
6.0034027099609375,RAM,0.6426119342446945,0.6118714984076369,0.5003235038236381,0.8343635530013049,7.344973093442909,2852.680306124218,5.0,0.0
6.024103879928589,RAM,0.6326197810864058,0.6171826389457626,0.5252732037968343,0.9377706079372321,8.330297702362246,2828.9914743605154,5.0,0.0
6.044567823410034,RAM,0.6226164234255133,0.6220670912117764,0.5947882954483943,0.8907090013707948,8.452805141826987,2919.4648752984604,5.0,0.0
6.064726114273071,RAM,0.6126494816096786,0.6265149865817075,0.5796254800320323,0.8564709179447885,8.547582910634,2769.7272583060058,5.0,0.0
6.0852015018463135,RAM,0.6024203750852626,0.6306559469565016,0.5254361315011739,0.7207048462303869,8.058610915095878,2783.2966252396136,5.0,0.0
6.1055803298950195,RAM,0.5921435700837445,0.6343933724920893,0.5674716770764829,0.6596158483565928,7.86211151666749,2866.156504204197,5.0,0.0
6.1262218952178955,RAM,0.5816465461049825,0.6377820797389944,0.4795159567522351,0.9475032228242349,7.742315486101581,2781.010311114391,5.0,0.0
6.146711111068726,RAM,0.5711495717825019,0.640745069894216,0.5214204267663949,0.8554919473393967,7.5586787887428635,2650.043047190566,5.0,0.0
6.167120695114136,RAM,0.5606265723004897,0.6432946932559573,0.5709416064838011,0.8760429539146145,8.727887845714559,2698.7699281512355,5.0,0.0
6.187510251998901,RAM,0.5500571617988572,0.6454370899615631,0.46223545049607595,0.9301945641795992,7.882919195324859,2942.181202691249,5.0,0.0
6.207729816436768,RAM,0.5395296076874406,0.6471586330746761,0.45014707110878904,0.8289612462722493,8.719158467204645,2807.666825820625,5.0,0.0
6.228219032287598,RAM,0.5288246105689078,0.648490875066445,0.47475694684461106,0.699333526359956,8.02298276729305,2897.3854871696412,5.0,0.0
6.248772621154785,RAM,0.518058638056438,0.6494081172179933,0.512957183580275,0.7117649858915891,8.126169374928496,2690.366056826019,5.0,0.0
6.269158124923706,RAM,0.5073637273185657,0.649901625531348,0.5834814478021692,0.8089173654076397,7.951974575597761,2672.777422410588,5.0,0.0
6.289811611175537,RAM,0.496521247682058,0.6499780463689921,0.5184617129740867,0.8191816206972868,8.865158542691177,2677.1223219940457,5.0,0.0
6.310453653335571,RAM,0.48568810971759413,0.6496283107874055,0.5156971175907588,0.8506472416142024,7.517284907890995,2863.1043531145356,5.0,0.0
6.33087682723999,RAM,0.4749833022169742,0.6488636214064305,0.5931431096255342,0.6724265736050634,8.15018682587921,2887.2376998190475,5.0,0.0
6.351207494735718,RAM,0.46435028370119674,0.6476900570153353,0.5270388911501241,0.6502478510852339,8.371199836487236,2881.8639082321797,5.0,0.0
6.37166953086853,RAM,0.4536820542292898,0.6460954771545284,0.5991380407498261,0.6939765010822054,7.755155072902156,2667.01642987789,5.0,0.0
6.391916275024414,RAM,0.44316898113172654,0.64411204657544,0.47629943595011676,0.8106346391332133,7.786905564999115,2826.328490175888,5.0,0.0
6.412360906600952,RAM,0.4326063720480542,0.6417031347666957,0.599379426105663,0.6548203871958187,8.177518776606455,2797.312322951396,5.0,0.0
6.432644367218018,RAM,0.42218963409986054,0.6389139118370487,0.46565808824354804,0.6972292297950906,8.023446939372866,2732.1646475605094,5.0,0.0
6.453228950500488,RAM,0.41169193534630255,0.6356813882421554,0.49010560766477335,0.8967826785407854,8.068343302975249,2773.040325975937,5.0,0.0
6.47399640083313,RAM,0.4011863178528542,0.6320154278691581,0.4554058274039323,0.7577614564471291,7.979494031129972,2818.360685499855,5.0,0.0
6.494302988052368,RAM,0.39100647708666925,0.628043791918397,0.5229786299554587,0.8807923445472375,9.00161828687034,2844.243593793139,5.0,0.0
6.514521837234497,RAM,0.38097106907590744,0.6237156494263427,0.4544230734743199,0.8883044131648119,7.9528548466484095,2746.523742656832,5.0,0.0
6.534940719604492,RAM,0.3709475122834701,0.6189734944413962,0.5002651149483319,0.6920154105321823,8.916474824792193,2777.113347345276,5.0,0.0
6.5555384159088135,RAM,0.3609588526491953,0.6138198890150779,0.485010472645773,0.818010858906069,7.9722766485442715,2919.651416386741,5.0,0.0
6.576153039932251,RAM,0.3510948679454913,0.6082987894248089,0.5724614757803388,0.6840840625909574,9.114472438653587,2754.594766025745,5.0,0.0
6.596733570098877,RAM,0.3413892055451031,0.6024336666479233,0.5599692960443043,0.9235486390662563,7.935940945745216,2690.737153765346,5.0,0.0
6.61706280708313,RAM,0.3319504030918381,0.596303450782644,0.5894877625987389,0.9424103001842805,8.212283067158344,2710.736308472839,5.0,0.0
6.637692213058472,RAM,0.32253200749177113,0.5897510844770617,0.4675681043923141,0.7417209691322018,9.136740855960062,2923.143843108894,5.0,0.0
6.658183336257935,RAM,0.31334493956993714,0.5829228889453295,0.5961522403106438,0.8904102099431623,9.407046246365102,2799.6487242445683,5.0,0.0
6.678675413131714,RAM,0.3043337838436989,0.5757871702243035,0.5529995262158277,0.878895755031385,8.88182758642415,2806.3020351139317,5.0,0.0
6.699195146560669,RAM,0.2954957017373514,0.5683460000807934,0.5857991693120059,0.8049261810594163,9.4682281521707,2747.8222312308026,5.0,0.0
6.719704627990723,RAM,0.2868556175125385,0.5606252630357326,0.5163096443068036,0.8260177146277534,9.211690921166884,2944.7718096647454,5.0,0.0
6.740152597427368,RAM,0.27844224395776873,0.5526586602047315,0.4934925737916929,0.8848546357983076,8.8782491953657,2885.6918377535567,5.0,0.0
6.760591983795166,RAM,0.27024068791442046,0.5444402775306622,0.5435445864933576,0.6890457917883009,8.611062535146141,2819.423392228257,5.0,0.0
6.780988693237305,RAM,0.26227152743595195,0.5359984634350808,0.5704740226057983,0.9276259687994935,9.187585113630501,2725.931892033988,5.0,0.0
6.801585912704468,RAM,0.25444985244818447,0.5272440779392247,0.48801383623507877,0.8947176451108598,8.952200612534691,2784.3318306348333,5.0,0.0
6.822403907775879,RAM,0.24678251921102562,0.5181765276623768,0.5104919265625247,0.7078181311236613,8.571083190083371,2848.1300517303407,5.0,0.0
6.84472393989563,RAM,0.23883643804131754,0.5082276349531694,0.5787230318879675,0.7769506902143275,8.943429478002637,2876.235718878733,5.0,0.0
6.865426063537598,RAM,0.23172781248487934,0.49880671705428714,0.467567327563976,0.8314617317614725,8.572281974501225,2849.8467210177696,5.0,0.0
6.885947227478027,RAM,0.22493659748589223,0.4893009542636003,0.5910095109783844,0.7663288699230146,8.503462663004344,2753.337796295581,5.0,0.0
6.906399250030518,RAM,0.2184275477173636,0.4796775562397542,0.45372754793108516,0.7926094987127492,9.959774906320039,2793.261860814676,5.0,0.0
6.9269750118255615,RAM,0.2121465172801551,0.46986146233814124,0.46878105396579917,0.7377589521318261,9.50295663084513,2658.654930247285,5.0,0.0
6.947266101837158,RAM,0.20622087410524842,0.4600652547468809,0.4904056119447544,0.6954069932041536,9.924668963982574,2733.6066801301968,5.0,0.0
6.967787504196167,RAM,0.20050477622722607,0.45005731962280127,0.47147448670063763,0.7994404091846035,9.849305605051537,2936.3223771080307,5.0,0.0
6.988358497619629,RAM,0.195059659389686,0.4399405973388282,0.5249929750795974,0.8262604254964698,9.912149520224428,2881.64501361356,5.0,0.0
7.0088889598846436,RAM,0.1899147280531835,0.42977640003429324,0.5782571882502042,0.822505933440381,8.896843080403425,2661.787160146488,5.0,0.0
7.029401540756226,RAM,0.18506794617757572,0.4195709200579562,0.49280595347558603,0.6516195947716532,9.504653254666586,2705.086979994241,5.0,0.0
7.050021171569824,RAM,0.18049634574690632,0.4092790177151319,0.5992755788431594,0.6790642574925543,9.914390156303913,2775.1889973442376,5.0,0.0
7.0708253383636475,RAM,0.17619358183256095,0.3988790698625442,0.5013411582721531,0.9138707900639637,9.668949249127245,2734.146060920178,5.0,0.0
7.091241359710693,RAM,0.17227760870984626,0.38867493240366546,0.4627540715587385,0.7198793989654024,10.213517909489873,2858.140698029599,5.0,0.0
7.111916542053223,RAM,0.16862514195454525,0.37836057704275394,0.5850708832901812,0.9325287299955813,10.391385406133077,2749.9474213262993,5.0,0.0
7.1323325634002686,RAM,0.16533116611953297,0.3682117410663255,0.5150612691694851,0.8106144017454934,10.236565764428132,2927.395449926689,5.0,0.0
7.152646780014038,RAM,0.16236510585613506,0.3581660806577136,0.5626052005712177,0.833432706690807,9.775434910993651,2881.00728133277,5.0,0.0
7.17329740524292,RAM,0.15967124122170734,0.3480249239305293,0.451943535054506,0.7290852964245742,9.50098386770012,2749.438428984372,5.0,0.0
7.1942057609558105,RAM,0.15727642620397175,0.337847585728251,0.516027887305977,0.8513290143760073,9.275011707553032,2666.394275636966,5.0,0.0
7.2143354415893555,RAM,0.15528925644399133,0.3281517388983647,0.5280983890465715,0.7991489374166093,10.059533562543374,2707.292576344769,5.0,0.0
7.23500657081604,RAM,0.15357569549346722,0.3183164153956123,0.47491435164209544,0.7071821211343311,9.966864478802,2816.093066141363,5.0,0.0
7.255615234375,RAM,0.1521988341198775,0.3086497565258041,0.47688705815924154,0.8491242002659574,9.586734866495885,2654.3373750007113,5.0,0.0
7.27632474899292,RAM,0.1511500170980683,0.2990921302357041,0.5138912832132185,0.9420801990292395,9.835778614721324,2756.9424302376747,5.0,0.0
7.297130107879639,RAM,0.15043529699722297,0.2896645858463796,0.5980530859252096,0.8914069583217289,10.355369123173816,2833.433067259498,5.0,0.0
7.317321538925171,RAM,0.15006717083976517,0.28069772110262486,0.5639225919949681,0.9056993900006592,10.955569565068444,2720.153252559317,5.0,0.0
7.3376784324646,RAM,0.15002095729260378,0.2718543419605708,0.5629457693560918,0.7458705503280255,10.538015574930663,2755.1311141510723,5.0,0.0
7.358179807662964,RAM,0.15030419489164704,0.26316288490761525,0.5671037910481236,0.7469602819099246,10.855554309061716,2669.402396035426,5.0,0.0
7.378920078277588,RAM,0.15092721087064498,0.25460426391512603,0.4882141223130536,0.8297291312667543,11.117911989786009,2790.4804109534625,5.0,0.0
7.399181365966797,RAM,0.15186205772003275,0.24648473029449947,0.5658135635850601,0.7753879002821276,11.132876691846192,2944.808651526916,5.0,0.0
7.419776201248169,RAM,0.15314181133868693,0.2384899114893951,0.46373378739058,0.833186843667312,10.221882336164985,2885.1760367011725,5.0,0.0
7.440447092056274,RAM,0.15475911626043753,0.2307410816805829,0.46712838246812105,0.7509056386195939,11.350420464764625,2931.859179290971,5.0,0.0
7.460866689682007,RAM,0.1566826249961331,0.2233703954605732,0.47911209865467663,0.6859350662531845,10.849969845733746,2687.7763498286954,5.0,0.0
7.481296062469482,RAM,0.15892934694284633,0.21629094318485897,0.4831640769493683,0.9315304492982756,10.823473631685072,2718.8182508378363,5.0,0.0
7.501945972442627,RAM,0.16152577865040157,0.20944674066886337,0.5591458182174528,0.7027309136433477,10.276793995521277,2930.066382586755,5.0,0.0
7.522510766983032,RAM,0.1644342276282671,0.20295370269866586,0.46864273807102524,0.7826280214986319,10.900094150987112,2785.735697537417,5.0,0.0
7.5430614948272705,RAM,0.16765964237622605,0.19679804681950425,0.5475853330241722,0.9377801116439949,10.325742300463615,2896.9473416462524,5.0,0.0
7.563593149185181,RAM,0.17119740582209253,0.19099085011195052,0.45330800339379745,0.8972081515642165,11.689462251368997,2737.474167251075,5.0,0.0
7.584373950958252,RAM,0.175095623323832,0.18547204353473606,0.5575480891896446,0.8334448462351717,11.499510402764795,2812.397047519862,5.0,0.0
7.60489296913147,RAM,0.17925447605201,0.18038626540411873,0.5126876201396775,0.7821821963244863,11.068735489942952,2753.3507014312963,5.0,0.0
7.625393390655518,RAM,0.18371297183692242,0.17567439562320367,0.4544481628966031,0.9368920337486635,10.975547433247298,2835.3123868613375,5.0,0.0
7.64623236656189,RAM,0.1885515793538035,0.17127119935965535,0.49302140035696196,0.7710371437874566,10.775187210565054,2814.0463974482736,5.0,0.0
7.667237043380737,RAM,0.1937365755201232,0.16723501721164158,0.5226460188488515,0.88819260359068,11.049408625536646,2672.4439548457362,5.0,0.0
7.687533855438232,RAM,0.19903569824442424,0.16372497654212223,0.5855962144826148,0.8797416154406591,11.730625171369072,2710.5589384898635,5.0,0.0
7.70852518081665,RAM,0.20480951063125008,0.16050439283563225,0.4560147709783148,0.7102625464218526,11.39465708423229,2761.0990885585766,5.0,0.0
7.729213237762451,RAM,0.21078626035537645,0.15774327071268562,0.4962940728106725,0.8480130253540161,11.813099597495722,2665.0198502867283,5.0,0.0
7.749737501144409,RAM,0.21699089499562751,0.1554137667433816,0.5439394539539636,0.7213180034229294,11.453172523055581,2678.453733774561,5.0,0.0
7.770415544509888,RAM,0.22351324052843347,0.1534835254919497,0.4919140398222575,0.7196977357469806,12.08097074774907,2935.4331520588767,5.0,0.0
7.791043043136597,RAM,0.2302846489484519,0.15197801921757045,0.5486760047278417,0.653054263369273,11.681442601023727,2850.262721189962,5.0,0.0
7.811207056045532,RAM,0.23715351405494695,0.15091427444922176,0.4631362067131012,0.7296515254524323,12.459175691116672,2761.6397285829835,5.0,0.0
7.832087516784668,RAM,0.24451976206755677,0.15023963788975958,0.45191343669414613,0.8248967834829708,11.28064197437454,2865.217998787447,5.0,0.0
7.852701425552368,RAM,0.2520378300642332,0.15000081946635438,0.5248262888236709,0.935065329666484,11.968155382517352,2722.7685050303444,5.0,0.0
7.873241662979126,RAM,0.25976482659724354,0.150185451425939,0.5206994966198822,0.758503027276668,12.360142059628963,2938.4918363449674,5.0,0.0
7.893894910812378,RAM,0.26776423975743613,0.1507961119453091,0.4842350465625277,0.9225398354659186,12.21513590836811,2928.4542869790907,5.0,0.0
7.914615869522095,RAM,0.2760138383004075,0.15183600357598384,0.5386230545310836,0.7549871210711342,11.679418122502266,2712.808625035542,5.0,0.0
7.934712886810303,RAM,0.2842217971807417,0.15325169403084574,0.5531543887528503,0.9006363578789166,12.313107997962478,2817.5261279904707,5.0,0.0
7.955007791519165,RAM,0.2927095309950017,0.1550858044890111,0.4630014918815623,0.8310041562247367,12.442819224111844,2905.1380673248555,5.0,0.0
7.975530624389648,RAM,0.30148789547277943,0.15735077083680907,0.5594209725255341,0.7111166059568127,12.370860482131004,2718.4700367243404,5.0,0.0
7.996112108230591,RAM,0.3104802552811672,0.16003270490275695,0.5641520286446108,0.753120009065447,12.901164977546202,2703.5228807891776,5.0,0.0
8.016245365142822,RAM,0.31945159756387587,0.16304962349114735,0.48418291785016265,0.8186160935031475,12.347511318251339,2768.889914774633,5.0,0.0
8.036864519119263,CLOSE_IN,0.3288100476992638,0.1665374634650518,0.47333014690342373,0.7582537313677166,13.216496680774899,2746.951128036879,3.5,-0.2
8.057355403900146,CLOSE_IN,0.33827251885101006,0.17039689234766794,0.5200383024879132,0.8223243851588575,12.42390397697675,2944.4850260657713,3.5,-0.2
8.077825546264648,CLOSE_IN,0.3478779579778074,0.1746373972227403,0.469027973926915,0.8321352762640023,12.90337305436585,2948.6552061366656,3.5,-0.2
8.09887409210205,CLOSE_IN,0.357904264533282,0.1793914844552522,0.48675233512029137,0.8663881248173118,12.389922057563746,2758.40102499004,3.5,-0.2
8.119157552719116,CLOSE_IN,0.3677002511932128,0.18434271211658948,0.4610300697563177,0.8201301448245932,12.628901737966236,2915.378242908858,3.5,-0.2
8.13961410522461,CLOSE_IN,0.37770383837125904,0.18969557543070117,0.4715718015987828,0.8185486576264349,12.680071461710133,2717.316964174172,3.5,-0.2
8.160167694091797,CLOSE_IN,0.3878708233132867,0.19542829935847394,0.5063107946917366,0.8054051150604414,12.574300996792775,2703.1762810168775,3.5,-0.2
8.180674314498901,CLOSE_IN,0.39812078907511744,0.20149238346127332,0.5708357662584129,0.8747333161031172,12.481716295370086,2849.6613865624513,3.5,-0.2
8.201032638549805,CLOSE_IN,0.408391998884574,0.20784288692372868,0.5980947866076589,0.6914328752026737,13.13864137367633,2855.2561673163905,3.5,-0.2
8.22176218032837,CLOSE_IN,0.41893820767003687,0.21463640622858088,0.5027698933395093,0.7590453838403152,12.609351525388176,2710.516910171206,3.5,-0.2
8.242488861083984,CLOSE_IN,0.4295613139390806,0.22174749013995748,0.589374812803526,0.7970967168644856,13.623771959654308,2915.9313189567547,3.5,-0.2
8.263176202774048,CLOSE_IN,0.440232150255771,0.22915047575879713,0.5603933797767433,0.8933111221902627,13.582948561291733,2653.4585954832205,3.5,-0.2
8.283358573913574,CLOSE_IN,0.4506980535486428,0.2366546689427382,0.5391523725751101,0.8715792816829558,12.638282781883454,2767.190677213896,3.5,-0.2
8.303724527359009,CLOSE_IN,0.4613049264486175,0.2444968292168932,0.517544523156805,0.7077523678536319,14.115825911801481,2819.341683846003,3.5,-0.2
8.32452940940857,CLOSE_IN,0.4721776104616049,0.25277426242775747,0.5829027548792554,0.727975569589886,13.136096746075316,2799.1197495606993,3.5,-0.2
8.344659090042114,CLOSE_IN,0.4827233310008433,0.2610258037855866,0.5907657669785927,0.8420114437072221,13.291613343298351,2745.9009054528747,3.5,-0.2
8.364986181259155,CLOSE_IN,0.49338842341140376,0.26958676736719933,0.5669317200080248,0.8804032152191253,13.411534638997006,2841.7564994943364,3.5,-0.2
8.385213851928711,CLOSE_IN,0.5040074696681399,0.2783198161767155,0.4743720298290916,0.9387652163525275,12.934026869423114,2677.2711383568103,3.5,-0.2
8.405639171600342,CLOSE_IN,0.5147265013827517,0.2873401962680823,0.5867369811693877,0.6588722119514365,14.394682633780514,2695.187521973532,3.5,-0.2
8.426209211349487,CLOSE_IN,0.5255074872232213,0.29661443244295516,0.4849659738815993,0.8206422362992687,13.198473987723263,2685.156900562694,3.5,-0.2
8.446739673614502,CLOSE_IN,0.536243524566526,0.30604528626158106,0.5052558738258973,0.905542549836072,13.298531074142177,2817.7000590868183,3.5,-0.2
8.467363595962524,CLOSE_IN,0.5469938148934774,0.3156785157206726,0.49582801607928095,0.8837370105807351,13.264834021212131,2655.753972592721,3.5,-0.2
8.487697839736938,CLOSE_IN,0.5575491284709372,0.32531695010916667,0.49719810955158683,0.8298288618110565,13.618314234963341,2671.940067201767,3.5,-0.2
8.508347034454346,CLOSE_IN,0.5682130924754516,0.3352309736160421,0.5296561523835367,0.7518570714100213,14.318106057388711,2704.8327592290148,3.5,-0.2
8.52863073348999,CLOSE_IN,0.5786246506330626,0.34507715082456814,0.538810424528704,0.8235497141981516,14.004557986051227,2815.720387978571,3.5,-0.2
8.54915189743042,CLOSE_IN,0.5890839993383916,0.3551305023366576,0.5396320045551205,0.7301789264748615,14.747915739441138,2914.0721566138027,3.5,-0.2
8.56972599029541,CLOSE_IN,0.5994855880115605,0.36528563257263674,0.5504980685470624,0.7389862405646248,14.11414877489188,2871.4885541307685,3.5,-0.2
8.590209484100342,CLOSE_IN,0.6097472684624776,0.37545445088584545,0.45420489645881107,0.880723155967725,14.861427724676895,2936.1270267255086,3.5,-0.2
8.610331535339355,CLOSE_IN,0.6197270591818687,0.38548403792761776,0.496456322265022,0.9367559624234205,14.190205647337805,2936.0797748260065,3.5,-0.2
8.63115644454956,CLOSE_IN,0.6299404846164556,0.3958885089503609,0.49501998389343377,0.709740719459769,13.99947966608252,2651.2005840217284,3.5,-0.2
8.651685237884521,CLOSE_IN,0.6398846372002902,0.4061520991626458,0.504215329377896,0.6586920137913803,15.049951132154673,2832.8508959001506,3.5,-0.2
8.672066450119019,CLOSE_IN,0.6496261193817423,0.41633168786603786,0.5471662771669855,0.7140666342642972,15.157662420736937,2898.592929002213,3.5,-0.2
8.692652940750122,CLOSE_IN,0.6593237317270085,0.42658620339952236,0.5209250786520476,0.8305153256380065,14.7518574645078,2792.7310500072367,3.5,-0.2
8.712940216064453,CLOSE_IN,0.6687318205475786,0.4366476710738438,0.5071831441889396,0.8105130577462101,14.388176447987803,2878.138772654438,3.5,-0.2
8.733093500137329,CLOSE_IN,0.6779230946152363,0.4465829935356229,0.56473416376616,0.8746641683631624,14.219324963899444,2748.789077766178,3.5,-0.2
8.753455638885498,CLOSE_IN,0.6870444731766746,0.45654437275478793,0.5576334772251742,0.8556505551620839,14.16571041938203,2930.1467670717675,3.5,-0.2
8.774030685424805,CLOSE_IN,0.6960839717845606,0.46651461096427,0.5893722370364751,0.8398156308663313,15.37669556774794,2913.0561599746484,3.5,-0.2
8.794735670089722,CLOSE_IN,0.7049920120991473,0.47643409454729846,0.5574873910538263,0.8863296139574078,14.723267245683312,2779.6930821850765,3.5,-0.2
8.81490707397461,CLOSE_IN,0.7134804208037846,0.4859720587779747,0.4698651594174812,0.7109775570468915,15.464186596100204,2771.9323256777097,3.5,-0.2
8.835476636886597,CLOSE_IN,0.7219350796025183,0.4955541130820674,0.5017707467931324,0.8490027877512493,15.18387292366496,2758.618755842055,3.5,-0.2
8.855868339538574,CLOSE_IN,0.7301081242702929,0.5048937546891629,0.5053715207952473,0.7061200576180517,15.174715539723918,2690.217394617749,3.5,-0.2
8.876066446304321,CLOSE_IN,0.7379913825361204,0.5139728070881672,0.5351163907145925,0.9402678907099933,14.285699626043153,2854.7948655378555,3.5,-0.2
8.89666223526001,CLOSE_IN,0.7458048735375663,0.523039029244045,0.4990716630308713,0.6880164613137455,14.464145830133269,2741.0093683825594,3.5,-0.2
8.917061567306519,CLOSE_IN,0.7533126202886471,0.531813059517656,0.5166564735228365,0.8232202711467302,15.45331073927202,2680.435545459665,3.5,-0.2
8.93743371963501,CLOSE_IN,0.760573682888883,0.5403564675326835,0.5189681479887471,0.7531253267200935,14.962985213766983,2805.1711292634786,3.5,-0.2
8.957572221755981,CLOSE_IN,0.7675123560848913,0.5485729619367263,0.4902358897355987,0.7927294008980335,15.09055055060118,2886.2549615071644,3.5,-0.2
8.978134632110596,CLOSE_IN,0.7743451914925233,0.5567136657846379,0.5774722878106364,0.683632883918198,15.484464894581045,2654.122527261686,3.5,-0.2
8.998825788497925,CLOSE_IN,0.7809573677049005,0.5646378133216597,0.5524935473588313,0.814854488116881,15.665438271830562,2677.6641643305834,3.5,-0.2
9.01948356628418,CLOSE_IN,0.7872889164913287,0.5722679652904157,0.5061810400131332,0.9489402336353971,14.757867052065672,2735.510783898479,3.5,-0.2
9.040058374404907,CLOSE_IN,0.7933208775132156,0.5795752420788547,0.5732815307490179,0.7853136125616206,14.866187767186334,2657.953512017104,3.5,-0.2
9.060633182525635,CLOSE_IN,0.7990734795723171,0.5865784886455961,0.4567106758542089,0.8684933432934612,15.124197413731329,2789.7932541511764,3.5,-0.2
9.081322193145752,CLOSE_IN,0.8045707885114973,0.5933020640541377,0.5108485482230444,0.7157834462063863,15.210888983991563,2838.2152300079583,3.5,-0.2
9.101774215698242,CLOSE_IN,0.8097168641665733,0.5996234149968573,0.4963954729325398,0.9166186845123574,15.992084127065917,2826.5912843647416,3.5,-0.2
9.122326374053955,CLOSE_IN,0.8145945193818026,0.6056392912642912,0.5095108146887204,0.677214987904891,15.731667459384667,2845.177272015945,3.5,-0.2
9.142560958862305,CLOSE_IN,0.8191047598731789,0.6112228771085484,0.5747578151180677,0.6641514050805193,15.248299947655989,2766.7130165536078,3.5,-0.2
9.163146734237671,CLOSE_IN,0.8233916111703959,0.6165483790173525,0.4874443533717139,0.823294107998482,15.667811794401253,2762.460946693093,3.5,-0.2
9.183664560317993,CLOSE_IN,0.8273575148541406,0.6214911085499453,0.45389535097490114,0.8122101430700098,15.94492418799354,2872.2207944787233,3.5,-0.2
9.204454183578491,CLOSE_IN,0.8310596993726005,0.6261189136447542,0.5871791877778464,0.6846758266985791,15.638490041420969,2858.937267296398,3.5,-0.2
9.224642276763916,CLOSE_IN,0.8343467131520758,0.6302388211023676,0.46268523185030713,0.910399008275109,14.846532662705586,2839.620441308003,3.5,-0.2
9.245159387588501,CLOSE_IN,0.8373731712400805,0.6340413212529608,0.48705356289664,0.7541708549616651,15.98188490781302,2752.8975436621777,3.5,-0.2
9.265812397003174,TRACK,0.8400969731974184,0.6374710460602175,0.47793664445739636,0.6754382134873282,16.2995530201819,2931.634935338311,-0.408116367836902,-0.13747104606021754
9.286177396774292,CLOSE_IN,0.842463222155861,0.6404562892725804,0.5047116055207534,0.8841372102572123,14.98382656897712,2708.245941397842,3.5,-0.2
9.306411743164062,CLOSE_IN,0.8444978183547163,0.6430273741822625,0.5218709086123892,0.7018745395732126,15.138345070657211,2802.84388003543,3.5,-0.2
9.326555490493774,CLOSE_IN,0.8462081031150606,0.6451916660953978,0.5126998513134182,0.869366635193129,15.882851855866875,2825.615238712559,3.5,-0.2
9.346768856048584,TRACK,0.8476065984907122,0.6469634568415114,0.5281146717013168,0.8723015556292042,16.440061881082272,2696.1754660615584,-0.4171279181888546,-0.14696345684151135
9.367259740829468,TRACK,0.8486981467696197,0.6483476505747836,0.4623120862056757,0.6647559717969692,15.51912852247522,2687.9240556527075,-0.41843777612354366,-0.1483476505747836
9.387559175491333,TRACK,0.8494547041992396,0.6493077007661925,0.495795634181449,0.8964097001730298,15.749088301392225,2829.69336741572,-0.41934564503908756,-0.14930770076619249
9.407886505126953,TRACK,0.849887660758561,0.649857352930662,0.47962023743608656,0.78435301095405,15.395784060877322,2931.8988981586986,-0.41986519291027324,-0.14985735293066205
9.42839503288269,TRACK,0.8499948484984348,0.6499934584231919,0.548683099289111,0.7153290933525691,15.542446040856394,2903.6562955693425,-0.4199938181981217,-0.1499934584231919
9.44878339767456,TRACK,0.8497731217463964,0.649711924841367,0.5168806877918569,0.9091996007034796,16.08948040324966,2873.434347529563,-0.4197277460956757,-0.14971192484136697
9.46930980682373,TRACK,0.8492194504533281,0.6490091126081082,0.5803834362921265,0.9498165656481542,16.07673309501746,2803.5674493365545,-0.41906334054399375,-0.14900911260810823
9.489801168441772,TRACK,0.8483365374380991,0.6478889689083155,0.5436134915248728,0.8948259825849025,16.099582296450595,2767.9213277902927,-0.4180038449257189,-0.1478889689083155
9.51031494140625,TRACK,0.8471230485905781,0.6463506258175623,0.5857748407763992,0.9082487141728208,15.523302189725992,2650.357627143818,-0.41654765830869367,-0.1463506258175623
9.530550956726074,TRACK,0.8456039871661215,0.6444268671854725,0.5917285092198055,0.8940182635854053,15.458730147965067,2795.304393177385,-0.4147247845993458,-0.14442686718547249
9.550782680511475,TRACK,0.8437669455006647,0.6421033306503798,0.5135162421549306,0.9389420002327417,16.562557605595867,2779.8560331084004,-0.41252033460079757,-0.14210333065037983
9.57105565071106,TRACK,0.8416086144017354,0.6393775077739734,0.4560130449104621,0.7579402729878882,16.02069003780236,2945.8364665045615,-0.40993033728208245,-0.1393775077739734
9.591628313064575,TRACK,0.8390954763370765,0.6362091701559769,0.5444221851369041,0.9468342412013295,15.37426112532963,2899.5047432498463,-0.4069145716044918,-0.1362091701559769
9.6119065284729,TRACK,0.8363023069738779,0.6326948640078096,0.5617863594952618,0.6519040948731387,16.36483462199213,2862.8848510417542,-0.4035627683686534,-0.1326948640078096
9.632951259613037,TRACK,0.83307460262271,0.6286431390823087,0.5006794852932881,0.729110874459005,16.04565263018335,2875.3072697171124,-0.39968952314725203,-0.12864313908230873
9.653612852096558,TRACK,0.8295827741335722,0.6242711398565854,0.49098067497520836,0.8503454048166308,16.686021378633264,2819.749976867695,-0.3954993289602866,-0.12427113985658544
9.674292802810669,TRACK,0.8257708739385468,0.6195118357302618,0.5854053280060769,0.9269293792629322,16.028969510007123,2843.2512382662717,-0.3909250487262561,-0.1195118357302618
9.694661617279053,TRACK,0.8217099009062004,0.6144570727236821,0.5899297170294088,0.8253469750892386,15.441127340987302,2782.018855169132,-0.38605188108744054,-0.11445707272368211
9.715563774108887,TRACK,0.8172304406419021,0.6089000820486087,0.49476686877229586,0.6885052900417761,15.7142224886619,2737.4587574085103,-0.3806765287702825,-0.10890008204860868
9.735845565795898,TRACK,0.8125858092536276,0.6031589925511034,0.5840849340251072,0.7277065346598051,15.252461236812648,2896.7863889282057,-0.37510297110435303,-0.10315899255110339
9.756344318389893,TRACK,0.807597562243545,0.5970169094202965,0.4749149826798466,0.9135324840814966,15.938588642076072,2762.3880881301475,-0.3691170746922539,-0.0970169094202965
9.776582717895508,TRACK,0.8023873723044639,0.5906279742516695,0.47460924141183547,0.6917151707661957,15.251982710106825,2828.8946440685486,-0.36286484676535663,-0.09062797425166946
9.796987533569336,TRACK,0.7968522536099336,0.5838703953155278,0.5577070374214035,0.8908199641956275,15.896496616956973,2948.9249612788153,-0.3562227043319203,-0.08387039531552776
9.817296504974365,TRACK,0.7910670117944989,0.5768405134146468,0.5871076967101193,0.8234710031468347,15.690839754598427,2927.746661277368,-0.34928041415339867,-0.07684051341464682
9.837957620620728,TRACK,0.7849043293540712,0.5693894634391535,0.4593334643469491,0.6992136028533282,16.00744307918341,2816.6313292755876,-0.3418851952248854,-0.06938946343915353
9.858542203903198,TRACK,0.7784923614022936,0.5616784063397249,0.5106798431635058,0.7906482768193923,15.98139356926228,2671.1003160737814,-0.3341908336827523,-0.06167840633972488
9.879177570343018,TRACK,0.7717981084080308,0.5536733319406492,0.5908210295925844,0.8757794220992364,16.370032874084384,2926.8415414459237,-0.3261577300896369,-0.05367333194064916
9.899428367614746,TRACK,0.764975419583271,0.5455629190552533,0.5587277188998472,0.9248489469320109,15.327663750176125,2743.3024201375447,-0.3179705034999252,-0.04556291905525334
9.91981840133667,TRACK,0.757858830913947,0.5371555600143189,0.5350290928776719,0.8975152834844689,16.406503241311057,2737.2967969940296,-0.3094305970967364,-0.037155560014318856
9.940292358398438,TRACK,0.750470275329403,0.5284841468858752,0.5931976342807953,0.6795624736273251,15.469813837691305,2705.2297187998524,-0.30056433039528363,-0.028484146885875194
9.960503578186035,TRACK,0.7429448174516353,0.5197126749893106,0.4891674859874363,0.7017239982143233,16.61923011011762,2742.100247228873,-0.29153378094196236,-0.01971267498931062
9.9815354347229,TRACK,0.7348768463112254,0.5103776105354267,0.5774924837995012,0.7708883767906888,15.973569242597522,2666.04991686337,-0.28185221557347045,-0.01037761053542674
10.001903295516968,TRACK,0.7268407144696156,0.5011509761054066,0.5783229516826538,0.8196956866572793,16.536513398715602,2783.6325493222826,-0.2722088573635387,-0.0011509761054065981
10.022343873977661,TRACK,0.7185630465141593,0.4917226927103906,0.5575817243648679,0.8635585678895499,15.456860552532849,2762.5430699972126,-0.2622756558169911,0.008277307289609404
10.043241739273071,TRACK,0.7098878572340974,0.4819251535666455,0.5793564524553938,0.6915823212128447,15.28420393666726,2799.2755648176776,-0.2518654286809169,0.018074846433354497
10.064001321792603,TRACK,0.7010658722935268,0.47205073201841563,0.4579674907757656,0.9206942971070176,15.222965211459384,2651.1152134983736,-0.24127904675223213,0.02794926798158437
10.08462381362915,TRACK,0.6921091033516185,0.4621185222946099,0.5776169790811271,0.8880888897135717,16.34676376414089,2877.907597199902,-0.23053092402194214,0.037881477705390076
10.105188369750977,TRACK,0.6829944490268782,0.4521089866659627,0.5281940125194101,0.8974648193084712,15.502888814869955,2703.2329627433005,-0.21959333883225388,0.04789101333403728
10.125767946243286,TRACK,0.6736988383072889,0.4420039122948694,0.4749511890672127,0.8786490646850633,15.725241738188894,2708.8502170494426,-0.20843860596874672,0.057996087705130595
10.146377086639404,TRACK,0.6642240137798106,0.43181302842932356,0.5804973411475828,0.7229700420590044,15.641622108280853,2849.332378814624,-0.19706881653577266,0.06818697157067644
10.166757583618164,TRACK,0.6546999446530335,0.4216819967875696,0.5165030660197439,0.8469816645858587,15.149488157952343,2853.1306560459366,-0.1856399335836402,0.07831800321243038
10.187307834625244,TRACK,0.6449501946356642,0.4114301587976463,0.5225320910742398,0.8654364959340112,15.559849769138458,2747.3113365430577,-0.173940233562797,0.08856984120235373
10.207534313201904,TRACK,0.6352195217603855,0.4013208993365921,0.45162868036586234,0.7858179069579282,15.989762701493405,2819.698818809528,-0.16226342611246264,0.0986791006634079
10.228432178497314,TRACK,0.6250352340780426,0.3908740008469193,0.5197185222748498,0.7463426425677558,15.60257581807619,2780.2223055416794,-0.15004228089365115,0.10912599915308069
10.248741149902344,TRACK,0.6150201367070978,0.38073660020174366,0.5231590697411592,0.8332718924276002,15.42971136680514,2910.95322892867,-0.1380241640485173,0.11926339979825634
10.26953649520874,TRACK,0.604654670289733,0.3703894871564712,0.5722704789155162,0.7774571738008956,15.7659058516556,2947.669065646092,-0.12558560434767954,0.1296105128435288
10.290148973464966,TRACK,0.5942798427348664,0.3601838503619741,0.5432407035443589,0.8385723795839998,15.073440204043894,2709.851187880202,-0.11313581128183973,0.1398161496380259
10.310431957244873,TRACK,0.5839828350408879,0.35020730708356557,0.5996959780910912,0.8853984797149759,15.078438796800693,2666.9308867720856,-0.10077940204906545,0.14979269291643443
10.330648422241211,TRACK,0.5736422356957926,0.340344989411401,0.4594912481607527,0.9327134689957325,15.16892371862005,2804.570425813245,-0.08837068283495117,0.159655010588599
10.351112604141235,TRACK,0.5631060054558191,0.330461204717126,0.47295474877511673,0.8226356437840916,15.834349324640247,2687.1378376902867,-0.07572720654698295,0.16953879528287402
10.372313499450684,TRACK,0.5521278887204818,0.3203446453025448,0.5071214263494712,0.9366679340991068,16.34083717629092,2760.3132784165723,-0.06255346646457816,0.1796553546974552
10.392808198928833,TRACK,0.541465223106894,0.31070099240803584,0.5922698020840766,0.7579757836948138,15.850803665183504,2913.5686836860464,-0.049758267728272854,0.18929900759196416
10.41322374343872,TRACK,0.5308047681986244,0.30124370994537225,0.4798642057761477,0.7718274827934294,15.321630314921226,2773.0443456517123,-0.03696572183834932,0.19875629005462775
10.433789253234863,CLOSE_IN,0.5200368250740779,0.29188343593602517,0.4732127811186143,0.8951614944878152,14.863073882306754,2853.472453152537,3.5,-0.2
10.454423189163208,CLOSE_IN,0.5092139048889833,0.2826758308802153,0.45250367386722024,0.7071736154462316,14.88694762552835,2933.346508154288,3.5,-0.2
10.474888563156128,CLOSE_IN,0.4984706529918702,0.2737407404301805,0.4912037955389905,0.7613085334851399,14.868042001243378,2842.5313907836853,3.5,-0.2
10.495526552200317,CLOSE_IN,0.48763827541976007,0.2649445081103789,0.4707007824174352,0.7656335147873868,15.544994246751992,2755.6512147615904,3.5,-0.2
10.51647138595581,CLOSE_IN,0.47665700631380686,0.256252786740119,0.5909680828170765,0.8149233672218402,15.982417593997788,2884.7763236643445,3.5,-0.2
10.536991834640503,TRACK,0.4659205124093459,0.2479816688985226,0.4822638476696022,0.7890614356653898,16.103309783785143,2939.9682332476355,0.04089538510878492,0.2520183311014774
10.55713939666748,TRACK,0.4554104678935752,0.24010985008895183,0.4785635215469321,0.6747313509780974,15.378907120794763,2854.7185023616585,0.05350743852770976,0.2598901499110482
10.577500820159912,TRACK,0.44483026873414594,0.23241824434502711,0.46154294118840045,0.7929962749143744,15.028801501071285,2813.5482345256437,0.06620367751902487,0.2675817556549729
10.597778081893921,TRACK,0.4343449291526497,0.22503456442809827,0.568068298030521,0.7934318433287009,15.08269395133113,2761.6188119117364,0.07878608501682034,0.27496543557190173
10.61839747428894,TRACK,0.42374501039531426,0.21782141414575865,0.551193495760982,0.7997998030689744,15.166545560301735,2849.2668514261177,0.09150598752562289,0.2821785858542414
10.638866901397705,TRACK,0.413294307426369,0.21096710127756685,0.5087222225388813,0.7139867929271237,15.297954079557208,2740.9436358200956,0.10404683108835718,0.28903289872243315
10.659431219100952,CLOSE_IN,0.4028774772347088,0.20440001004223737,0.5074849499577345,0.8902261553493815,14.388508682395454,2651.481570656949,3.5,-0.2
10.680079936981201,CLOSE_IN,0.3925108826924671,0.1981388436594221,0.5128945047866442,0.7141271982357524,15.626900265886817,2880.503665460417,3.5,-0.2
10.700725793838501,CLOSE_IN,0.3822488120805202,0.19222269366952033,0.5432543719769675,0.8555967041396219,15.524714257032844,2802.0439266542658,3.5,-0.2
10.720872163772583,CLOSE_IN,0.3723437939430686,0.18679105926713616,0.5014734945209866,0.7633177511360187,14.904570750853885,2714.084899874737,3.5,-0.2
10.741073369979858,CLOSE_IN,0.3625288694561588,0.18169216146200134,0.5826754917456075,0.6736289285366375,14.689895265368603,2808.4131826457333,3.5,-0.2
10.76137638092041,CLOSE_IN,0.35279166939353257,0.17692658628561553,0.49510112113715465,0.886552586151505,14.764970804415299,2681.193366189651,3.5,-0.2
10.781936168670654,CLOSE_IN,0.3430704818573801,0.17247554163548032,0.5612495230086367,0.7984619425554013,15.470061689947322,2660.226901431369,3.5,-0.2
10.802510738372803,CLOSE_IN,0.3334917098560263,0.16840636200310238,0.4913887201841791,0.7955096164025034,14.94495859607215,2845.961806053474,3.5,-0.2
10.822991847991943,CLOSE_IN,0.3241139359507792,0.16474508044093455,0.45482710758080064,0.8489206651497716,14.643272749963211,2796.988270722689,3.5,-0.2
10.843449831008911,CLOSE_IN,0.3149124586434432,0.1614819425585483,0.5214835166541324,0.9465026288140109,14.883785967719728,2820.2940901355764,3.5,-0.2
10.864179372787476,CLOSE_IN,0.30576664665490183,0.15858274815814477,0.5656904450066146,0.6576282204988704,15.043829153446245,2660.6318216819814,3.5,-0.2
10.884876489639282,CLOSE_IN,0.29682247616823565,0.1561020153246146,0.5990444043024602,0.6534065188496208,14.87689609667301,2913.5044716499424,3.5,-0.2
10.905483961105347,CLOSE_IN,0.2881115767011576,0.15404716637015728,0.5762191404071785,0.7072428164446051,14.789556579855129,2868.586301453157,3.5,-0.2
10.925807237625122,CLOSE_IN,0.2797190465671109,0.15242977452630213,0.49162648576095824,0.9268286915640646,14.929872816609064,2764.680475511579,3.5,-0.2
10.946485996246338,CLOSE_IN,0.27138986517475594,0.15120386273929912,0.5435621924134495,0.8269097212266001,13.871657996641092,2834.753792043308,3.5,-0.2
10.967066287994385,CLOSE_IN,0.2633186982546971,0.15040624294981525,0.5024929276798922,0.8835039263128079,13.889307971890302,2778.950754579705,3.5,-0.2
10.987836837768555,CLOSE_IN,0.25540161228364455,0.15002993346730997,0.5172249017613461,0.9398438409873675,13.786473061190312,2769.9641885279048,3.5,-0.2
11.008235454559326,CLOSE_IN,0.24785732203107996,0.150080148291973,0.5051114500009555,0.6674222407568562,14.270740925695533,2698.7211653958943,3.5,-0.2
11.02881908416748,CLOSE_IN,0.24048389413119448,0.15055240469667336,0.5613919320631388,0.8618510333560822,14.051438311531959,2902.695287267187,3.5,-0.2
11.04967212677002,CLOSE_IN,0.23326624128684875,0.15146186118554833,0.5412396018864158,0.701135003613927,14.712640082863137,2688.9736478907926,3.5,-0.2
11.070158243179321,CLOSE_IN,0.22642965649747598,0.15277622964625645,0.4778813636837944,0.7912496717091093,13.569699266503852,2835.242743056859,3.5,-0.2
11.090702772140503,CLOSE_IN,0.2198329974761975,0.15451108205369626,0.45587904762048265,0.8243386493216006,14.36131194685866,2752.6075395283674,3.5,-0.2
11.111122369766235,CLOSE_IN,0.21354006520172447,0.15664602268949865,0.573674440592721,0.9004033393448888,13.33428163441486,2748.49126832055,3.5,-0.2
11.131499290466309,CLOSE_IN,0.20752816353488734,0.1591810518303646,0.5376882759717508,0.8263540616130787,13.41685518819211,2908.242821498554,3.5,-0.2
11.151855230331421,CLOSE_IN,0.20179524661054726,0.16211276994267956,0.5480360383908975,0.9497573005948545,13.827109931650742,2864.454828350317,3.5,-0.2
11.172201871871948,CLOSE_IN,0.19634275772253917,0.1654371130530955,0.5980645239300174,0.6591090349293872,14.539172385262244,2906.953573803357,3.5,-0.2
11.19231104850769,CLOSE_IN,0.1912317790492899,0.16910427748507698,0.517487403224402,0.9135626410810599,13.339062139784176,2849.1940372137533,3.5,-0.2
11.213289976119995,CLOSE_IN,0.18619921147628066,0.17332795721867525,0.5743725081067639,0.9263634406459901,13.856093932280714,2850.5537589633927,3.5,-0.2
11.233557939529419,CLOSE_IN,0.1816322457264985,0.17778751990764088,0.5701764186828935,0.7953136251253901,13.608269376963912,2743.7935837367027,3.5,-0.2
11.254144668579102,CLOSE_IN,0.17729468988305264,0.18269091775366503,0.57976597117958,0.8358604296460637,13.114234700957425,2742.509655386256,3.5,-0.2
11.274948835372925,CLOSE_IN,0.17322392764931344,0.18802027222324505,0.46102591397543524,0.8439772533110071,13.997995411880263,2722.7112945095887,3.5,-0.2
11.295537948608398,CLOSE_IN,0.1695085140827028,0.19365583755856172,0.48176836947765594,0.7916936407184968,13.097249318859946,2847.982539820522,3.5,-0.2
11.316182136535645,CLOSE_IN,0.16609962887876056,0.19965771098088939,0.5625184188963052,0.6848176351906328,12.979766776841483,2772.2561818172826,3.5,-0.2
11.33687710762024,CLOSE_IN,0.16300369790322566,0.2060170818324533,0.5959068426093663,0.8412223018941885,13.842722294162595,2814.606562998111,3.5,-0.2
11.357087135314941,CLOSE_IN,0.16029368354146895,0.2125482015940076,0.5883956986194518,0.8322965199388205,12.758586637964305,2734.2420447730733,3.5,-0.2
11.377311944961548,CLOSE_IN,0.15789419694406526,0.21939064513563578,0.4663914760396705,0.876443212352168,13.176323581056153,2925.0882188559417,3.5,-0.2
11.397825479507446,CLOSE_IN,0.15578207102464964,0.2266325384661265,0.519768827156694,0.7826452091626517,13.383022741863828,2913.3943628550614,3.5,-0.2
11.418054103851318,CLOSE_IN,0.1540183981223427,0.23405963109636085,0.5301644845054974,0.8732573407541298,13.726802310676048,2717.0935274630647,3.5,-0.2
11.438698768615723,CLOSE_IN,0.15254687428253338,0.2419193956715402,0.4659167865400399,0.9477075485645389,12.577516982711227,2851.5409560089115,3.5,-0.2
11.459441423416138,CLOSE_IN,0.15140390877727616,0.2500878251952122,0.5338031583508335,0.9476553350119996,13.217224294689647,2845.187890975781,3.5,-0.2
11.4801607131958,CLOSE_IN,0.15059910211447308,0.2585045897808582,0.5918868336985311,0.867097017287982,12.29912564664802,2896.311634464743,3.5,-0.2
11.500495672225952,CLOSE_IN,0.15013734870793838,0.26700153431411255,0.5629149762578565,0.7586403246634679,12.286328612278545,2850.9855026130695,3.5,-0.2
11.520729064941406,CLOSE_IN,0.15000095332404695,0.27567437273177076,0.5326135082870754,0.8787663096111099,13.553452473580425,2795.979769710429,3.5,-0.2
11.540952205657959,CLOSE_IN,0.15018675124009,0.2845462274684419,0.5348694703042767,0.8092741464057095,13.42439499642485,2717.3607594997497,3.5,-0.2
11.561537027359009,CLOSE_IN,0.1507064275098347,0.2937706022798083,0.5961585774157693,0.7938497722080439,12.640676714334363,2913.597200007261,3.5,-0.2
11.581864833831787,CLOSE_IN,0.15154639904898737,0.3030565387873795,0.48472501426553716,0.8473660108463452,12.569426198707255,2922.112618313684,3.5,-0.2
11.602401971817017,CLOSE_IN,0.15272398569243967,0.312600742725032,0.5689113535750092,0.7039020569989101,12.023263677539472,2912.073257723834,3.5,-0.2
11.62268328666687,CLOSE_IN,0.15421031327076595,0.32217081154568084,0.5338870113472087,0.76892896256836,12.783163999079466,2903.1890483522106,3.5,-0.2
11.642946004867554,CLOSE_IN,0.15601484090118456,0.3318599709436679,0.5795897563847289,0.8001338762564836,12.666411562968543,2790.5859591793114,3.5,-0.2
11.663533926010132,CLOSE_IN,0.1581737590474651,0.34181914674490355,0.5555132498560377,0.8796560579061488,12.116411180884324,2794.769041867031,3.5,-0.2
11.683747291564941,CLOSE_IN,0.16061054251402485,0.35169318943755296,0.521150858832838,0.748968102006765,12.987078962475522,2921.9241791933346,3.5,-0.2
11.70435380935669,CLOSE_IN,0.16341584497486544,0.36184043104086955,0.5546473943573503,0.7365412798367666,11.890125552075737,2664.8679084404707,3.5,-0.2
11.724843263626099,CLOSE_IN,0.16652403310903874,0.3719943139358959,0.5942248844556126,0.706807008301636,12.85299092219194,2680.514745694258,3.5,-0.2
11.745213508605957,CLOSE_IN,0.1699263733874119,0.3821357666012188,0.47782202421275854,0.7722698360532176,11.62555159935732,2697.2434876767043,3.5,-0.2
11.765794515609741,CLOSE_IN,0.17367684595462868,0.39241219778255665,0.469943668722155,0.8721477688967285,11.370385326050183,2778.688323492149,3.5,-0.2
11.78598928451538,CLOSE_IN,0.17765923586280946,0.40250837468811607,0.4550706803857786,0.8595166725831771,11.470334945214846,2685.2282901293847,3.5,-0.2
11.806143760681152,CLOSE_IN,0.18192856002659952,0.41258033939606936,0.5901157722433441,0.705070652013841,12.60839181034191,2826.012655612078,3.5,-0.2
11.826556205749512,CLOSE_IN,0.18654879796752744,0.422760318007676,0.5229322089552313,0.7703840190475618,12.208567401618952,2682.6135796805897,3.5,-0.2
11.847132205963135,CLOSE_IN,0.1915034228294844,0.43298343239108994,0.5533062979835474,0.8182416127228724,12.397592614466005,2815.965776418052,3.5,-0.2
11.867790699005127,CLOSE_IN,0.19677352086840794,0.4431913244186199,0.5763029195616272,0.6949766856571576,11.814235629979347,2911.582705447525,3.5,-0.2
11.888209342956543,CLOSE_IN,0.20226854820462237,0.453208324541457,0.4823359529857777,0.8862022317569364,12.182619165371712,2679.4460941982866,3.5,-0.2
11.908900737762451,CLOSE_IN,0.20812184588009652,0.46326854770716624,0.543960985690514,0.9266128408420823,11.513334643116009,2866.7545498986606,3.5,-0.2
11.92920994758606,CLOSE_IN,0.21414046643303286,0.4730377025111646,0.5784511203510996,0.8678216611050599,11.37018374649596,2795.677211840722,3.5,-0.2
11.949758768081665,CLOSE_IN,0.220500055048871,0.4827994253807138,0.5090354723789758,0.9013046440159975,10.76649864524641,2812.7914195231047,3.5,-0.2
11.970466613769531,CLOSE_IN,0.22717745776624704,0.4924951933834957,0.5255653151180971,0.8651518014733444,10.797400898622277,2859.450870970869,3.5,-0.2
11.990777730941772,CLOSE_IN,0.2339826650242609,0.5018512071885024,0.5739227775162918,0.8113814540133376,11.196905698506162,2748.249044526903,3.5,-0.2
12.011211156845093,CLOSE_IN,0.24107797621477034,0.5110939605906084,0.5244417882185288,0.9241117940512665,10.878847219047154,2714.714041137213,3.5,-0.2
12.031792163848877,CLOSE_IN,0.24847037856784454,0.5202159062877133,0.5241615541645106,0.8468892345383701,11.095494550230077,2921.163809261171,3.5,-0.2
12.052482604980469,CLOSE_IN,0.2561436917148047,0.529181046774795,0.49207176736973,0.658576688021256,11.848881278278306,2760.670812876256,3.5,-0.2
12.073288679122925,CLOSE_IN,0.2640967137427316,0.537973229858292,0.5117676616893914,0.7088368996101372,10.345973837756738,2894.391696215786,3.5,-0.2
12.093610525131226,CLOSE_IN,0.27208649585437894,0.5463302991867283,0.5210446241306852,0.7731291304060455,11.750045289013586,2675.077171165412,3.5,-0.2
12.114375352859497,CLOSE_IN,0.2804691197964563,0.5546197857952292,0.5207890173934295,0.6576158391563269,11.668729654606144,2835.4840523713883,3.5,-0.2
12.134869813919067,CLOSE_IN,0.28895145337150746,0.5625399478938244,0.5838629163136752,0.6862739075123838,10.631950793342671,2803.4685520665366,3.5,-0.2
12.155436277389526,CLOSE_IN,0.29766406629953346,0.5702134359466854,0.5401012604397641,0.7493868479126019,10.489937662604827,2767.1479562662994,3.5,-0.2
12.175671100616455,CLOSE_IN,0.3064241462752827,0.5774822338420679,0.5155832513221182,0.8447992559789973,11.482191938583846,2919.068374762864,3.5,-0.2
12.196241855621338,CLOSE_IN,0.3155123965123521,0.5845737233311916,0.5919930648092532,0.8790873003237408,11.057839833662136,2786.152091140997,3.5,-0.2
12.216365575790405,CLOSE_IN,0.3245731593722333,0.5912089238438543,0.5401869737890225,0.7167759020463446,11.099654502603862,2940.3837982511177,3.5,-0.2
12.236863136291504,CLOSE_IN,0.3339665044490429,0.597648948780961,0.5595274827121062,0.7546945272159913,11.055306610150415,2874.137463977928,3.5,-0.2
12.257580518722534,CLOSE_IN,0.34362003292385923,0.6038205166053471,0.5884799152124643,0.7536901275827873,10.406173413590853,2768.0814783279593,3.5,-0.2
12.278533697128296,CLOSE_IN,0.35353699244521486,0.609706414326522,0.5756960710901922,0.6716523061980757,11.184900553959146,2804.4440866891246,3.5,-0.2
12.29931378364563,CLOSE_IN,0.363514936979846,0.6151800457707713,0.5936849651481967,0.7831127034513883,10.564004565420671,2930.326204539774,3.5,-0.2
12.319612979888916,CLOSE_IN,0.3733900738109665,0.6201682584777608,0.5125336953087067,0.8659414871998352,10.406373713031359,2686.1186180252616,3.5,-0.2
12.339961528778076,RAM,0.38340701523907755,0.6248044302343657,0.4535072509294581,0.9315545393445372,9.640656379695187,2922.1907560058753,5.0,0.0
12.360306739807129,RAM,0.39353090191154916,0.6290676516922132,0.5270488847302052,0.9362699424471195,10.589155949668452,2668.813622817618,5.0,0.0
12.381037712097168,RAM,0.40394867243325355,0.6330215934462353,0.4812510842633075,0.8481898204645871,10.772145776764152,2734.434153013905,5.0,0.0
12.401391983032227,RAM,0.41426755908928303,0.6365140478508693,0.48790238077978254,0.724919651657217,10.030469486898713,2815.328675356294,5.0,0.0
12.422043085098267,RAM,0.4248185476919154,0.6396568994342666,0.5857011215920758,0.7229162996804592,10.64421624065519,2719.403813903073,5.0,0.0
12.442579746246338,RAM,0.43538262149749063,0.6423769690153546,0.599491416198056,0.6563232733501658,10.486147877638368,2746.1163227414045,5.0,0.0
12.462825536727905,RAM,0.44585713492621254,0.6446583398059195,0.48077673091673906,0.6650208503791226,9.480482623295398,2703.4570187927097,5.0,0.0
12.483533382415771,RAM,0.45662227646029374,0.6465768371818919,0.506064998153699,0.9047868977263835,10.257041999028397,2905.6145222418636,5.0,0.0
12.503990411758423,RAM,0.4672981620451637,0.6480568775419455,0.4763395147557924,0.9058784133056134,9.099437629881438,2773.984547724485,5.0,0.0
12.524744749069214,RAM,0.4781606176951349,0.6491341439360373,0.506736375580787,0.8030426241228596,9.730034828287744,2748.9341080537934,5.0,0.0
12.545490980148315,RAM,0.4890399840389849,0.6497820521124956,0.5890234155438079,0.7589187093774529,10.441089535710578,2651.5457136208847,5.0,0.0
12.56631326675415,RAM,0.49996989250740026,0.6499999983556262,0.5454569798657313,0.821618047693514,9.617145355729164,2737.671219134291,5.0,0.0
12.58700156211853,RAM,0.5108295188430866,0.6497872121898967,0.5312648846913853,0.8372096391286843,9.842054728824765,2762.321001566791,5.0,0.0
12.607603073120117,RAM,0.5216332425614711,0.6491504237952838,0.4763174082231389,0.9391595514314649,10.068636712193273,2824.333367355053,5.0,0.0
12.627858400344849,RAM,0.5322353396105499,0.6481120072290293,0.5322480176969939,0.910785199808595,9.497768323783564,2790.168801515899,5.0,0.0
12.648558378219604,RAM,0.5430393610920748,0.6466301835081371,0.5346242626881348,0.7330603686561363,9.470420186360036,2912.0743794600994,5.0,0.0
12.669432163238525,RAM,0.553892054024083,0.6447079353195022,0.5799743311140783,0.8325244251794921,9.910407474803025,2848.451537340935,5.0,0.0
12.689798593521118,RAM,0.5644301272641985,0.6424213699857778,0.49577080516720434,0.8122702480848798,8.722044775221763,2726.07586581559,5.0,0.0
12.710126876831055,RAM,0.5748885105517421,0.6397380523063807,0.4758108911914428,0.9323583725365512,9.970589760553358,2784.026375704065,5.0,0.0
12.7307710647583,RAM,0.5854381109871234,0.6366075557609485,0.5918982891276672,0.806947132569041,8.652517156792058,2683.3740319281287,5.0,0.0
12.751008749008179,RAM,0.5957005266527126,0.6331472034008896,0.5764134627232449,0.9229133037954206,8.75784003017507,2712.1163405964417,5.0,0.0
12.771538496017456,RAM,0.6060208983406224,0.6292467331831038,0.49701590742179225,0.8231529663727628,8.412857491085566,2875.3167054753417,5.0,0.0
12.792195796966553,RAM,0.6163039000424945,0.6249320061038542,0.55219508256779,0.8497112159157579,8.782214464804925,2835.2600725013385,5.0,0.0
12.8123939037323,RAM,0.626250427219875,0.6203419596310479,0.5435067658370185,0.7164472618607183,8.670224613704246,2847.8017208981696,5.0,0.0
12.832771301269531,RAM,0.6361677925849948,0.6153468747445592,0.5297581549284187,0.6952072894518884,8.429460645970167,2837.727739232988,5.0,0.0
12.853293657302856,RAM,0.6460271146170843,0.6099548205554071,0.5169336807026647,0.795464653471781,9.694232942006645,2815.476884334512,5.0,0.0
12.874194145202637,RAM,0.655925824011169,0.6040999870463013,0.4555419082995831,0.656304968173962,9.150695169575641,2846.8993222866175,5.0,0.0
12.894394874572754,RAM,0.665347589822252,0.5981021940930524,0.5980925799632026,0.9452252904930605,8.254874050120335,2863.8761089660106,5.0,0.0
12.914932012557983,RAM,0.6747705940020822,0.5916731410957463,0.5395475257272697,0.711573322242889,9.543645203279734,2799.733053476335,5.0,0.0
12.935357809066772,RAM,0.6839780309897423,0.5849582218806372,0.5848047795555222,0.7901751050182828,9.427672570523129,2665.1795226823733,5.0,0.0
12.955803394317627,RAM,0.6930214423333033,0.5779277271868337,0.5812741484440652,0.9072390109546077,8.320975141123926,2873.0495564973235,5.0,0.0
12.976030588150024,RAM,0.701789651241539,0.5706795667462667,0.46121017554594224,0.9416941645503889,8.873196290558587,2690.4270476813235,5.0,0.0
12.996387720108032,RAM,0.7104266297406088,0.5631028852132827,0.5078661470721685,0.7147204660250102,8.027328296007605,2891.897064353116,5.0,0.0
13.017125129699707,RAM,0.7190231747819815,0.5551067991556472,0.5512340525678072,0.8521791989223362,9.38867014069739,2949.8232719779135,5.0,0.0
13.037675380706787,RAM,0.7273331113000346,0.5469196675073582,0.4549051383326881,0.7820978612754117,8.858261988996707,2836.9250755232088,5.0,0.0
13.058029174804688,RAM,0.7353507223209655,0.5385661567757298,0.5276998081236299,0.6862608642347885,8.367909828648756,2918.38825394901,5.0,0.0
13.07862377166748,RAM,0.7432398921854728,0.5298801958649477,0.504830157781409,0.6819806609525536,8.99668855438706,2896.4899721404763,5.0,0.0
13.099063396453857,RAM,0.7508402208748517,0.5210417221114577,0.5930460240256314,0.6846849901966334,8.670450333418927,2909.122780739933,5.0,0.0
13.119714498519897,RAM,0.7582797181174105,0.5119064584291606,0.47731632193912904,0.6927174974939818,8.254875436586913,2804.8679207902046,5.0,0.0
13.14017939567566,RAM,0.7654076845870208,0.5026652206142823,0.49488069626947845,0.8705230066196511,8.854165074390721,2673.9531381487436,5.0,0.0
13.160284280776978,RAM,0.772166774589902,0.49341900755964524,0.46830197232260046,0.6751539709221417,8.889976372437411,2778.77273771523,5.0,0.0
13.18049144744873,RAM,0.7787108413729067,0.4839736048798057,0.48332844964701477,0.6944366154660124,8.140041046508141,2854.886015126593,5.0,0.0
13.201085805892944,RAM,0.7851168116471818,0.47420621661232204,0.5266182940903182,0.8008593215770617,8.683159681896033,2656.1042331729773,5.0,0.0
13.221553802490234,RAM,0.7912139256544102,0.46437400700092285,0.5295272699613525,0.8446292057218912,9.030978731230645,2754.941603945183,5.0,0.0
13.242213249206543,RAM,0.7970897088573188,0.4543405049654807,0.4879837076444112,0.6516587275051184,8.16983634666047,2849.296530547362,5.0,0.0
13.262774467468262,RAM,0.8026543137810378,0.4442625824139032,0.582455462189399,0.764783809425351,8.172290322836261,2660.0598059926615,5.0,0.0
13.283433437347412,RAM,0.8079554420678363,0.4340614005629359,0.4978609240660657,0.941096336482895,7.550351846368198,2836.8147885939056,5.0,0.0
13.303675174713135,RAM,0.8128627362388834,0.42400973858893254,0.5782095762529538,0.7301931710720231,7.600280890399807,2658.384870890778,5.0,0.0
13.324088096618652,RAM,0.8175194480521506,0.4138332718208154,0.522089297357538,0.8089903697795253,7.609576715978209,2692.5869548272326,5.0,0.0
13.344443798065186,RAM,0.8218666946870428,0.4036623588390624,0.46178907038834555,0.8632837187772372,7.87442468767205,2857.330489264964,5.0,0.0
13.364686250686646,RAM,0.8258922095735317,0.3935419819856217,0.5158887560472678,0.9290404292648229,7.884429475462244,2773.3343400512917,5.0,0.0
13.385336875915527,RAM,0.8296892891268492,0.38322855644966847,0.47589563836767523,0.7207444095322266,8.736972390249113,2664.1085015354583,5.0,0.0
13.405965805053711,RAM,0.833166564424566,0.3729545198170527,0.5567378955382111,0.8989318490190271,7.579762750849113,2943.1440497274534,5.0,0.0
13.426356077194214,RAM,0.8362901574024396,0.3628445127746926,0.566440531622465,0.6839817883702968,7.633264749268863,2658.0001656697846,5.0,0.0
13.447422504425049,RAM,0.8391869159193879,0.35246433552404843,0.5355515384446451,0.6657207231210334,7.702024628831507,2795.924411826451,5.0,0.0
13.46779990196228,RAM,0.8416667276239918,0.3425037551727134,0.5931540986041266,0.6867411949886554,8.156941164963602,2744.5360677372364,5.0,0.0
13.488144397735596,RAM,0.843824119465898,0.3326545027858014,0.4533369715714876,0.8264867323543148,7.724610238115772,2673.7789317417282,5.0,0.0
13.508853912353516,RAM,0.8456913710585163,0.3227431350937404,0.5888879277583206,0.8667348351691081,7.597988631859578,2862.0685815174243,5.0,0.0
13.529453039169312,RAM,0.8472177730933408,0.3130160285604329,0.48440990487429403,0.9331250411136174,7.438729303374935,2674.794816633734,5.0,0.0
13.549993753433228,RAM,0.848409783956471,0.303463479011393,0.5964383325076861,0.6561124240852823,8.146147142865193,2671.5317870265576,5.0,0.0
13.570377826690674,RAM,0.8492657535015913,0.2941447776089154,0.5326350324249304,0.931465761918146,8.257188632998442,2945.5647012372033,5.0,0.0
13.590837955474854,RAM,0.849796583867108,0.2849682232447822,0.5673371493956836,0.6937990272270456,8.133440124842148,2942.0795426006107,5.0,0.0
13.611445188522339,RAM,0.8499982253578526,0.275920400015345,0.4744321338237882,0.8437656476578803,8.593020302468325,2686.0715040499986,5.0,0.0
13.632230281829834,RAM,0.8498628758373805,0.267008001272758,0.5125714821656573,0.752955778676347,8.564278120250812,2871.8057310301724,5.0,0.0
13.652519941329956,RAM,0.8494027563553035,0.2585295600417971,0.5387667102798731,0.8690026964426697,7.981591057437982,2727.930719766891,5.0,0.0
13.672981977462769,RAM,0.8486109818103065,0.25021502845983234,0.5311008398552473,0.9070365445297708,8.35792952663138,2687.035741288681,5.0,0.0
13.693567514419556,RAM,0.847483063471888,0.24210343843936938,0.5149687871927874,0.8107695461939497,8.573413716996704,2883.3999125239025,5.0,0.0
13.714182376861572,RAM,0.8460215424480676,0.2342484773191935,0.5956864706174736,0.9353995133905127,7.37843381076784,2662.0742292783743,5.0,0.0
13.734413862228394,RAM,0.8442655279607298,0.2268134269595269,0.5450488968273525,0.8606654506294974,7.2733487494630475,2866.6680011926187,5.0,0.0
13.754703283309937,RAM,0.842186095085621,0.21964182697347054,0.5661005842623649,0.7145898374492068,7.620125285552061,2827.7650935585457,5.0,0.0
13.774857521057129,RAM,0.8398067518013735,0.21281196795881094,0.5966536366530923,0.8095360310743758,8.717343701955796,2947.3318046344107,5.0,0.0
13.795518636703491,RAM,0.8370452381454428,0.20612609683926342,0.5938353278110434,0.8926213058429819,7.92054643303414,2745.3419408876844,5.0,0.0
13.816086769104004,RAM,0.8339746294062733,0.199799065121252,0.5167416895827455,0.8050388602013034,8.677689060808515,2758.026576800813,5.0,0.0
13.836646795272827,RAM,0.83058754706189,0.1938130561225316,0.5064653769249476,0.8551024294112027,7.644783950438799,2835.626982131227,5.0,0.0
13.857056617736816,RAM,0.8269142385369699,0.18821552854076398,0.5449896053450191,0.7166828286801472,8.631209120964854,2948.918954647047,5.0,0.0
13.877647161483765,RAM,0.8228979535238119,0.18292599919168456,0.45262876321657436,0.6994481216275592,8.111618541390591,2948.8180980777206,5.0,0.0
13.898142576217651,RAM,0.8185943501237138,0.17802642761951581,0.5957399131612738,0.665715282957817,7.897479643064819,2672.945519173583,5.0,0.0
13.918554306030273,RAM,0.8140090621660958,0.1735174885715199,0.5842501813003056,0.7966282883255911,7.3927037134818265,2749.6275084559297,5.0,0.0
13.93876576423645,RAM,0.8091787256834673,0.16942462373588565,0.5199159346034476,0.8989056678732645,8.062303321190154,2814.803117632209,5.0,0.0
13.958913564682007,RAM,0.8040807847217835,0.16571957703998422,0.5553962754741697,0.8841009837415597,8.00698300496818,2846.5561261852404,5.0,0.0
13.979721307754517,RAM,0.7985244108427904,0.1622924848424991,0.5256887692883148,0.9455279067137425,8.288868987580345,2853.7418107325884,5.0,0.0
14.000193119049072,RAM,0.7927739283014087,0.1593223928383225,0.4676514926567429,0.698695598460597,8.048214087561718,2892.603567599561,5.0,0.0
14.02073335647583,RAM,0.7867267921818768,0.15674781408900215,0.45188022670028993,0.8381041555454749,8.025501939353584,2944.788404400569,5.0,0.0
14.041703224182129,RAM,0.7802724532407901,0.15454283533371832,0.4645478902070785,0.9281043395143056,8.675748194910003,2884.6065659093174,5.0,0.0
14.061935663223267,RAM,0.7737821899336639,0.15282453783082955,0.5120738934789405,0.9455236390295314,7.871506138173187,2782.410436251194,5.0,0.0
14.082407474517822,RAM,0.7669585266173273,0.1514978015926614,0.569248327995047,0.710466856237166,8.687067421505418,2738.8077699133805,5.0,0.0
14.102865219116211,RAM,0.7598880974086356,0.15058807336912564,0.45327525834796156,0.6872138864089732,8.29285616409949,2880.172222209562,5.0,0.0
14.123112201690674,RAM,0.7526495462556722,0.15009876134747105,0.459263243273244,0.934166071663387,8.04244327724271,2777.8506258560114,5.0,0.0
14.143399953842163,RAM,0.745162702427304,0.15001942497202675,0.5573051526610346,0.7582530447996072,7.959340240546909,2767.228463209676,5.0,0.0
14.163938283920288,RAM,0.7373521698225737,0.15035826679397366,0.551788423531818,0.8852081842094349,8.715317403894524,2699.169048287107,5.0,0.0
14.184503316879272,RAM,0.7293057926242267,0.15111952966970424,0.5200096894122839,0.8772873688257675,8.761698416224379,2678.9820889741645,5.0,0.0
14.204821109771729,RAM,0.7211418564006623,0.15228505377565063,0.5906572238963854,0.6534985444557986,7.568391125788174,2659.488344637844,5.0,0.0
14.225574016571045,RAM,0.712591111317036,0.15389773494560732,0.48704349512708256,0.8283177275641085,8.947241866975457,2697.160717283539,5.0,0.0
14.245849609375,RAM,0.7040380299033598,0.15588274419251447,0.5254959327476865,0.672832372041519,8.484402280118365,2809.0770930846375,5.0,0.0
14.266478300094604,RAM,0.6951423714549807,0.15831421652638186,0.595788828310225,0.6882174144415182,7.786716405298959,2787.6095794774346,5.0,0.0
14.286901950836182,RAM,0.6861510515513135,0.16112675626547932,0.5938010943138662,0.813607522817301,7.9081311346038685,2810.196978769785,5.0,0.0
14.307597875595093,RAM,0.6768617003655506,0.16438327668272054,0.5992626355396086,0.7031236053628193,8.447043585888649,2748.201278570186,5.0,0.0
14.328168630599976,RAM,0.6674596244679234,0.1680200804437613,0.46027640042101525,0.9354699192977758,8.15063357019625,2829.105209236616,5.0,0.0
14.348690748214722,RAM,0.6579209108326383,0.1720394986596571,0.5690717636609546,0.7546808905813363,9.120815568243506,2677.5270722617533,5.0,0.0
14.369365692138672,RAM,0.6481598759534314,0.1764771056962831,0.4685206749498966,0.749195015878026,9.096458935382795,2915.3454218976517,5.0,0.0
14.389756441116333,RAM,0.6383934124270554,0.18122803527234016,0.5853888911862464,0.7729823051129248,7.781714938743208,2745.7668704576445,5.0,0.0
14.41030764579773,RAM,0.6284191301212125,0.1863844292142851,0.5534419885433387,0.775425839887106,7.859362876229848,2835.682046652895,5.0,0.0
14.430919885635376,RAM,0.6182926644828747,0.191918570159926,0.5865318004852396,0.9016312820971092,8.418370093821428,2739.1973323543675,5.0,0.0
14.451850414276123,RAM,0.6078941752378444,0.19789992333058432,0.5640448742120152,0.8326466654040885,8.263155210364332,2662.224255913486,5.0,0.0
14.472646713256836,RAM,0.5974570294052982,0.2041936395938493,0.5700222613294654,0.6759306384836334,8.756908508791614,2724.4060094783763,5.0,0.0
14.493139266967773,RAM,0.5870795173702393,0.21072678668772046,0.5831761379723809,0.7978127565279174,7.972223050687122,2838.2077120914305,5.0,0.0
14.513836860656738,RAM,0.576514693915231,0.2176479428572675,0.5324803553911909,0.6691330712905423,8.273221999978507,2801.179636856674,5.0,0.0
14.534358739852905,RAM,0.5659667245933132,0.22481883491009724,0.4662364365455529,0.7762785844297166,8.58046733280545,2816.293031007482,5.0,0.0
14.554940223693848,RAM,0.5553253525371156,0.23230689608962013,0.5488101894130021,0.8964038706874747,8.282862735156943,2887.395167348764,5.0,0.0
14.575225114822388,RAM,0.5447856899580047,0.23996509655458353,0.47971972811110863,0.8091222673085375,9.319806036862019,2779.872617081645,5.0,0.0
14.59557580947876,RAM,0.5341701853133425,0.2479127753149494,0.46770286356532165,0.7000989444286713,8.875041605402073,2886.560137953073,5.0,0.0
14.616085052490234,RAM,0.5234397916734932,0.2561772024396375,0.49346362297785706,0.9472535634414833,8.831709849303715,2731.102280315803,5.0,0.0
14.636863708496094,RAM,0.5125458661081902,0.26479686763952925,0.5780107324965005,0.8870902094999328,8.560243159478958,2789.6886666707132,5.0,0.0
14.657254695892334,RAM,0.5018432774305253,0.2734827776694054,0.4773512384498511,0.8268729144995168,8.934629670295262,2910.43809369444,5.0,0.0
14.677688121795654,RAM,0.4911166913840447,0.2823978025960494,0.45891279211123787,0.8039151374337787,9.337965187818098,2791.91931160328,5.0,0.0
14.697943449020386,RAM,0.4804918056952987,0.2914289871777472,0.4937220546523223,0.8231750679745665,9.769685828657337,2823.848065489583,5.0,0.0
14.718376159667969,RAM,0.4697921472817624,0.3007197167133203,0.5562149021718572,0.8599421385413719,9.561932605866811,2930.527913062112,5.0,0.0
14.739176511764526,RAM,0.45892917834036095,0.310347789704112,0.492216956217623,0.9072849626496979,9.142284163677399,2789.044522157741,5.0,0.0
14.75969123840332,RAM,0.4482544882107945,0.3199956786046313,0.5028600591340787,0.73943460191992,9.895112032890985,2909.2018271875495,5.0,0.0
14.779810667037964,RAM,0.437833013740049,0.3295885593199164,0.5023024746166247,0.7221644506303602,9.268825111756719,2773.396713512062,5.0,0.0
14.799945831298828,RAM,0.42746007361669036,0.3393030648115694,0.5811259954734982,0.6940920959020813,8.62080600565809,2864.8512516343158,5.0,0.0
14.82046627998352,RAM,0.41695678764729627,0.34930461399066925,0.46286392040604085,0.7145236419190902,8.68249891793129,2781.014083518172,5.0,0.0
14.840816736221313,RAM,0.4066181826156727,0.35930767514771256,0.5066846834538554,0.8362348525526169,9.174725724669488,2655.1961280575924,5.0,0.0
14.861511945724487,RAM,0.39619372016593063,0.3695492223641219,0.5394626727374857,0.8114062088281158,8.977294013575317,2807.1042272429904,5.0,0.0
14.882195234298706,RAM,0.38587519967445644,0.3798369883412876,0.5569204244875615,0.7456746324311603,9.951489730366898,2654.396158116561,5.0,0.0
14.902951002120972,RAM,0.37563095181351963,0.39019546385802484,0.5801851132618299,0.825620094540139,10.047500048611493,2665.70293241036,5.0,0.0
14.923354387283325,RAM,0.36567806149666915,0.40039464120200463,0.5343125216233245,0.6721345425051227,9.106547634531434,2842.5427240099357,5.0,0.0
14.94366455078125,RAM,0.3558955760156268,0.4105465923298401,0.5066859980560882,0.8871708360991496,9.759078890278296,2696.453260452186,5.0,0.0
14.964274168014526,RAM,0.34610561212967395,0.42083035381045125,0.599291528307375,0.8217975085386249,9.518717586395185,2729.126399001376,5.0,0.0
14.984694004058838,RAM,0.336550810247942,0.43098457225681114,0.5249913456086971,0.7998575211429038,10.218056965437922,2930.1515935134685,5.0,0.0
15.005178689956665,RAM,,,,,10.614962430210841,2695.870432640461,0.0,0.0
15.025824785232544,RAM,,,,,9.692275970036563,2829.8766113294005,0.0,0.0
15.046249628067017,RAM,,,,,10.332960380720774,2850.027102254209,0.0,0.0
15.066787242889404,RAM,,,,,10.400368598781892,2857.5977400448182,0.0,0.0
15.087037086486816,RAM,,,,,10.002335056620751,2712.1147715461907,0.0,0.0
15.107538938522339,RAM,,,,,10.69658133558045,2683.4805010326804,0.0,0.0
15.12772798538208,RAM,,,,,10.8662899126661,2733.155807892654,0.0,0.0
15.14826488494873,RAM,,,,,9.924729072261831,2873.3956137513997,0.0,0.0
15.16891622543335,RAM,,,,,10.86458608960408,2831.847363820582,0.0,0.0
15.189430713653564,RAM,,,,,10.59946674157371,2925.4612487814047,0.0,0.0
15.209850788116455,RAM,,,,,10.43634152342159,2804.2441835614773,0.0,0.0
15.230881452560425,RAM,,,,,10.928389349065547,2921.825467451526,0.0,0.0
15.251455783843994,RAM,,,,,10.483425098070404,2905.1193187050744,0.0,0.0
15.271646499633789,RAM,,,,,10.790618878033303,2666.9824487096944,0.0,0.0
15.292232990264893,RAM,,,,,10.475457477714013,2936.945787808782,0.0,0.0
15.312562465667725,RAM,,,,,11.094003391019132,2866.845801865646,0.0,0.0
15.333015441894531,RAM,,,,,11.561240055325039,2672.5327688633342,0.0,0.0
15.353718996047974,RAM,,,,,10.501744683035293,2844.460927274128,0.0,0.0
15.374277591705322,RAM,,,,,11.46714094669246,2905.7793468352534,0.0,0.0
15.395025253295898,RAM,,,,,11.237346528487043,2651.4469759066856,0.0,0.0
15.415325164794922,RAM,,,,,11.529674703628615,2843.3537926573404,0.0,0.0
15.436046361923218,RAM,,,,,11.596953984902234,2686.678189291886,0.0,0.0
15.45659327507019,RAM,,,,,10.893013927934973,2793.2475130069165,0.0,0.0
15.477027177810669,RAM,,,,,10.85279255493831,2760.321854357158,0.0,0.0
15.497594356536865,RAM,,,,,11.50830152778591,2910.7989492898973,0.0,0.0
15.518311023712158,RAM,,,,,11.651113344166552,2686.2929320948747,0.0,0.0
15.53879451751709,RAM,,,,,11.239257272638243,2759.900532936178,0.0,0.0
15.558890342712402,RAM,,,,,11.183323925638891,2797.6962838416534,0.0,0.0
15.579388618469238,RAM,,,,,11.175846332963914,2682.696806274699,0.0,0.0
15.600010395050049,RAM,,,,,12.099261017436001,2941.530707327762,0.0,0.0
15.620353937149048,RAM,,,,,11.512259473778075,2767.1374569794266,0.0,0.0
15.640699625015259,RAM,,,,,11.833142248068711,2858.5727497261487,0.0,0.0
15.661074161529541,RAM,,,,,11.798910691693791,2924.2468420614896,0.0,0.0
15.681772470474243,RAM,,,,,11.24234822099314,2771.843860045443,0.0,0.0
15.703798055648804,RAM,,,,,11.991826509455837,2869.9768576618403,0.0,0.0
15.724487066268921,RAM,,,,,12.465367747134708,2773.4482754511773,0.0,0.0
15.74484896659851,RAM,,,,,12.634083138745076,2924.0742110738147,0.0,0.0
15.765377759933472,RAM,,,,,11.912854351222773,2866.118125565172,0.0,0.0
15.78594160079956,RAM,,,,,12.857955860610062,2690.1253563780197,0.0,0.0
15.806357622146606,RAM,,,,,12.650339953916074,2709.701834291067,0.0,0.0
15.826846599578857,RAM,,,,,12.071559111120516,2704.4552367416904,0.0,0.0
15.847566843032837,RAM,,,,,12.435536077263995,2669.097051464633,0.0,0.0
15.867808103561401,RAM,,,,,12.422233553368946,2749.6253595073836,0.0,0.0
15.888285875320435,RAM,,,,,12.701543764231701,2928.4261084423,0.0,0.0
15.908525228500366,RAM,,,,,12.112856832880386,2692.0373082046476,0.0,0.0
15.928701400756836,RAM,,,,,12.893759611183077,2777.1696122768185,0.0,0.0
15.949479818344116,RAM,,,,,13.179123834862748,2678.720545833861,0.0,0.0
15.969809532165527,RAM,,,,,12.10729142544179,2655.006711194767,0.0,0.0
15.990233182907104,RAM,,,,,13.494520870885674,2700.1447232503238,0.0,0.0
16.010508060455322,RAM,,,,,12.888780377002952,2947.9583133591373,0.0,0.0
16.031386137008667,RAM,,,,,13.56275312882037,2687.139319425856,0.0,0.0
16.051697969436646,RAM,,,,,12.56035303063709,2891.7024006395914,0.0,0.0
16.071911334991455,RAM,,,,,13.001329665976737,2673.6384722175435,0.0,0.0
16.092227935791016,RAM,,,,,13.570772688378474,2755.347940140494,0.0,0.0
16.11281132698059,RAM,,,,,12.535816060236144,2777.83857814998,0.0,0.0
16.1334011554718,RAM,,,,,13.052987560577696,2725.3837423145374,0.0,0.0
16.15395426750183,RAM,,,,,12.701558098733242,2690.551825089077,0.0,0.0
16.174455165863037,RAM,,,,,13.565073532602725,2756.573043033226,0.0,0.0
16.194997549057007,RAM,,,,,13.175961545768256,2772.54628335395,0.0,0.0
16.215578317642212,RAM,,,,,13.9544677857723,2793.0211019816215,0.0,0.0
16.23625349998474,RAM,,,,,13.282084256898239,2715.9245397285636,0.0,0.0
16.256823539733887,RAM,,,,,13.255047577747264,2948.823215280278,0.0,0.0
16.277292490005493,RAM,,,,,13.205242592179701,2754.332020410152,0.0,0.0
16.297662258148193,RAM,,,,,13.40138804755681,2863.8055542903016,0.0,0.0
16.318346977233887,RAM,,,,,14.174331529984926,2899.1089468980754,0.0,0.0
16.338926076889038,RAM,,,,,13.974481518722769,2881.812880251262,0.0,0.0
16.359084129333496,RAM,,,,,13.951542364774108,2815.8788580838245,0.0,0.0
16.37949538230896,RAM,,,,,13.769741059234855,2904.455861628828,0.0,0.0
16.399888515472412,RAM,,,,,14.658972574398755,2721.7718417471547,0.0,0.0
16.420496702194214,RAM,,,,,14.021448844547402,2721.790270321054,0.0,0.0
16.44115948677063,RAM,,,,,14.191304454310268,2920.4325366216794,0.0,0.0
16.461639165878296,RAM,,,,,13.67311946917037,2779.4639901452865,0.0,0.0
16.48230242729187,RAM,,,,,14.048344715271663,2826.2139824425753,0.0,0.0
16.502631902694702,RAM,,,,,13.66506617267845,2844.052134696424,0.0,0.0
16.523146629333496,RAM,,,,,14.600323081790247,2726.430375380473,0.0,0.0
16.543593406677246,RAM,,,,,14.881662197825463,2929.644591322406,0.0,0.0
16.564074993133545,RAM,,,,,14.646358612492405,2706.566050788998,0.0,0.0
16.58484673500061,RAM,,,,,14.203015233263228,2936.6027863354984,0.0,0.0
16.605458974838257,RAM,,,,,14.023573306139085,2717.8552455395197,0.0,0.0
16.62603497505188,RAM,,,,,14.184020002315867,2866.427294379037,0.0,0.0
16.646545886993408,RAM,,,,,15.336510089911174,2726.47875269439,0.0,0.0
16.66701316833496,RAM,,,,,14.671235804250845,2900.4097583769385,0.0,0.0
16.687669277191162,RAM,,,,,14.393245603520672,2729.234192616506,0.0,0.0
16.708537101745605,RAM,,,,,14.438018607466482,2657.72186507828,0.0,0.0
16.728888034820557,RAM,,,,,15.15024398510289,2799.8293099753164,0.0,0.0
16.749284982681274,RAM,,,,,14.962572343521309,2682.431418650073,0.0,0.0
16.769723892211914,RAM,,,,,14.348298408944297,2719.568561122204,0.0,0.0
16.790162324905396,RAM,,,,,15.719596654125581,2805.134966413723,0.0,0.0
16.810667037963867,RAM,,,,,14.991105368427574,2923.392939322621,0.0,0.0
16.830946445465088,RAM,,,,,15.496084091383576,2659.1333156874284,0.0,0.0
16.851529121398926,RAM,,,,,14.849889061781525,2803.6835270601964,0.0,0.0
16.872060298919678,RAM,,,,,15.304074155974806,2710.0805533705116,0.0,0.0
16.892231941223145,RAM,,,,,14.500093870934215,2669.35168788755,0.0,0.0
16.912765741348267,RAM,,,,,15.455691346844858,2734.8401903093604,0.0,0.0
16.93307590484619,RAM,,,,,15.452173638226855,2882.347645779367,0.0,0.0
16.953601837158203,RAM,,,,,14.789490311613045,2704.78601989119,0.0,0.0
16.973866939544678,RAM,,,,,15.82357607637834,2782.5801777169436,0.0,0.0
16.99421715736389,FAILSAFE,,,,,15.0722734576974,2650.5413373536157,0.0,0.0
17.014827251434326,FAILSAFE,,,,,15.039235301098188,2915.644212030071,0.0,0.0
17.035938501358032,FAILSAFE,,,,,15.72436154093918,2828.046454675741,0.0,0.0
17.05645990371704,FAILSAFE,,,,,16.061863346654167,2886.7628066941043,0.0,0.0
17.076672792434692,FAILSAFE,,,,,15.716471175690206,2823.635882100612,0.0,0.0
17.097383737564087,FAILSAFE,,,,,15.004759298750015,2933.693542183925,0.0,0.0
17.11821413040161,FAILSAFE,,,,,15.876249094965527,2868.7841109929454,0.0,0.0
17.138549089431763,FAILSAFE,,,,,16.280614991037496,2924.7293530877087,0.0,0.0
17.158908128738403,FAILSAFE,,,,,14.960522402107873,2857.0567503550624,0.0,0.0
17.17925453186035,FAILSAFE,,,,,16.428961564584647,2867.2328165008926,0.0,0.0
17.199758291244507,FAILSAFE,,,,,16.200071960562806,2826.2511463095566,0.0,0.0
17.22026228904724,FAILSAFE,,,,,15.785034585379027,2934.9311443946294,0.0,0.0
17.2407124042511,FAILSAFE,,,,,16.074254730641606,2692.715625575116,0.0,0.0
17.2611243724823,FAILSAFE,,,,,16.468340013761257,2702.589960549082,0.0,0.0
17.281585693359375,FAILSAFE,,,,,15.551671122893637,2941.5386772776997,0.0,0.0
17.301974058151245,FAILSAFE,,,,,16.416628567810992,2826.722354179926,0.0,0.0
17.32215690612793,FAILSAFE,,,,,16.249290412365134,2725.5983220317885,0.0,0.0
17.342374324798584,FAILSAFE,,,,,16.145344318879506,2780.659800720939,0.0,0.0
17.36261248588562,FAILSAFE,,,,,15.895194294283053,2889.0645375018726,0.0,0.0
17.38315176963806,FAILSAFE,,,,,15.25144198599586,2939.883612138069,0.0,0.0
17.403711795806885,FAILSAFE,,,,,16.287731350387435,2804.653533152438,0.0,0.0
17.42437171936035,FAILSAFE,,,,,16.405202712581705,2669.6999290453173,0.0,0.0
17.444604873657227,FAILSAFE,,,,,15.21345337372472,2863.075315329934,0.0,0.0
17.465269088745117,FAILSAFE,,,,,15.362622450792811,2898.7564477334336,0.0,0.0
17.485874891281128,FAILSAFE,,,,,15.27486395600095,2917.8799042316955,0.0,0.0
17.50623321533203,FAILSAFE,,,,,15.929467807750257,2933.2957849897252,0.0,0.0
17.526848793029785,FAILSAFE,,,,,16.128698294058196,2885.8283388672858,0.0,0.0
17.547399520874023,FAILSAFE,,,,,15.989560282854033,2812.8613787536606,0.0,0.0
17.567938804626465,FAILSAFE,,,,,15.505367564022302,2857.599359759008,0.0,0.0
17.588144540786743,FAILSAFE,,,,,16.483193105261964,2864.978427788599,0.0,0.0
17.608708381652832,FAILSAFE,,,,,15.926146754119744,2936.457046219738,0.0,0.0
17.62946629524231,FAILSAFE,,,,,15.376214973581572,2751.2627718233402,0.0,0.0
17.64999771118164,FAILSAFE,,,,,15.381635370453436,2917.847031121602,0.0,0.0
17.670519590377808,FAILSAFE,,,,,16.595728544377597,2882.908082956754,0.0,0.0
17.690998554229736,FAILSAFE,,,,,15.531050169016046,2887.9019975147266,0.0,0.0
17.71155858039856,FAILSAFE,,,,,16.405143818443285,2885.7488434060956,0.0,0.0
17.73211097717285,FAILSAFE,,,,,16.172457694666946,2656.2394026194133,0.0,0.0
17.752712726593018,FAILSAFE,,,,,15.868774344299183,2755.1027631115708,0.0,0.0
17.773223638534546,FAILSAFE,,,,,15.306210562655414,2872.160219181869,0.0,0.0
17.793319940567017,FAILSAFE,,,,,15.679607037835604,2768.2901339884547,0.0,0.0
17.813661813735962,FAILSAFE,,,,,16.52118247931152,2897.284437435585,0.0,0.0
17.83432674407959,FAILSAFE,,,,,16.230077320627068,2716.3943917482493,0.0,0.0
17.854748010635376,FAILSAFE,,,,,15.9936022577898,2765.2341889189543,0.0,0.0
17.87544870376587,FAILSAFE,,,,,16.51683951874497,2849.905481785525,0.0,0.0
17.89606022834778,FAILSAFE,,,,,16.41195132230705,2784.541112943522,0.0,0.0
17.91648507118225,FAILSAFE,,,,,16.59300040482268,2705.2652440586153,0.0,0.0
17.936803817749023,FAILSAFE,,,,,15.262750225098946,2838.150509324011,0.0,0.0
17.957374095916748,FAILSAFE,,,,,16.489239679220347,2676.034781641275,0.0,0.0
17.97762703895569,FAILSAFE,,,,,15.85038050347013,2910.377885480839,0.0,0.0
17.998126745224,FAILSAFE,,,,,15.123593611447143,2707.996619734029,0.0,0.0
18.018362283706665,TRACK,0.8317886923791953,0.37713426383564047,0.5594597300850195,0.7350190869621502,16.49547860919784,2822.886545842729,-0.3981464308550343,0.12286573616435953
18.039007663726807,TRACK,0.8281794413376942,0.38743025482864474,0.4632627437555728,0.7896505765524093,16.224917548931145,2765.9678355307915,-0.39381532960523297,0.11256974517135526
18.059364557266235,TRACK,0.8243124666561663,0.39760343626986344,0.4978627500682621,0.7568172319267386,15.857057488268309,2735.522805052784,-0.38917495998739954,0.10239656373013656
18.08013153076172,TRACK,0.8200560543740255,0.407985527749412,0.5557586332618794,0.8203279059064374,16.285301468553143,2668.9865851530744,-0.3840672652488306,0.09201447225058801
18.100756645202637,TRACK,0.8155213408591448,0.4182831067666288,0.5121841543187163,0.6932784155236438,15.950684317680986,2824.4091970978443,-0.3786256090309738,0.08171689323337122
18.12100100517273,TRACK,0.8107766508241843,0.42836043995890766,0.5714684841613025,0.7577561253003797,15.239368463366366,2703.033313369692,-0.3729319809890211,0.07163956004109234
18.14136791229248,TRACK,0.8057140879853231,0.43845183282562594,0.4976770153214888,0.9476554883213734,15.855260328429027,2888.366762053536,-0.36685690558238765,0.06154816717437406
18.162123441696167,TRACK,0.8002614321046067,0.4486700415804825,0.525991980217521,0.8918169565581426,15.295880326628428,2772.321720300718,-0.36031371852552796,0.051329958419517485
18.182319164276123,TRACK,0.7946764481433493,0.45853230883056956,0.5350031542818838,0.7914647460812787,16.143711906658755,2787.145999346551,-0.3536117377720191,0.04146769116943044
18.203361988067627,TRACK,0.7885696282720291,0.46870643522289085,0.5316777746891859,0.8843991418150737,15.259660504721042,2715.4780876458617,-0.34628355392643495,0.03129356477710915
18.223711490631104,TRACK,0.7823905242094871,0.4784298023951358,0.4624369481292375,0.769373756930509,15.97650885794988,2740.581704566048,-0.3388686290513845,0.021570197604864227
18.243906021118164,TRACK,0.7759983687600046,0.48795074722148846,0.4657589243187912,0.7710991436253625,15.330640864047519,2664.237902079777,-0.3311980425120055,0.012049252778511543
18.26464557647705,TRACK,0.7691701749471949,0.4975791944278261,0.584409833254882,0.8165263686517231,16.21414960926385,2673.5493381388787,-0.3230042099366338,0.0024208055721738897
18.285719394683838,TRACK,0.7619651569454058,0.5071907923768381,0.5671800380292131,0.8900353036391804,15.708674376720788,2844.5687117538455,-0.3143581883344869,-0.007190792376838062
18.306431770324707,TRACK,0.754628624485669,0.5164521150807497,0.57747135879423,0.8259823681125403,15.21854499720686,2746.2415691283304,-0.30555434938280285,-0.01645211508074973
18.327022552490234,TRACK,0.7470915455449689,0.5254610504469551,0.4949954899053095,0.7500133905778965,15.938346777545535,2726.705410899195,-0.2965098546539627,-0.025461050446955125
18.34742832183838,TRACK,0.7393896387168013,0.5341791995747399,0.45232381225665663,0.8019137566798469,16.092791528668563,2813.6603347662926,-0.28726756646016155,-0.034179199574739916
18.36765456199646,TRACK,0.731534158380804,0.5426001728580685,0.5690207852085031,0.7307268988533075,15.6145890834636,2727.0269492145126,-0.27784099005696483,-0.0426001728580685
18.388296127319336,TRACK,0.7232977116111595,0.550953411787444,0.5689908068263227,0.921864984296023,15.905311455436083,2932.809949941835,-0.2679572539333914,-0.05095341178744395
18.409131288528442,TRACK,0.714766969457707,0.5591240880407832,0.5168615324919668,0.7070961228544954,15.12304850507387,2654.331719818999,-0.2577203633492484,-0.059124088040783174
18.429545879364014,TRACK,0.7062049252919553,0.5668619675085051,0.5880906359555974,0.936567923079018,15.762228681735982,2758.521461031687,-0.24744591035034638,-0.06686196750850515
18.450295448303223,CLOSE_IN,0.6973043063299929,0.5744417387401584,0.5795176061355962,0.940636605641798,14.57989470719804,2703.6339443748257,3.5,-0.2
18.470996856689453,CLOSE_IN,0.6882338859097605,0.5817045950755018,0.5581726669841872,0.7882428139301048,15.936507748075142,2682.52707133904,3.5,-0.2
18.49150514602661,CLOSE_IN,0.6790690991081028,0.588592646800035,0.47404426282679296,0.8823887981993696,15.040933507148937,2790.5584549282808,3.5,-0.2
18.512070894241333,CLOSE_IN,0.6697084858148102,0.5951814158964321,0.4761310257565448,0.7621832051512006,15.029051214306032,2677.5645952938494,3.5,-0.2
18.53263282775879,CLOSE_IN,0.6601881650206239,0.6014388940069251,0.47716148432467653,0.8943613819741097,14.556512854937884,2854.4560892705767,3.5,-0.2
18.55311918258667,CLOSE_IN,0.6505512931630346,0.6073346399274246,0.47787992611504276,0.6826396959726575,14.756896379435686,2726.58169769923,3.5,-0.2
18.57372212409973,CLOSE_IN,0.6407162251974882,0.6129129266342244,0.5603786386681333,0.7693195197241978,15.602870681348632,2891.6650844964806,3.5,-0.2
18.594468593597412,CLOSE_IN,0.6306768721868339,0.6181648078267061,0.5467275223656088,0.7601533800393184,14.4024858528649,2830.1040825692817,3.5,-0.2
18.61505126953125,CLOSE_IN,0.6205917070922796,0.6230041308047451,0.5917786627006545,0.7227136402715377,14.192965178262053,2781.334144315456,3.5,-0.2
18.635908365249634,CLOSE_IN,0.6102548765487134,0.6275225029265381,0.4534916136481568,0.8568956936684953,15.136002682658933,2830.501074471507,3.5,-0.2
18.65619683265686,CLOSE_IN,0.6000962357627541,0.6315379469040739,0.483437962697498,0.8799080700336155,15.557653474242908,2937.5557438678716,3.5,-0.2
18.676730632781982,CLOSE_IN,0.589720408236675,0.6352138075782635,0.546808459928035,0.8303069792863458,15.423836987281765,2833.3640195667053,3.5,-0.2
18.697579383850098,CLOSE_IN,0.5790984086460014,0.6385402035242402,0.4912416029573707,0.8255902522066814,14.297309813450019,2657.250997117118,3.5,-0.2
18.71819519996643,CLOSE_IN,0.5685189851661085,0.6414216925576302,0.5762441967962694,0.7047252215877577,14.38013963039116,2890.8193456837957,3.5,-0.2
18.738483905792236,CLOSE_IN,0.5580434056875498,0.6438568288669934,0.46007970443048263,0.7619606587832992,14.652629780189061,2932.0562182182416,3.5,-0.2
18.759095907211304,CLOSE_IN,0.5473459077441158,0.6459196410212928,0.48432434539524843,0.7405554824146352,14.333875052934237,2875.2594471114635,3.5,-0.2
18.779242038726807,CLOSE_IN,0.5368463859323308,0.6475320501827548,0.4540983872626938,0.7465218398387864,14.968162294618416,2749.021142176494,3.5,-0.2
18.7999324798584,CLOSE_IN,0.5260282560059506,0.6487697673256522,0.49742338834936406,0.651366997061544,14.05113912371675,2674.2631156258576,3.5,-0.2
18.820871353149414,CLOSE_IN,0.5150547522319171,0.6495887105903113,0.5897966865309313,0.6601646603748879,14.451303529379835,2817.5631993656875,3.5,-0.2
18.84110927581787,CLOSE_IN,0.5044343703610668,0.6499643279363959,0.5139596301107886,0.8671665908438155,13.91695130203933,2769.0730500608042,3.5,-0.2
18.86157464981079,CLOSE_IN,0.49369050944695586,0.64992777856292,0.5783784658434872,0.6652688964516007,13.82917317747116,2921.020025530758,3.5,-0.2
18.882421016693115,CLOSE_IN,0.4827528128763732,0.6494601371734621,0.4706819649098431,0.7201734287002313,14.482973551292815,2681.269784191478,3.5,-0.2
18.902724981307983,CLOSE_IN,0.4721158257477934,0.6485878569797159,0.5806301541875828,0.7689549567966947,14.045931124378606,2931.490455088077,3.5,-0.2
18.92288088798523,CLOSE_IN,0.46158196077707947,0.6473165390782387,0.5205498509927478,0.8895128339363825,13.415353244141343,2747.6213381505518,3.5,-0.2
18.943490028381348,CLOSE_IN,0.4508476095901013,0.645601152563866,0.47891727770231274,0.9390713433605791,13.861920883056476,2712.6767975063062,3.5,-0.2
18.9642436504364,CLOSE_IN,0.44008549289812326,0.6434521466726417,0.5654203573252609,0.8324017261181742,14.70909442051417,2730.4251368142336,3.5,-0.2
18.985005378723145,CLOSE_IN,0.42937726665750175,0.6408826845727635,0.5195757876318738,0.9233838872487419,13.74336869503403,2729.853781784551,3.5,-0.2
19.005659580230713,CLOSE_IN,0.41879243909572406,0.6379144722996216,0.5034433167100656,0.6606817444347519,13.619828683541389,2773.1522607289407,3.5,-0.2
19.026176691055298,CLOSE_IN,0.4083550112374749,0.6345640657265686,0.4856846802346149,0.9040428007298389,13.44811599050777,2945.495030395654,3.5,-0.2
19.0468647480011,CLOSE_IN,0.39791852928333005,0.6307859067947449,0.5014182121028253,0.7401377394656414,13.839884620847467,2712.551590696026,3.5,-0.2
19.067367792129517,CLOSE_IN,0.38767233212273133,0.626651753721113,0.559880115851789,0.7159805583628507,14.060198849900186,2780.7130255261345,3.5,-0.2
19.088101148605347,CLOSE_IN,0.37741910796089295,0.6220836835422769,0.4660756755782798,0.8631504239000279,14.257915693167051,2886.740493298241,3.5,-0.2
19.108730792999268,CLOSE_IN,0.3673348201777523,0.6171594943959051,0.5599096021198146,0.8958085425968529,13.144733448623468,2843.8024154303607,3.5,-0.2
19.129179000854492,CLOSE_IN,0.357464549336335,0.6119138250920434,0.5157219155956937,0.8933827495935909,14.098771742586525,2691.9699724944703,3.5,-0.2
19.14977717399597,CLOSE_IN,0.3476574777266539,0.6062714192609333,0.579055855718174,0.6852758299774284,13.736714610228566,2655.2347107689643,3.5,-0.2
19.169963121414185,CLOSE_IN,0.3381876970045006,0.6004022840314078,0.5195211700285601,0.8458358614601973,12.926386490800237,2761.6436798304,3.5,-0.2
19.190656900405884,CLOSE_IN,0.3286337383591717,0.5940465647829007,0.5687032890382347,0.8880318515798813,13.280991395437125,2841.242005522454,3.5,-0.2
19.211188077926636,CLOSE_IN,0.31931798772583336,0.5874123224089584,0.5579835121419757,0.893057181231335,12.684526046028251,2760.5989224308178,3.5,-0.2
19.23163914680481,CLOSE_IN,0.3102089251418789,0.5804898426516237,0.5348299349494003,0.6821919388186517,13.167805346651278,2751.556432508984,3.5,-0.2
19.25227665901184,CLOSE_IN,0.3011978845392511,0.5731982347047845,0.568984570778396,0.8979239479676896,13.944885050072644,2905.0116646744523,3.5,-0.2
19.272818565368652,CLOSE_IN,0.2924177489547187,0.565647409933978,0.5898148423781062,0.9224954496220661,12.988808411201992,2681.6483259519273,3.5,-0.2
19.293038368225098,CLOSE_IN,0.2839677055528125,0.5579419048835337,0.5675007920605852,0.8383179506185272,13.208626513900429,2931.463779684452,3.5,-0.2
19.313679218292236,CLOSE_IN,0.2755467180691783,0.5498096570439889,0.5095793294018311,0.662455101044312,13.726262076070881,2724.812611131978,3.5,-0.2
19.33421039581299,CLOSE_IN,0.2673838927055773,0.5414673586511392,0.5841984788367155,0.6557892357275041,12.910926687245498,2853.257709330888,3.5,-0.2
19.35442090034485,CLOSE_IN,0.2595639862435368,0.5330223456181424,0.5592229772156713,0.7474887424082651,12.216583915948501,2776.733728922283,3.5,-0.2
19.37505030632019,CLOSE_IN,0.2518099189935905,0.5241782807797383,0.5802541555473848,0.7424409386584195,12.636138196487929,2871.1362470098106,3.5,-0.2
19.395753383636475,CLOSE_IN,0.24426707614767829,0.5150901595815512,0.47450412371100187,0.6760250279451339,12.96001474277942,2756.4077760749387,3.5,-0.2
19.416313648223877,CLOSE_IN,0.23702030916322903,0.5058694397958666,0.4614984011927228,0.7940980672028699,12.847335957035572,2847.6617560169475,3.5,-0.2
19.436770915985107,CLOSE_IN,0.23005806562296405,0.49651723860254565,0.546006533085779,0.6606299557984336,13.019037573523702,2867.128911700867,3.5,-0.2
19.45755386352539,CLOSE_IN,0.22324528344256994,0.48685081105708894,0.5607557244662668,0.6820746751376974,12.386297052987379,2780.158353608047,3.5,-0.2
19.47827696800232,CLOSE_IN,0.21671989235749684,0.4770628159697292,0.5729940086566324,0.8916366884034004,12.49834345172584,2788.278323141385,3.5,-0.2
19.498768091201782,CLOSE_IN,0.210536646609441,0.4672541841689281,0.5522850174531253,0.8338214622510874,13.027825669800993,2776.4331838371118,3.5,-0.2
19.51939296722412,CLOSE_IN,0.20458918336638338,0.4572675156666988,0.5233730454948492,0.8771188042877133,12.797783053004869,2938.2742463148143,3.5,-0.2
19.53978991508484,CLOSE_IN,0.1989854773924774,0.44729532894230034,0.5924543663021982,0.8376814844157414,12.285355537687696,2677.6264575359037,3.5,-0.2
19.560337781906128,CLOSE_IN,0.19362520807011258,0.4371698279033519,0.5173040433086433,0.7542742228107644,12.81495986474417,2867.433334943012,3.5,-0.2
19.58084726333618,CLOSE_IN,0.18856516213518237,0.4270006415979887,0.4976331857026627,0.8046204558306675,12.488693795103972,2798.120751685437,3.5,-0.2
19.601177215576172,CLOSE_IN,0.18384026772595735,0.4168755925272532,0.5324972822595828,0.9347667818341356,12.039091251219617,2915.01086529008,3.5,-0.2
19.622164249420166,CLOSE_IN,0.17927110140016222,0.4063942203941965,0.4780239887492995,0.7722546010650166,12.185924641354616,2812.246819111116,3.5,-0.2
19.643113613128662,CLOSE_IN,0.1750271027594214,0.39592041698277985,0.5856967074439683,0.8137994023458445,12.410790758452052,2916.774776573379,3.5,-0.2
19.663702964782715,CLOSE_IN,0.17116866548501924,0.3856334790657448,0.4761236443681728,0.8682821735772527,11.69159932791847,2652.870293738732,3.5,-0.2
19.68439555168152,CLOSE_IN,0.16760687249095718,0.37531953280991887,0.5249976558802643,0.8425821965511014,11.560800335043877,2756.385006583491,3.5,-0.2
19.70500636100769,CLOSE_IN,0.164377461751626,0.36508833922855827,0.5805464097605525,0.7164215722115898,12.490423905086523,2913.8176776522373,3.5,-0.2
19.725513219833374,CLOSE_IN,0.16148267775801067,0.3549675840150419,0.5628972825138611,0.9033773986524585,12.217751664061376,2658.999405902197,3.5,-0.2
19.74608564376831,CLOSE_IN,0.15890045706505307,0.34489059172540815,0.5909680587857827,0.6567046825178537,11.384803029189296,2689.9003543757694,3.5,-0.2
19.766685724258423,CLOSE_IN,0.15664020930914313,0.3348935296934775,0.469435847181493,0.7388849534666255,12.241995714044366,2765.8084271014,3.5,-0.2
19.787299394607544,CLOSE_IN,0.15470661519629342,0.3250004852386739,0.541334000787437,0.8584305860327599,11.438293244118233,2845.226557662792,3.5,-0.2
19.80759859085083,CLOSE_IN,0.1531250967887811,0.31538283873559964,0.46149429197172576,0.9006818322259619,11.210880834718736,2768.8250930928375,3.5,-0.2
19.828425407409668,CLOSE_IN,0.15183670160884333,0.30566028318705807,0.4935218810003972,0.8195885386732,11.080261218585163,2780.7236722976245,3.5,-0.2
19.84904980659485,CLOSE_IN,0.15089565090039614,0.2961934486304956,0.49802908123026224,0.7301392191511467,12.055718597186914,2875.662953691698,3.5,-0.2
19.86929750442505,CLOSE_IN,0.15029677868842278,0.28707121937147606,0.5216505631175704,0.7823717364179691,11.373569143088023,2735.446423925217,3.5,-0.2
19.890188932418823,CLOSE_IN,0.1500169678062921,0.2778532208200503,0.5926686208221614,0.9398613731338309,10.960816507810842,2842.1645661662214,3.5,-0.2
19.910942554473877,CLOSE_IN,0.1500792707109912,0.26890710113315897,0.46397096768046914,0.8393869975395449,11.549158710933835,2941.9199158797696,3.5,-0.2
19.93137788772583,CLOSE_IN,0.15047194113285217,0.2603187611739629,0.4734166699436311,0.945617385077844,11.16661952454489,2800.5782810616374,3.5,-0.2
19.95190405845642,CLOSE_IN,0.15119694207593093,0.25192711646871524,0.5692887926051281,0.8529253747980369,11.187011453245429,2862.540081543533,3.5,-0.2
19.972410678863525,CLOSE_IN,0.15225141216508048,0.24379261511806652,0.5711849081116247,0.8199957038835485,11.15513569920565,2928.9585827101423,3.5,-0.2
19.992979764938354,CLOSE_IN,0.1536396023480434,0.2358972677404222,0.5754213945814652,0.8972059754746009,10.830320156865481,2947.3115559323787,3.5,-0.2
20.013633251190186,CLOSE_IN,0.15536520885329036,0.22824893304371005,0.482854042430762,0.6571382692087318,10.73290409817468,2730.770019832159,3.5,-0.2
20.034403562545776,CLOSE_IN,0.15743412935484252,0.22085286226420325,0.5051211631294225,0.8855646831449037,11.138945918488133,2727.6631411938683,3.5,-0.2
20.05519390106201,CLOSE_IN,0.15983801423452393,0.21375920724872116,0.487144621017376,0.869861403973982,11.395314819437184,2851.0560615143336,3.5,-0.2
20.075520515441895,CLOSE_IN,0.16250810730990056,0.2071349530347251,0.46970473313010047,0.7868164342099861,11.073084668210448,2930.0788331632853,3.5,-0.2
20.096442222595215,CLOSE_IN,0.16558397537876213,0.20064970471217283,0.46512038800187283,0.8149451194225493,9.906251108934786,2771.9936119288873,3.5,-0.2
20.11693835258484,CLOSE_IN,0.16891664473587759,0.19463471354800294,0.5965384402174548,0.6706511017848791,10.783106999405378,2773.6719215997273,3.5,-0.2
20.137165784835815,CLOSE_IN,0.1725124289926765,0.18903682054197102,0.591583337161429,0.8993874538769921,10.257880457486612,2688.494841845918,3.5,-0.2
20.157345056533813,CLOSE_IN,0.17640003597408865,0.18379623143491874,0.5836580600782464,0.8371324516067615,9.744242386457174,2742.5509846362133,3.5,-0.2
20.178011894226074,CLOSE_IN,0.18068883571068955,0.17879405987247327,0.49800040056399036,0.9099966849187396,10.07516589977789,2708.320075023479,3.5,-0.2
20.19828963279724,CLOSE_IN,0.18519514328892445,0.17425328220547473,0.5046938712823887,0.6951759699934088,9.820261285524714,2823.1373204161005,3.5,-0.2
20.2184796333313,CLOSE_IN,0.1899712973415042,0.17010098089627984,0.5973568201490731,0.9191880855475819,10.486079418021903,2779.743990556977,3.5,-0.2
20.239545583724976,CLOSE_IN,0.19525769788445846,0.16616818209475753,0.5053239109490881,0.6996871547413407,10.0774937383808,2944.864920940727,3.5,-0.2
20.260173082351685,CLOSE_IN,0.20072893250564516,0.1627193405275923,0.4718518251431496,0.6774448402804418,9.724025968179705,2667.288207415312,3.5,-0.2
20.280946493148804,CLOSE_IN,0.20652839035959658,0.1596541986732338,0.4503618262748185,0.7537438368882592,10.713177146505396,2650.1120807493985,3.5,-0.2
20.30171775817871,CLOSE_IN,0.21261212925903233,0.15700411943659812,0.4887264125407941,0.7746324258836106,10.264544617513668,2662.7686963380147,3.5,-0.2
20.322197437286377,CLOSE_IN,0.2188836062460643,0.15480173315387166,0.5584131840725438,0.7843076598962152,10.217172481740974,2843.8037207955936,3.5,-0.2
20.342355012893677,CLOSE_IN,0.22531551719418824,0.15303562106790947,0.455467494220164,0.7216077066969593,9.12659892097759,2856.9022900017794,3.5,-0.2
20.362544775009155,RAM,0.2320094045576342,0.15166899165090528,0.545679394821047,0.8145665911117234,9.299886181167048,2913.7309105160994,5.0,0.0
20.382888793945312,RAM,0.23900301450836814,0.1507014269618712,0.5353722314743186,0.8052596848449529,9.417530910924226,2912.4634709400134,5.0,0.0
20.403690338134766,RAM,0.24640514356786108,0.1501387967808053,0.5095071959514202,0.7286883262099947,9.849387127024402,2922.2484905488873,5.0,0.0
20.42400884628296,RAM,0.2538737852190454,0.15000668532448552,0.5655579054145072,0.6946580641245055,9.613774057035268,2833.82248345506,5.0,0.0
20.444616556167603,RAM,0.2616822081580869,0.15029432054946945,0.5321733334419836,0.82684045499977,9.023913743408087,2763.761168019103,5.0,0.0
20.465131759643555,RAM,0.2696817605628794,0.1510019323547835,0.4880185087895658,0.7291746612524422,10.182771012296833,2813.928611778444,5.0,0.0
20.48580503463745,RAM,0.27796354342435364,0.15213897649217348,0.5573431191342348,0.8128515507551412,10.01155618683607,2880.27185573992,5.0,0.0
20.50641679763794,RAM,0.2864332368753053,0.1536944181448317,0.5419287096198304,0.8932789619033419,8.856555497535451,2711.2549503332953,5.0,0.0
20.52652359008789,RAM,0.2948921869637968,0.15561503104887295,0.5638944148625914,0.8256219643770818,9.292395518956942,2684.14970034555,5.0,0.0
20.546907663345337,RAM,0.3036581890363831,0.15796547422974402,0.5490485917676696,0.737688170607257,9.070107465104815,2852.0564978808866,5.0,0.0
20.56708288192749,RAM,0.31251513697399136,0.16068790490441096,0.5861096691744657,0.9339561755002437,8.879624095944246,2788.781452364015,5.0,0.0
20.58741331100464,RAM,0.3216138803375872,0.16382535904832574,0.4980927064148315,0.9114292724059355,9.305148133716587,2700.9511240725556,5.0,0.0
20.60761022567749,RAM,0.3308171417609015,0.16732879865069294,0.5743605412390455,0.671740878767835,8.78959598503608,2780.027442986401,5.0,0.0
20.62835431098938,RAM,0.34043128800634626,0.17132224849820102,0.5496747234293655,0.8275251540872461,8.403590043263737,2860.8593311027817,5.0,0.0
20.64911913871765,RAM,0.3502097603676227,0.17571383880638064,0.5733461189019663,0.7325331315403911,9.142665548253543,2651.8428467822646,5.0,0.0
20.66980290412903,RAM,0.3600945292405665,0.18047280715131347,0.581204530837271,0.7101105229558172,8.51565307094699,2908.761833637668,5.0,0.0
20.69028902053833,RAM,0.37001760875141954,0.18555657753091653,0.5310632323098154,0.9172785379126774,8.883236499082445,2694.3634930975845,5.0,0.0
20.71051788330078,RAM,0.37993654670336696,0.19092973495790252,0.563578685451535,0.7009635681750015,8.375397820862007,2776.5568356218296,5.0,0.0
20.73115611076355,RAM,0.3901700605943478,0.19676418486372074,0.5560861650515097,0.7215349786602872,8.703066382548124,2671.71462431491,5.0,0.0
20.751280546188354,RAM,0.40025023871683196,0.20278685987398798,0.4512420422966192,0.6773290292450878,9.41313023183475,2779.0624558976765,5.0,0.0
20.77152156829834,RAM,0.4104804760319198,0.20916662402482653,0.5968746198563758,0.8950902166517721,9.576489060806756,2690.1914115688464,5.0,0.0
20.792184829711914,RAM,0.42100916859646886,0.21600194268774733,0.5083091452226769,0.9327206744464351,9.274523175253792,2829.220429664909,5.0,0.0
20.812427043914795,RAM,0.43139696469607663,0.22300272407859914,0.5725775842737292,0.6701522161573175,8.261386482781145,2725.224692493061,5.0,0.0
20.833513975143433,RAM,0.44228536222582865,0.23060394206742488,0.5957468553339679,0.7585361719456147,9.411417620762705,2750.291748280006,5.0,0.0
20.85460090637207,RAM,0.4532314973980365,0.23850640910365284,0.45820645723874276,0.6669821314782178,7.9728359991161675,2733.4542453001195,5.0,0.0
20.8749098777771,RAM,0.46381815451326974,0.24638899609868758,0.45620154581358985,0.923281012778158,8.96490598871595,2926.5820379966485,5.0,0.0
20.895496368408203,RAM,0.47458369730889144,0.25463784842576365,0.5613055221036266,0.7580962784346111,8.082300904190525,2854.3080364463735,5.0,0.0
20.916050910949707,RAM,0.48535671602202524,0.26311971872403056,0.494223022352352,0.8241067675493244,7.846848851890652,2672.4260761605756,5.0,0.0
20.936607599258423,RAM,0.49614478000855683,0.27183379938444124,0.522977837940581,0.7643432635975776,8.635765922571277,2650.3077526021298,5.0,0.0
20.95675039291382,RAM,0.5067192559073459,0.28058263778419046,0.4913346027135481,0.6653866598108018,8.585471429092607,2794.5949979962093,5.0,0.0
20.977363348007202,RAM,0.5175341274344798,0.2897361872736482,0.5383701689033376,0.7026671266468648,8.6952828884767,2876.5310218185923,5.0,0.0
20.998003005981445,RAM,0.5283462104552707,0.2990893272281121,0.47544167434604656,0.7424476869266926,8.888843976017364,2670.1022252626303,5.0,0.0
21.01836657524109,RAM,0.538987084926908,0.3084859157149499,0.5022342183657832,0.7714393066417029,8.814864565433268,2853.0254012516343,5.0,0.0
21.03904390335083,RAM,0.5497546425604075,0.3181825017086568,0.5467274698129347,0.8240772133058019,8.296191065729893,2940.8644747529884,5.0,0.0
21.05952477455139,RAM,0.5603727492200222,0.3279249294280244,0.4550512996188119,0.7797618655154471,8.64565683777955,2947.8468481130067,5.0,0.0
21.08023190498352,RAM,0.5710501975351214,0.3378978496743352,0.5193647894005381,0.8125493829086291,8.681906615970624,2904.976701533203,5.0,0.0
21.10055685043335,RAM,0.5814639814250666,0.34779037447936695,0.5853849126559909,0.7919309989250436,8.358096862222636,2783.2906666725557,5.0,0.0
21.120851516723633,RAM,0.5917867117273568,0.3577542373678683,0.5607569684510426,0.7849477252789692,8.980071506238971,2735.4775248931255,5.0,0.0
21.14150381088257,RAM,0.6022039744600753,0.36796502193923697,0.5383848391245634,0.7245374332700849,7.910157922188187,2856.0253738890265,5.0,0.0
21.162147283554077,RAM,0.6125187781572572,0.37822605863824676,0.47703526384234646,0.736295418349875,8.487694325276156,2730.095596736036,5.0,0.0
21.182270765304565,RAM,0.6224700028366403,0.3882644910388239,0.5535465032019676,0.775554508656999,8.416747124503484,2850.4276151477798,5.0,0.0
21.202792644500732,RAM,0.6325032619972868,0.39852112501002973,0.5600319527809482,0.71108875641849,7.533049687833039,2746.151397550053,5.0,0.0
21.223365306854248,RAM,0.6424353273384737,0.4088056257981426,0.48649541585563727,0.7984779221911054,8.162575122019183,2704.578197931107,5.0,0.0
21.244070291519165,RAM,0.6522943164328753,0.41914118892944235,0.5655850387230773,0.9095050527643517,8.34610627518784,2861.7442725253923,5.0,0.0
21.26459050178528,RAM,0.6619204241843789,0.42935218750332005,0.5628120379547766,0.7285566080167637,8.279032785014406,2670.5942134112756,5.0,0.0
21.285616159439087,RAM,0.6716244525336406,0.4397632814558401,0.45546689835827386,0.8091998646858546,7.507823244056971,2895.4934693631267,5.0,0.0
21.306339263916016,RAM,0.6810218575565566,0.4499558553609384,0.4876522829680495,0.9387300717144209,8.661782016785686,2799.923109137974,5.0,0.0
21.32650351524353,RAM,0.6899980260344305,0.459791348080513,0.5149654768214968,0.9262606265580947,7.7091046791636035,2938.734976933425,5.0,0.0
21.34708261489868,RAM,0.6989796024793303,0.4697288267001132,0.5421258834037589,0.7193014607004428,8.458844432991384,2724.9626194886396,5.0,0.0
21.367459774017334,RAM,0.7076862649443171,0.4794524726172613,0.5416623926976971,0.9233011273291791,8.006880829121974,2945.2951324658957,5.0,0.0
21.387890338897705,RAM,0.716220957186494,0.48906912419937665,0.5228183527978916,0.8119108838971311,8.601611124413216,2901.880484579737,5.0,0.0
21.408571004867554,RAM,0.7246532986745282,0.49865199879409755,0.48013911092253786,0.8595039407581498,8.26471790842473,2750.984288648518,5.0,0.0
21.429059267044067,RAM,0.7327940539792603,0.5079793698192909,0.4688418700386474,0.8711794112812191,8.164757552852432,2737.032679614028,5.0,0.0
21.449637174606323,RAM,0.7407491206453677,0.5171650579787639,0.5033521907259801,0.746566149339409,8.757907546733355,2755.1561244420814,5.0,0.0
21.470090866088867,RAM,0.7484288961811442,0.5260986951084003,0.4659673081785254,0.7808618593213469,7.285571323553821,2708.523477041225,5.0,0.0
21.49057960510254,RAM,0.7558873990519503,0.5348361031794575,0.4504508099040431,0.8356957590277205,8.763038017809967,2930.804687727902,5.0,0.0
21.510888814926147,RAM,0.7630420622319719,0.543273580489871,0.5689597356678622,0.6606353801918177,8.199047402973136,2709.0351889212666,5.0,0.0
21.531398057937622,RAM,0.7700194590148641,0.5515542647666517,0.5737117102730852,0.8321648351188204,7.660942838042371,2733.1428673705514,5.0,0.0
21.5517795085907,RAM,0.7767002460356611,0.5595308016421539,0.5526811436583392,0.8076908343932346,7.748070482697823,2839.122783631726,5.0,0.0
21.572100400924683,RAM,0.7831037402329564,0.5672197891601946,0.5436291034687596,0.940824412713297,8.66382558182394,2698.3457525540894,5.0,0.0
21.59232211112976,RAM,0.7892148973282707,0.5745971188021085,0.46553859663428715,0.8636525063246567,8.295701847758213,2791.9841443674104,5.0,0.0
21.612705945968628,RAM,0.7951057506770374,0.5817445758933302,0.4662552308459533,0.823502045155449,8.275009218032254,2675.8636299918176,5.0,0.0
21.63305139541626,RAM,0.8007104268870923,0.5885774149972691,0.558875657557623,0.6719634274794593,7.9434032589058425,2881.1128763800825,5.0,0.0
21.653594255447388,RAM,0.8060853317011821,0.5951597645198545,0.5067976531014844,0.8058309668826971,8.448203589374048,2654.1068700109427,5.0,0.0
21.674312591552734,RAM,0.8112117890856478,0.6014646863812707,0.45361893267826575,0.7576906627414273,7.377755202814045,2941.9579992134663,5.0,0.0
21.69458246231079,RAM,0.8159364534982979,0.6072984893956088,0.502412043221231,0.8032333083286896,7.384264450419151,2884.948698129592,5.0,0.0
21.71508550643921,RAM,0.820418347306423,0.6128528227852855,0.5940620561727022,0.8031203663200939,7.940237929577483,2733.2684757733164,5.0,0.0
21.735202074050903,RAM,0.824521256145531,0.6179547059740871,0.524954286127238,0.8175621018599676,7.811588154815321,2857.8924368663024,5.0,0.0
21.75545573234558,RAM,0.8283536290954066,0.6227349686116457,0.5816538081436623,0.8527202246006497,8.297859821455528,2768.833508876086,5.0,0.0
21.77590537071228,RAM,0.8319156230978136,0.6271907181287084,0.5906197861251904,0.866330913576472,8.004765325658417,2650.40540058413,5.0,0.0
21.79617190361023,RAM,0.8351376317247776,0.6312316993218885,0.4523014043932024,0.8720808226125301,7.47182210890926,2795.4915070298944,5.0,0.0
21.81631374359131,RAM,0.8380329815033889,0.6348714833498642,0.5467143012936293,0.9008105090587,7.837803324314892,2912.1225805255895,5.0,0.0
21.836861848831177,RAM,0.8406687799258021,0.63819194533182,0.5983664471864119,0.944241914233767,8.160786423440255,2850.8611540990487,5.0,0.0
21.857430934906006,RAM,0.8429831615061543,0.6411129543024249,0.5074561603123169,0.8861426216062234,7.919397565396354,2822.2718563239873,5.0,0.0
21.877913236618042,RAM,0.8449633686636647,0.6436162339001827,0.5829958522993836,0.9308795218828683,8.30707702268408,2668.7855197713566,5.0,0.0
21.898515939712524,RAM,0.8466267404581858,0.6457218550992175,0.47886827539601573,0.6684049335999025,8.342682331844989,2775.253630463303,5.0,0.0
21.919005155563354,RAM,0.8479526591331321,0.6474021751449803,0.5683156311726935,0.7761275743794296,8.56619401644394,2668.0499755034166,5.0,0.0
21.93955659866333,RAM,0.8489524659653669,0.6486703143661264,0.5099501039364995,0.9075654201689651,7.739621851209639,2811.1655960157505,5.0,0.0
21.96013307571411,RAM,0.8496212960893095,0.6495191736064825,0.5118433662223436,0.8510421384445972,7.705483911044992,2737.5093761858316,5.0,0.0
21.980615615844727,RAM,0.8499563170113842,0.6499445304357324,0.5505281096419397,0.8908931010361529,8.828890496254662,2655.15486518391,5.0,0.0
22.001174211502075,RAM,0.8499604236006522,0.6499497449914539,0.5583581307708179,0.7253128971831962,8.893373981010964,2740.907149114409,5.0,0.0
22.021727323532104,RAM,0.8496318847286455,0.6495326157776912,0.5731033292434301,0.7462857714882373,7.836901785811811,2684.484413836812,5.0,0.0
22.0423800945282,RAM,0.8489670452399947,0.6486888134558021,0.49567804547462346,0.7133003480548434,8.225127467652483,2687.4470057784497,5.0,0.0
22.0629243850708,RAM,0.8479734504792671,0.6474285369665601,0.5963379285361626,0.7463692242502181,8.227009504144233,2825.340239733598,5.0,0.0
22.083505630493164,RAM,0.846646749286262,0.6457471997002108,0.5585000872035826,0.7699330329721269,7.628460199169414,2791.978258807942,5.0,0.0
22.104157209396362,RAM,0.844983467511854,0.6436416609125437,0.5285742992363756,0.7685557684699559,8.723402365514255,2711.3342507671696,5.0,0.0
22.124633073806763,RAM,0.8430075266694552,0.6411437329376448,0.4743597803151224,0.8561686442496721,7.841929656574928,2679.270354011958,5.0,0.0
22.144840002059937,RAM,0.8407403295144558,0.6382821726314285,0.46387790850148297,0.8625013427932487,7.901695605265149,2944.2079667681587,5.0,0.0
22.165313959121704,RAM,0.8381239293193612,0.6349859449689332,0.46711280963614277,0.6804902020437748,8.794204395128748,2780.595319053353,5.0,0.0
22.18574047088623,RAM,0.8351958173119486,0.6313047661868925,0.5429276640925867,0.708840667492402,8.455523135800094,2899.890013005681,5.0,0.0
22.206257104873657,RAM,0.831938049682646,0.6272188106247144,0.5086652309963248,0.7133204144937162,9.039873602248205,2795.8093890585365,5.0,0.0
22.2266902923584,RAM,0.8283810900973065,0.6227692731021424,0.599206842081138,0.9126238162640135,8.266027001468782,2711.2708045691825,5.0,0.0
22.247323513031006,RAM,0.8244763166343931,0.6178987357976483,0.5328527658020014,0.8899771186096581,7.927963164933752,2883.1346188981015,5.0,0.0
22.268067359924316,RAM,0.8202373222379937,0.6126281002090044,0.47190422972341733,0.8475215898897974,8.640714844243064,2853.370678209938,5.0,0.0
22.288501977920532,RAM,0.8157583695429298,0.6070782003197867,0.5067677956276397,0.7206682608337205,7.8749915108983455,2776.3750671036128,5.0,0.0
22.309123516082764,RAM,0.8109377332753422,0.6011269711926405,0.533130011607192,0.8659229630653245,8.480814521663032,2932.882099922203,5.0,0.0
22.32940173149109,RAM,0.8059072324418322,0.5949411937512668,0.53748376099967,0.7617236105746583,8.962985181871845,2899.751263173048,5.0,0.0
22.34985113143921,RAM,0.8005476775587248,0.5883785562663885,0.45518335103221563,0.6979591144457877,8.516412771884454,2874.803124428458,5.0,0.0
22.370164394378662,RAM,0.7949438452362783,0.5815476630363203,0.5382909566676333,0.7478965391675447,8.646324759052348,2734.9797312160335,5.0,0.0
22.39030623435974,RAM,0.7891169357911891,0.5744785591645627,0.5249322194651872,0.9322357441407401,8.662879305924541,2792.136111826742,5.0,0.0
22.410840272903442,RAM,0.7829049558504718,0.5669804622971961,0.567261738216615,0.8990481509979862,8.288806545236339,2712.274358410811,5.0,0.0
22.4319589138031,RAM,0.7762362398755187,0.5589752972333647,0.47927252886450833,0.9076949109354341,8.657152124309443,2916.509668652279,5.0,0.0
22.45250940322876,RAM,0.7694807789134137,0.5509131403640004,0.531811479091204,0.9403786248118602,8.594208137926046,2720.190311292099,5.0,0.0
22.473199129104614,RAM,0.762420907081398,0.542538894850144,0.5209622594432435,0.8633408304848998,9.610107832148891,2747.3054911071836,5.0,0.0
22.494202375411987,RAM,0.7549955871407693,0.5337882229493567,0.540860963628234,0.7119279421627782,8.359707417944847,2768.615382133671,5.0,0.0
22.514562368392944,RAM,0.7475560350751134,0.5250800911437644,0.5769752353883273,0.7229989665595997,8.579207529017843,2715.1996664592248,5.0,0.0
22.535077571868896,RAM,0.7398262651761421,0.5160958662671391,0.5990530054543237,0.9280766974337986,9.029756218779319,2883.799999587061,5.0,0.0
22.556718349456787,RAM,0.7314264269012815,0.5064072273584714,0.4954521853421043,0.7457638001512811,8.901941381609197,2703.1671263956414,5.0,0.0
22.576927661895752,RAM,0.7233618511987583,0.49717913051253343,0.4614933892206106,0.7640729956100073,9.005625694118368,2739.9694951526612,5.0,0.0
22.59712862968445,RAM,0.7150954918276995,0.4877962036972306,0.5850236978042918,0.6953180551744845,8.572039388182258,2775.8392815327634,5.0,0.0
22.61772108078003,RAM,0.7064657279592836,0.4780840601301407,0.47066890621309754,0.9150967566723214,9.999859400366699,2766.492140894814,5.0,0.0
22.639209270477295,RAM,0.6972506987594485,0.467808518231055,0.578732122549694,0.7694708935103807,8.993658152715618,2824.8940212630764,5.0,0.0
22.6599018573761,RAM,0.6881830733841181,0.45779485377750906,0.4538514187204134,0.6852602311942646,9.807348543963565,2656.6884887766473,5.0,0.0
22.680115222930908,RAM,0.6791503454372049,0.4479174064642171,0.46832975096924345,0.7123533875926793,9.396956804813165,2712.53061029253,5.0,0.0
22.700501680374146,RAM,0.669873489820578,0.43787611277573774,0.473902884564698,0.6953369927510589,9.101595419003587,2690.5653873246456,5.0,0.0
22.720755577087402,RAM,0.6604996437424379,0.4278377305562896,0.5182808970098745,0.9407463887095296,9.271533299705704,2904.376476920408,5.0,0.0
22.7412428855896,RAM,0.6508671054014047,0.4176372629965806,0.5065274399617367,0.9369017877527728,10.193706986769442,2721.1250357939252,5.0,0.0
22.76162099838257,RAM,0.6411445619978957,0.40746176174698584,0.5219679831897335,0.7840658954162112,10.280755383666383,2843.0878978520223,5.0,0.0
22.781969785690308,RAM,0.631304421703295,0.39728852958046174,0.4840131285051094,0.6625919462707677,9.16398099545435,2893.4075439944318,5.0,0.0
22.80281901359558,RAM,0.621095488534164,0.3868699062896394,0.5028964744317667,0.9045894074624683,10.424067092829876,2834.144990132908,5.0,0.0
22.823153972625732,RAM,0.6110242075677923,0.37673011556882247,0.4920173920787237,0.6545533362476317,9.047580389076227,2945.6198410791644,5.0,0.0
22.84410572052002,RAM,0.6005395142424138,0.3663231998141472,0.4682805995877283,0.6936828110708165,9.99116465043947,2918.6282369883065,5.0,0.0
22.86472988128662,RAM,0.5901217216501718,0.35613665192986427,0.5442018272801223,0.7053649439375171,9.382381989770712,2650.7949673928006,5.0,0.0
22.885103225708008,RAM,0.5797459055725422,0.346147180855464,0.5560771035523518,0.7567127369882825,9.671346581639991,2824.159893711829,5.0,0.0
22.90574288368225,RAM,0.5691585669769889,0.33611836355254554,0.547434492573456,0.8438642317086429,9.851520743557982,2724.731715934334,5.0,0.0
22.926411867141724,RAM,0.5584897665718256,0.32618437479905255,0.5848315576537373,0.916345526467891,10.314641646455586,2661.877273339832,5.0,0.0
22.94702124595642,RAM,0.5477957488800453,0.3164045924949666,0.48139125820526896,0.8187098645544049,9.697538732656243,2814.126027496427,5.0,0.0
22.96754503250122,RAM,0.537100740477006,0.3068065276272933,0.596978132099702,0.7376230296946089,10.668453206023818,2791.3215896435872,5.0,0.0
22.98779582977295,RAM,0.5265134821017499,0.2974899397264209,0.5839062601669072,0.7237412955755584,9.714422031771171,2723.4825578400687,5.0,0.0
23.008167028427124,RAM,0.515838615554697,0.2882876248795674,0.4630225265503182,0.9491257427248261,10.025316548005003,2691.7859511432353,5.0,0.0
23.028886318206787,RAM,0.5049662326014487,0.27911834402739777,0.5872450739223585,0.7084745703402163,9.800477821780168,2711.0593875889786,5.0,0.0
23.049938917160034,RAM,0.4939140915358598,0.2700142207530545,0.5095664192102675,0.9444865175096694,9.96120022790286,2904.1615617927,5.0,0.0
23.07065176963806,RAM,0.48304617430570473,0.2612817999150048,0.5589552857232866,0.6957551436834558,10.434393040504343,2709.474488315586,5.0,0.0
23.090986728668213,RAM,0.47239239274791683,0.2529401545332794,0.5076279718923525,0.7623633897739404,10.402999964047275,2681.9877108025494,5.0,0.0
23.111396312713623,RAM,0.46172535187504876,0.24481246377120766,0.5985699153367043,0.6811176796533426,10.849803366268544,2815.961414147485,5.0,0.0
23.131836891174316,RAM,0.45107806835429987,0.23693156433591306,0.5700682491476889,0.806977836968115,10.819957475702147,2806.35791285649,5.0,0.0
23.151951551437378,RAM,0.4406453937682197,0.22944226731098993,0.49165656566313154,0.8855247863327298,11.089805005606586,2842.295870174899,5.0,0.0
23.172525882720947,RAM,0.4300302761313988,0.22206743960438466,0.46760145410455545,0.7887234594729355,11.32280667452681,2907.8420814517463,5.0,0.0
23.19279718399048,RAM,0.4196366265998765,0.21509578691527684,0.5159613536115079,0.7902294913144747,10.64664076713065,2912.2661427730027,5.0,0.0
23.21305251121521,RAM,0.4093253739540321,0.20843315187589007,0.5940438603382081,0.6614299862825286,10.613464156301605,2942.596393408017,5.0,0.0
23.233564138412476,RAM,0.398968981926834,0.20200658805394822,0.5857996670450817,0.8483882472201673,10.265476969131642,2899.9152525009613,5.0,0.0
23.253998517990112,RAM,0.38874667278046515,0.19593549213953118,0.5180293997768086,0.8389008194378008,10.931814542348572,2787.558027280959,5.0,0.0
23.27454900741577,RAM,0.3785717067194355,0.19017362084829156,0.5480111667879087,0.676599468324278,11.377875504946505,2687.195371976701,5.0,0.0
23.29490327835083,RAM,0.36860759036043556,0.18481608351564832,0.5026319811671938,0.863375073444537,11.149892756683302,2878.764045253142,5.0,0.0
23.315443515777588,RAM,0.3586766190704766,0.179771074869868,0.5080436102124689,0.8356754492813664,10.74739188258503,2911.0727578152764,5.0,0.0
23.335996866226196,RAM,0.34887358282747494,0.17509481036305458,0.474579033300921,0.7835750662051552,11.623014725211139,2733.322249622071,5.0,0.0
23.356595993041992,RAM,0.3391928332012095,0.1707893892815412,0.554450861726856,0.8551580287096731,11.732503253364364,2804.93430721139,5.0,0.0
23.377251863479614,RAM,0.329639574773312,0.16686270650856894,0.505762885806675,0.8133835482655055,11.41487595346498,2816.9151440866194,5.0,0.0
23.397748231887817,RAM,0.32032170535944154,0.16335956269563226,0.4966597968025696,0.6832864486791483,11.082422409593335,2655.7176188828616,5.0,0.0
23.417912483215332,RAM,0.31132049227814346,0.16030113875679167,0.5318136424083828,0.8454301008144788,11.041020015449412,2706.9014379628043,5.0,0.0
23.438462018966675,RAM,0.30232492087770885,0.1575853395236674,0.47259621023931697,0.7510372822708751,12.083307958699036,2800.848413483721,5.0,0.0
23.459185123443604,RAM,0.2934435834112836,0.15526122808850276,0.5317941460719684,0.8350940544786224,11.390280402035705,2792.094324822449,5.0,0.0
23.479717016220093,RAM,0.2848409849172371,0.1533730999810163,0.47599593431798204,0.924672344068761,12.06017933648821,2807.9618545039384,5.0,0.0
23.50033450126648,RAM,0.276407877059351,0.15189552054752917,0.5322181655646523,0.8033149851007266,11.316203679832546,2922.52505143633,5.0,0.0
23.520735502243042,RAM,0.2682737671864003,0.15084862676434702,0.5293210355349169,0.7890651536159272,11.190224728298574,2732.22093449348,5.0,0.0
23.541263341903687,RAM,0.2603081122098181,0.15021383297244406,0.597114877304591,0.6788403777770531,11.723349663293828,2846.9560845006695,5.0,0.0
23.561863660812378,RAM,0.252542787646049,0.15000000330005908,0.5359491225556495,0.6840976786737656,12.242045944866474,2819.7459284785236,5.0,0.0
23.58208727836609,RAM,0.24514924042590586,0.15020283023170788,0.5959142769941405,0.8180660974044367,11.96605921390007,2765.192922873862,5.0,0.0
23.602384567260742,RAM,0.2379645561739691,0.15081723762619464,0.5766055428060086,0.8068428397177814,12.19976158550761,2877.2517465020296,5.0,0.0
23.623262405395508,RAM,0.2308278337929322,0.1518775632354112,0.5849160371420277,0.8407701461515708,12.233977371237598,2706.4463696553516,5.0,0.0
23.64368176460266,RAM,0.22410312090047585,0.15333302488024364,0.5492509310333427,0.8621085289142398,11.53672070325892,2809.1162854944487,5.0,0.0
23.664191484451294,RAM,0.21760918820342046,0.15520899157154042,0.5470790743544305,0.7733329545055906,12.096913728732718,2739.958888078438,5.0,0.0
23.68471097946167,RAM,0.21137960281457963,0.15749797249173755,0.4823231043750992,0.7787963140414818,12.332450807905667,2780.406307110517,5.0,0.0
23.705252408981323,RAM,0.20541720517962014,0.16019841798154,0.5210823387865872,0.7506306101754583,11.874653632445645,2924.6454742688306,5.0,0.0
23.725743293762207,RAM,0.19974809428637363,0.16329541090859526,0.5540290505262878,0.9415139391045292,12.85511611281359,2716.1775705037417,5.0,0.0
23.746305465698242,RAM,0.19434438077114569,0.16680273923097433,0.523441241260767,0.929842937601085,12.468085906173615,2720.5422241678925,5.0,0.0
23.766831874847412,RAM,0.18924005387523746,0.1706972733307932,0.5345549692177834,0.7812366794464644,12.228096490895235,2733.3882886097044,5.0,0.0
23.787155628204346,RAM,0.1844763357253621,0.17493407373756584,0.5921898055955155,0.8646859248976217,12.913571682344719,2920.7261177758155,5.0,0.0
23.807738065719604,RAM,0.17995084100949682,0.17960370451883448,0.5012154882995219,0.6540677511152378,12.994078929135865,2759.0817454242424,5.0,0.0
23.82840895652771,RAM,0.17571291409465162,0.1846692207441837,0.4606177195762675,0.8411276797742815,12.770899452775055,2837.0958883209514,5.0,0.0
23.84878659248352,RAM,0.1718402319228186,0.19002310049923052,0.5090579089041528,0.9123831152365877,12.710032793558282,2868.4765537310354,5.0,0.0
23.869316577911377,RAM,0.16824863010537366,0.19576962618393662,0.465849223313671,0.8717779392910348,12.34230785110296,2680.845870510906,5.0,0.0
23.889849185943604,RAM,0.16497121503638618,0.20186121944515276,0.4543520473796877,0.7062862057485031,12.855586875520308,2904.041879251256,5.0,0.0
23.910365343093872,RAM,0.16201381741922488,0.20828161829931005,0.46494351565720926,0.9213879947858645,12.794603788359858,2881.2441013718158,5.0,0.0
23.930882692337036,CLOSE_IN,0.1593763416733775,0.21502515964800448,0.4714836185896946,0.8292893861845523,13.096939548695993,2682.5876953578536,3.5,-0.2
23.951494455337524,CLOSE_IN,0.1570515637227904,0.22211329273462097,0.49228177638866466,0.6672492772104712,12.57947819982996,2884.9373454697034,3.5,-0.2
23.971903800964355,CLOSE_IN,0.15507259544145874,0.2294296733569283,0.5551486767167179,0.678156160902452,12.653805101388333,2878.9675742504037,3.5,-0.2
23.99216103553772,CLOSE_IN,0.15342801463196426,0.23697254582141647,0.4830020026087776,0.7969070998387912,13.09972288543232,2711.683995551451,3.5,-0.2
24.012816905975342,CLOSE_IN,0.1520805513675842,0.24493927621205122,0.49978526839758025,0.6760487099699249,13.118889185086438,2873.4494174751626,3.5,-0.2
24.033215761184692,CLOSE_IN,0.15107761707885464,0.2530666158132827,0.52070693975895,0.6556754483273326,14.057954312581266,2946.742052815881,3.5,-0.2
24.053741455078125,CLOSE_IN,0.15039815589500122,0.2614912769615911,0.5942153397675473,0.890942503714256,13.481162182687425,2700.797489108953,3.5,-0.2
24.074448585510254,CLOSE_IN,0.1500484699262586,0.2702268525021344,0.5131943896023616,0.7728339489027473,13.183270644491092,2870.1422333116748,3.5,-0.2
24.094907760620117,CLOSE_IN,0.15003452581543336,0.2790764507686608,0.5956864076291462,0.9024665034383008,13.495672777516978,2887.2208104339607,3.5,-0.2
24.115467309951782,CLOSE_IN,0.1503525139222967,0.2881733685937569,0.5039123891027651,0.6873299411594812,13.21831177986336,2918.727897272066,3.5,-0.2
24.136019706726074,CLOSE_IN,0.15100272871624154,0.29745607244273004,0.5304209400275908,0.7465709100444882,13.035880041643027,2891.098549009139,3.5,-0.2
24.15628409385681,CLOSE_IN,0.1519685581943916,0.30677837631881905,0.5027017380240041,0.9384758018286561,14.368007327667451,2798.7164937029893,3.5,-0.2
24.176793098449707,CLOSE_IN,0.15327342707282182,0.3163690355340615,0.5253299282525945,0.6910965857115454,14.005159346066748,2763.3629071662026,3.5,-0.2
24.19719648361206,CLOSE_IN,0.1548971620648248,0.3260499340829256,0.47383343856931404,0.6766505402204921,13.814131772765867,2660.3380403970236,3.5,-0.2
24.217629194259644,CLOSE_IN,0.15684714968124047,0.3358681286124069,0.4999492217663259,0.9210421871024097,14.165072800040528,2714.876997498734,3.5,-0.2
24.238205909729004,CLOSE_IN,0.15913661154191078,0.3458636990853431,0.46139102704168666,0.7360745133413925,13.58253310984729,2791.839196053638,3.5,-0.2
24.258602619171143,CLOSE_IN,0.1617265024014129,0.3558623500568438,0.4714310873486807,0.9443277359054696,14.453139488577985,2839.44594612115,3.5,-0.2
24.278866052627563,CLOSE_IN,0.16461299851285477,0.3658684252038167,0.5567295313331735,0.7940397960973279,14.803128158864453,2696.4767986448783,3.5,-0.2
24.29932403564453,CLOSE_IN,0.16784150335632175,0.37602737600668257,0.4692485919098374,0.8486778196395279,14.753961488454467,2934.654343286742,3.5,-0.2
24.319973468780518,CLOSE_IN,0.1714173809238232,0.3863220348469495,0.5273699016491482,0.8320635534107617,13.692688746564773,2842.7090385578263,3.5,-0.2
24.34034037590027,CLOSE_IN,0.17525312618663497,0.39649876975372844,0.5957409793563806,0.8563924618634297,13.587415514318124,2797.290480074346,3.5,-0.2
24.360820531845093,CLOSE_IN,0.17941579591012508,0.40673791726661707,0.45756630512359175,0.8038983520094928,14.865468628849781,2745.2428402280275,3.5,-0.2
24.381386280059814,CLOSE_IN,0.18390027793491714,0.4170084590643552,0.5690197898579709,0.878905675928749,13.823368987808994,2854.6622284871305,3.5,-0.2
24.40186905860901,CLOSE_IN,0.1886656446366482,0.42720899198107926,0.48008449996822966,0.8951630068350414,13.7430665648866,2725.593861474255,3.5,-0.2
24.422163724899292,CLOSE_IN,0.19367709345133466,0.43727086740611837,0.4585752862586858,0.8699266460877513,14.887815512086402,2942.2115965380362,3.5,-0.2
24.442691802978516,CLOSE_IN,0.19903492867253564,0.44738594317428915,0.5596945841160719,0.9023068502207788,14.909152795782983,2776.054871882725,3.5,-0.2
24.463268995285034,CLOSE_IN,0.20469194217096265,0.45744505634344035,0.5134125019362333,0.8140923318887282,14.872858214072675,2729.8924300873705,3.5,-0.2
24.483810663223267,CLOSE_IN,0.21061978129533865,0.46738978498096495,0.5649106740164163,0.9381895409574751,14.390941674638661,2940.365832275026,3.5,-0.2
24.50422716140747,CLOSE_IN,0.2167837240483293,0.47716125951310906,0.5539213733116275,0.6604724592199858,15.146564964696923,2792.0041915544366,3.5,-0.2
24.524988889694214,CLOSE_IN,0.22332423611004498,0.48696595346807836,0.4506205846767284,0.9352555918897912,14.143062445699135,2927.890091167712,3.5,-0.2
24.54550337791443,CLOSE_IN,0.23005042784000584,0.49650669635047984,0.5916335073022421,0.7791290375810079,14.55961415386819,2736.7204362531966,3.5,-0.2
24.5658860206604,CLOSE_IN,0.2369865407936299,0.505825283279416,0.500648184710838,0.7571503696861237,15.451515674006124,2817.70301151177,3.5,-0.2
24.586421728134155,CLOSE_IN,0.24422333742109903,0.515035987419812,0.58467030269343,0.6833729328645791,15.514812249892815,2651.242052538845,3.5,-0.2
24.606616258621216,CLOSE_IN,0.2515766037674055,0.5239045349371039,0.5554391991587614,0.7753059314801438,14.783194452502102,2897.967960124357,3.5,-0.2
24.627583742141724,CLOSE_IN,0.25945241329525903,0.5328984914249891,0.5531423491721763,0.8866673996600575,14.987012983024101,2873.378771015133,3.5,-0.2
24.64812135696411,CLOSE_IN,0.267397466601336,0.541481623112392,0.5536668236498089,0.9368013777530309,15.236639059603583,2874.499657208534,3.5,-0.2
24.6688334941864,CLOSE_IN,0.27563356462925515,0.5498959294926513,0.5771039590692318,0.7384991340774303,15.755009120808808,2780.9844414910895,3.5,-0.2
24.68936038017273,CLOSE_IN,0.2840096740717323,0.5579812789202417,0.4510807983408796,0.7884785799138335,15.11980956187462,2745.5619751079703,3.5,-0.2
24.709895372390747,CLOSE_IN,0.29259396377822566,0.5658034356643962,0.5318298868306198,0.9038738087709701,15.453452953167954,2883.3506625388063,3.5,-0.2
24.730411291122437,CLOSE_IN,0.30136677854622124,0.573339091827513,0.528351281818839,0.8062026600159418,15.275225352641359,2895.528081595803,3.5,-0.2
24.750946283340454,CLOSE_IN,0.3103361061872114,0.580589548183869,0.48943881282704954,0.8913466860099372,15.450266781700963,2803.294046693284,3.5,-0.2
24.77113389968872,CLOSE_IN,0.3193291510973219,0.5874205379887578,0.5457173653747419,0.9322759544865146,14.754412778269796,2805.453482699904,3.5,-0.2
24.791465759277344,CLOSE_IN,0.3285538682064667,0.5939915444932392,0.46116506799173695,0.8615246308587434,14.634547973954419,2903.2949939219907,3.5,-0.2
24.811991930007935,CLOSE_IN,0.3380284630399431,0.6002999755000693,0.589139460976801,0.8395684176204219,15.947527144109634,2688.9221582867267,3.5,-0.2
24.832528591156006,CLOSE_IN,0.3476615496462444,0.6062738529709966,0.4600066396663619,0.7615860158226476,15.985949068294458,2861.0785440324357,3.5,-0.2
24.853240251541138,CLOSE_IN,0.35752309880472977,0.6119462092559826,0.555410468665208,0.8323495784906597,15.086565190577474,2849.1695085674846,3.5,-0.2
24.873581409454346,CLOSE_IN,0.36734213292877793,0.6171632230828407,0.5791634111602794,0.8846888712993092,15.30037147424685,2936.4260327077523,3.5,-0.2
24.89412260055542,CLOSE_IN,0.3773830138440504,0.622066828387041,0.5440602004703421,0.8471076960687014,14.793335120049743,2656.1127895553245,3.5,-0.2
24.914628982543945,TRACK,0.38752298839994637,0.6265883371860264,0.5720403761601632,0.6601691706956001,16.0525090422986,2804.5153305601843,0.13497241392006434,-0.12658833718602636
24.93515920639038,TRACK,0.39778134603493154,0.6307333565543125,0.5963712166757247,0.9315758693741628,15.870454832316305,2826.0305466881928,0.12266238475808215,-0.1307333565543125
24.95579218864441,TRACK,0.40818869323438345,0.6345072340519365,0.45255824708030074,0.7393550324181919,15.74300154963118,2858.7241376232323,0.11017356811873986,-0.13450723405193654
24.97594118118286,TRACK,0.4184368564280847,0.6378072901809515,0.5924497935980324,0.6705073321609365,15.776406277124984,2680.6847405036856,0.09787577228629836,-0.1378072901809515
24.996451377868652,TRACK,0.4289451913781672,0.6407699006774359,0.5053783696545215,0.8525396958697273,15.044935190675425,2822.0548546325927,0.08526577034619932,-0.1407699006774359
25.016984462738037,TRACK,0.4395326102149103,0.6433300571604728,0.5957155821145257,0.6512531304503392,15.510147820400876,2847.874582412758,0.07256086774210764,-0.14333005716047276
25.03754448890686,TRACK,0.4501913850971359,0.6454824617431001,0.46024911948739783,0.8390596693785833,15.552379864107097,2929.961121214323,0.05977033788343691,-0.1454824617431001
25.058030366897583,TRACK,0.4608588457508672,0.6472143322865043,0.5318355299293399,0.7140182305106064,15.971323930804537,2909.37649221346,0.046969385098959336,-0.14721433228650427
25.0782949924469,TRACK,0.47144749099157707,0.6485192677031294,0.5720014534028133,0.9092746512807746,15.841048056859236,2703.2293832462306,0.03426301081010752,-0.1485192677031294
25.098901510238647,TRACK,0.4822417758712607,0.6494276552457088,0.55063769576243,0.6974921973578689,15.377509936925332,2908.4232817055095,0.02130986895448714,-0.14942765524570878
25.119483947753906,TRACK,0.49304038621122914,0.6499121273989269,0.5985844649934784,0.7708167258321681,16.014626056091444,2886.862276871318,0.008351536546525028,-0.1499121273989269
25.13974952697754,TRACK,0.5036792888178843,0.6499754422798201,0.5882738272152961,0.9449172607993691,16.184297875539407,2898.3826592439973,-0.004415146581461115,-0.14997544227982007
25.1603364944458,TRACK,0.51448337777757,0.6496193472916125,0.5929723147863003,0.8186841057124076,16.049082475068065,2665.602204286061,-0.017380053333084032,-0.14961934729161253
25.18085765838623,TRACK,0.5252391996651069,0.6488432976736926,0.48225225366024715,0.9358456192624836,16.498807407005906,2665.661631052095,-0.030287039598128285,-0.14884329767369264
25.201470375061035,TRACK,0.5360189192235787,0.647641868763329,0.5378924563029233,0.6825810706955069,15.508264054271324,2728.7180613585765,-0.043222703068294434,-0.14764186876332897
25.222376823425293,TRACK,0.5469170297375086,0.6459934775333293,0.5016467764691972,0.6705509004757755,15.22575164784083,2913.13582341887,-0.05630043568501026,-0.14599347753332925
25.24362826347351,TRACK,0.5579476331896389,0.6438771898203678,0.47945838519987416,0.7508608321470628,15.866187586388527,2656.7427749358435,-0.0695371598275667,-0.1438771898203678
25.264623403549194,TRACK,0.5687874298623921,0.6413538480769808,0.5630448447940375,0.7185721388255377,15.476608573573351,2908.520100083275,-0.08254491583487046,-0.14135384807698081
25.28507375717163,TRACK,0.5792804572269549,0.6384868700465832,0.47205818879654404,0.742161434748999,15.44352294956679,2929.9960321060116,-0.09513654867234585,-0.13848687004658322
25.305476903915405,TRACK,0.5896749323581633,0.6352289847338447,0.47858770380899607,0.673488138072657,16.636059457050425,2795.1791618519364,-0.10760991882979591,-0.1352289847338447
25.325848817825317,TRACK,0.5999697060893067,0.6315853443055903,0.5114905026284838,0.6800236239497421,15.504321673907913,2887.670741478848,-0.11996364730716799,-0.13158534430559032
25.34622287750244,TRACK,0.6101722062868407,0.6275568673175314,0.5130082024729847,0.8926155193566008,15.98179709121511,2903.8811664351033,-0.13220664754420877,-0.12755686731753135
25.3666672706604,TRACK,0.6203064916434999,0.6231347481386421,0.48402885106504606,0.6824052791454067,15.726611244964694,2765.538841744141,-0.14436778997219993,-0.12313474813864211
25.387209177017212,TRACK,0.6303751563265708,0.6183158711264436,0.49274191983365023,0.789778245497538,15.915905061317815,2847.1459267244713,-0.15645018759188498,-0.1183158711264436
25.407793760299683,TRACK,0.6403405740507506,0.6131174005452623,0.47001808226333486,0.6731595064954876,15.668014954768385,2830.757666114446,-0.16840868886090074,-0.11311740054526231
25.428381204605103,TRACK,0.6501735610611352,0.6075569708403487,0.47727229498600465,0.9312391131448122,15.822364656432503,2819.49831346977,-0.18020827327336225,-0.10755697084034865
25.44878840446472,TRACK,0.6597791603438612,0.6016979652206876,0.4772374519236697,0.7028382044282757,16.16456936737504,2882.206282121807,-0.19173499241263342,-0.10169796522068764
25.469253063201904,TRACK,0.6692614593305879,0.5954851074032156,0.46933329187048595,0.6671593346792108,16.099797256870524,2907.1322231069075,-0.20311375119670547,-0.09548510740321559
25.489556789398193,TRACK,0.6785116059945028,0.5889974985379014,0.5132803476629648,0.6854751000031996,16.09746346403513,2778.891637041161,-0.21421392719340332,-0.0889974985379014
25.50993323326111,TRACK,0.6876284169480353,0.5821733841450636,0.551678438123387,0.8710615590618501,15.837693990485779,2910.3594008755504,-0.22515410033764238,-0.08217338414506359
25.530404329299927,TRACK,0.6966110722909263,0.5750129664123078,0.5460443372229418,0.7462641109666168,15.713961542455547,2764.0599249270267,-0.2359332867491116,-0.07501296641230781
25.55065631866455,TRACK,0.7053152094037545,0.5676405104962046,0.4809053593021307,0.8322956160601225,16.069292682257345,2818.9836282672295,-0.24637825128450536,-0.06764051049620456
25.570850372314453,TRACK,0.7138058111216536,0.5600153235712743,0.5389254981746386,0.8398178006172186,15.38610822958789,2908.6831320616707,-0.2565669733459844,-0.06001532357127426
25.591377019882202,TRACK,0.7222351738823563,0.551997158132383,0.5088048887052556,0.7399216886857697,15.646973794387858,2807.3758222455317,-0.26668220865882747,-0.05199715813238304
25.611626148223877,TRACK,0.7303441925171181,0.5438363718505146,0.4579269378110061,0.721423177733804,15.983446919822814,2659.5764369544877,-0.27641303102054177,-0.04383637185051459
25.63209080696106,TRACK,0.7383236016646734,0.5353491176211637,0.5273002580319313,0.7114540748148275,15.431594463512674,2721.5424471884403,-0.28598832199760804,-0.03534911762116366
25.653231620788574,TRACK,0.7463307589494732,0.5263435453758823,0.5472249987268789,0.7629327442997115,15.231966397321447,2766.9023955743655,-0.29559691073936784,-0.02634354537588235
25.673882722854614,TRACK,0.7539133448946922,0.5173284095758206,0.5541240582000415,0.8607894855118943,16.529522035734633,2855.3362770267827,-0.3046960138736306,-0.017328409575820602
25.694543600082397,TRACK,0.7612557220768547,0.5081087480293097,0.5982825361388456,0.8173679245080573,15.39477364141526,2661.579005890497,-0.3135068664922256,-0.00810874802930972
25.715263843536377,TRACK,0.7683672015001201,0.4986772460907068,0.5751034857941449,0.8974073849167499,15.902887644879515,2867.7748379089385,-0.3220406418001441,0.0013227539092932061
25.735865116119385,TRACK,0.7751808704913554,0.4891318874516797,0.4539516480835266,0.9440959327380484,15.664013123804128,2657.4450295407883,-0.3302170445896265,0.010868112548320319
25.756496906280518,TRACK,0.7817412886066658,0.47942076730415445,0.5230315745176628,0.7046189330175381,16.404259584822885,2943.5853123594816,-0.338089546327999,0.02057923269584555
25.7768394947052,TRACK,0.7879456032200904,0.46971331469169464,0.5601656251627758,0.8148927607437801,15.913557649848919,2765.5247677530397,-0.3455347238641085,0.03028668530830536
25.797314405441284,TRACK,0.7939195568853489,0.45982624597729105,0.502426904041491,0.6853059681563832,16.59777529096601,2803.368630410624,-0.35270346826241866,0.04017375402270895
25.817597150802612,TRACK,0.7995641321701563,0.4499330197338317,0.45429484608210546,0.9149770190506764,16.1432508806251,2724.174056325999,-0.35947695860418755,0.05006698026616829
25.837892532348633,TRACK,0.8049347005831033,0.4399514001428605,0.531693354977144,0.6802719314115362,16.149180741596933,2792.2846839951253,-0.365921640699724,0.060048599857139506
25.858206510543823,TRACK,0.8100272143096594,0.4298947336751991,0.48700355489212654,0.6995591110809467,16.278298226332158,2792.9798574105826,-0.3720326571715913,0.07010526632480091
25.8783860206604,TRACK,0.8148010480018992,0.41985575118980334,0.5013933667810052,0.7650464298881869,16.434752141768126,2896.712501643754,-0.3777612576022791,0.08014424881019666
25.898670196533203,TRACK,0.8193089796617544,0.4097321380476616,0.5698015983768927,0.857658806469894,15.234496948488479,2926.3220899596486,-0.3831707755941053,0.09026786195233838
25.91907048225403,TRACK,0.8235445851531409,0.3995344551999459,0.47061425222769804,0.7569707930869695,15.51249267401233,2918.388349390696,-0.38825350218376903,0.1004655448000541
25.939332962036133,TRACK,0.8274517106890273,0.3894063879083956,0.46186740994051306,0.8117962448202143,15.550167818522125,2771.919830488279,-0.3929420528268328,0.1105936120916044
25.959691524505615,TRACK,0.8310727337321655,0.3792478399046159,0.5790256542195285,0.7182064364503966,15.887987899872455,2769.18629223443,-0.39728728047859857,0.12075216009538409
25.98015522956848,TRACK,0.834401335324262,0.36907152370386986,0.45979035081376385,0.6988439458638687,16.254198538332556,2912.2365915749683,-0.40128160238911437,0.13092847629613014
26.00054621696472,TRACK,0.8374047355365084,0.3589828728047411,0.4616325291090679,0.82160016360702,15.692073621364392,2725.6020019223347,-0.4048856826438101,0.14101712719525888
26.02098059654236,TRACK,0.8400978883635353,0.34894119191556294,0.47150959104486895,0.674836046254389,16.310291502193795,2662.0053268468955,-0.4081174660362423,0.15105880808443706
26.04177975654602,TRACK,0.8425109938675135,0.3388079219473178,0.5097643856857411,0.8318174309743027,16.274427094038327,2706.3504624066386,-0.41101319264101616,0.1611920780526822
26.061991214752197,TRACK,0.8445365697329208,0.3290622486905782,0.5049859757419956,0.8238181730088261,15.965461602429373,2752.512974094679,-0.41344388367950496,0.1709377513094218
26.08256244659424,TRACK,0.8462730365774565,0.31926220421884155,0.5274447054698936,0.6575035933245701,15.95136977900532,2859.103911390428,-0.4155276438929477,0.18073779578115845
26.103251457214355,TRACK,0.8476869299820523,0.30954390360194783,0.4803295593187676,0.9430533235184799,15.190263969246693,2896.7364205466697,-0.41722431597846277,0.19045609639805217
26.12381148338318,TRACK,0.8487603123561198,0.3000395636758604,0.5560808401800618,0.9160580639495466,15.72402148190376,2781.2074338898874,-0.41851237482734377,0.19996043632413962
26.144330978393555,TRACK,0.8495008769359134,0.2907224455733294,0.5507529831401758,0.814821041925047,15.433844321240596,2806.454260835807,-0.41940105232309605,0.20927755442667062
26.164869785308838,CLOSE_IN,0.8499105931835901,0.2815808426823771,0.4651811661876986,0.8299785312566015,14.951869122310509,2752.8254812978594,3.5,-0.2
26.185442447662354,CLOSE_IN,0.8499880732390097,0.27262446259577,0.5636366316863648,0.8358827181114181,15.11897354217246,2714.738284055288,3.5,-0.2
26.205954790115356,CLOSE_IN,0.8497335309093588,0.26390898960037623,0.5772269449963459,0.6793354467401667,14.904926070757123,2871.1638559888793,3.5,-0.2
26.22652554512024,CLOSE_IN,0.8491457815622514,0.25539870302937207,0.5554958040729064,0.9175074380146547,14.692200623803696,2864.609059563551,3.5,-0.2
26.24704337120056,CLOSE_IN,0.8482284299703888,0.24715407892102795,0.5994659264299053,0.6867246374085878,15.975996327623886,2914.5844033982517,3.5,-0.2
26.26759624481201,CLOSE_IN,0.8469788478782323,0.23915338416064397,0.5079096849992749,0.7263061328553484,14.594055056708477,2794.060180339634,3.5,-0.2
26.288249731063843,CLOSE_IN,0.8453909670094559,0.23138728527594676,0.5444229859765187,0.8641483878466576,15.636881549463109,2734.688387933612,3.5,-0.2
26.308913946151733,CLOSE_IN,0.843470532295461,0.2239050357955373,0.48225426542427713,0.764387657883171,15.367701129527875,2949.933620187494,3.5,-0.2
26.329486846923828,CLOSE_IN,0.841230794367235,0.21675457574805276,0.4517459142858557,0.9281066540890172,15.2021626185498,2799.5123471612637,3.5,-0.2
26.350006818771362,CLOSE_IN,0.8386731414203799,0.20993149253683377,0.4830441194526592,0.9164493517063531,15.684839745584572,2832.9029235672883,3.5,-0.2
26.370555639266968,CLOSE_IN,0.8357903814922513,0.203419580483415,0.5194277879353999,0.6982861151042019,15.316437984535881,2936.237751646954,3.5,-0.2
26.391136646270752,CLOSE_IN,0.8325833582068718,0.19723023523930372,0.5585938205519947,0.8907767571811243,14.915962644914329,2918.7485537233597,3.5,-0.2
26.411562204360962,CLOSE_IN,0.8290871878190664,0.19142723791228552,0.5769919221111377,0.7968947917962775,14.671974858716187,2894.2979289479526,3.5,-0.2
26.432255506515503,CLOSE_IN,0.8252302115971196,0.1859031079502019,0.5146849211640523,0.7345770178930611,14.947098273592363,2821.673586133108,3.5,-0.2
26.453028917312622,CLOSE_IN,0.8210431602151763,0.18072640009894053,0.5678471491077106,0.7650924445623245,15.202130130976213,2923.992778336615,3.5,-0.2
26.473506927490234,CLOSE_IN,0.81661055374286,0.17599367466531432,0.5223034831359186,0.7734538923445308,15.370892786534199,2711.2596334837376,3.5,-0.2
26.493870973587036,CLOSE_IN,0.811906386779365,0.1716598383275033,0.45531320939447417,0.7940779581782499,14.84083290215632,2752.3140067976187,3.5,-0.2
26.514520168304443,CLOSE_IN,0.806839225134748,0.1676520539499553,0.5944366175477689,0.7847513787827635,15.331907555009694,2764.1095218672394,3.5,-0.2
26.53481388092041,CLOSE_IN,0.8015724746348429,0.16409928270104815,0.5141826801122231,0.9114516694659984,14.492444944132616,2926.464645624058,3.5,-0.2
26.555628538131714,CLOSE_IN,0.7958802950976769,0.16085900327342412,0.5812720014303407,0.948432265937465,14.086133593380108,2808.2327764343945,3.5,-0.2
26.575968265533447,CLOSE_IN,0.7900393435922722,0.15809291744038678,0.5539740392557104,0.9144196989830854,15.269358326275766,2909.488721526448,3.5,-0.2
26.596245050430298,CLOSE_IN,0.783947755419647,0.15573378822688935,0.5995887499365159,0.6732117897147611,15.138319455472134,2782.458631008429,3.5,-0.2
26.616481065750122,CLOSE_IN,0.7776065480643896,0.15377985275665998,0.5062837964669108,0.8298857960081376,14.448344578657208,2826.8797192028997,3.5,-0.2
26.63711929321289,CLOSE_IN,0.7708759101162983,0.15220245130350554,0.5627436287916073,0.8543677037459826,15.047935506137975,2863.894617142637,3.5,-0.2
26.657443046569824,CLOSE_IN,0.7639941247106826,0.15106159969614288,0.5600589120946367,0.7012626600245957,14.634409699573013,2777.6629329880743,3.5,-0.2
26.67810368537903,CLOSE_IN,0.7567468406423543,0.15032337113835073,0.5242976666894695,0.9057313261961847,14.709216026070228,2930.0282063992913,3.5,-0.2
26.698776721954346,CLOSE_IN,0.74924841709613,0.15001133268246694,0.5437114928884015,0.7029029881619375,14.09410137773184,2662.9249345790236,3.5,-0.2
26.71929693222046,CLOSE_IN,0.7415684027279265,0.15012416869716153,0.49345390770801284,0.6900063595063133,14.683109499536622,2694.9558748362015,3.5,-0.2
26.739452123641968,CLOSE_IN,0.7338021790381757,0.15064465086144918,0.5567331971905318,0.9238930333845068,13.641043121595349,2767.3229831406375,3.5,-0.2
26.75970697402954,CLOSE_IN,0.7257822952606899,0.15157584347803454,0.5099495963989498,0.923890115168104,14.123925135621274,2768.0879429357406,3.5,-0.2
26.779942750930786,CLOSE_IN,0.7175618558239998,0.15291320146752366,0.4676741845275257,0.9482213390577551,14.548315532734545,2867.311186065273,3.5,-0.2
26.800343990325928,CLOSE_IN,0.70907132216842,0.1546711237305477,0.4617537140777676,0.6869361953543889,13.665976903496784,2935.914478402458,3.5,-0.2
26.820764780044556,CLOSE_IN,0.700376598662934,0.15683969392183478,0.4812515148266664,0.7417647792805575,14.564477699848117,2764.280934484579,3.5,-0.2
26.841419458389282,CLOSE_IN,0.6913910880985196,0.15944562305076154,0.4665541259850383,0.7275925215575552,14.490607189228092,2654.655528600989,3.5,-0.2
26.862114429473877,CLOSE_IN,0.6822038177869251,0.16246827308661593,0.5743794311921012,0.8311552877411413,13.514131640404996,2869.470517701753,3.5,-0.2
26.882415294647217,CLOSE_IN,0.6730208699054421,0.16582871181991585,0.5789278651183329,0.6891979711111467,13.377307556987326,2882.5060607954138,3.5,-0.2
26.90274143218994,CLOSE_IN,0.6636657674837132,0.16958003094221438,0.4576363969418906,0.9483194971041267,13.78035606157772,2705.4457126477428,3.5,-0.2
26.923280477523804,CLOSE_IN,0.6540581763426325,0.17375736426387808,0.5366699581375692,0.6974013405852493,14.007362166999501,2932.7718110142782,3.5,-0.2
26.943439245224,CLOSE_IN,0.6444862332696039,0.17822857476953252,0.5420490786680262,0.6518191880651628,14.162490132681654,2855.310307340088,3.5,-0.2
26.963608264923096,CLOSE_IN,0.6347772226578634,0.18306277430065646,0.5607649161081525,0.8320272930446515,13.821367244771508,2681.0228569377446,3.5,-0.2
26.983845949172974,CLOSE_IN,0.6249111888004726,0.18826816975903654,0.5659905641825264,0.7784083471452097,14.157488166054577,2688.9648346589415,3.5,-0.2
27.004282474517822,CLOSE_IN,0.6148314477579528,0.19387663164050103,0.5684381694448211,0.8241949626006222,14.151262450055697,2790.814673737135,3.5,-0.2
27.024622917175293,CLOSE_IN,0.6046919411879338,0.19980061923101314,0.4961482832489697,0.9421284788625496,13.456685108804008,2904.833661044844,3.5,-0.2
27.045040607452393,CLOSE_IN,0.5944159334884094,0.20608025221951246,0.49636728357778015,0.7427694625347969,13.472320821887406,2813.6203246717037,3.5,-0.2
27.065504550933838,CLOSE_IN,0.5840277994795559,0.21269852375012063,0.5583507579308196,0.7770307418390205,13.641910083927868,2938.3107361263983,3.5,-0.2
27.0861976146698,CLOSE_IN,0.573442891650555,0.21970984332436252,0.5614325493894519,0.7927070292070573,13.021384613306303,2817.21517421551,3.5,-0.2
27.10639500617981,CLOSE_IN,0.5630432195055236,0.22685106621022472,0.474897823593368,0.7079621198160931,13.503731869393729,2850.4349087282867,3.5,-0.2
27.126570224761963,CLOSE_IN,0.5525971960055946,0.2342664841081844,0.5286566744976953,0.9366631586458385,12.410857194486077,2744.6285692753418,3.5,-0.2
27.146987199783325,CLOSE_IN,0.5419770024091745,0.24204538193132152,0.5029383735981777,0.7080979180010964,13.648810461914925,2684.063747320375,3.5,-0.2
27.167105436325073,CLOSE_IN,0.5314736463027039,0.24996811063152025,0.4839329370149434,0.9050828454902324,13.509407059911231,2922.2603132712143,3.5,-0.2
27.187445163726807,CLOSE_IN,0.5208255546579142,0.2582249056707764,0.5284923681062176,0.7549558806519786,13.43732867327982,2674.557891044336,3.5,-0.2
27.207836866378784,CLOSE_IN,0.510130803816158,0.26673826737994805,0.5778774015257476,0.7495754844667963,12.666018822149141,2696.2463226988484,3.5,-0.2
27.228631019592285,CLOSE_IN,0.49921528920502894,0.2756477766565668,0.5803669543849429,0.6853889327581373,13.3811695790756,2770.3439768081034,3.5,-0.2
27.249292612075806,CLOSE_IN,0.4883700936934818,0.28471351672294076,0.45181148538116944,0.7355054630827556,13.165367369622343,2814.525195944648,3.5,-0.2
27.269514083862305,CLOSE_IN,0.47776665997081774,0.2937768432407632,0.497558721121227,0.6707440590777893,12.87386670983306,2897.980542440897,3.5,-0.2
27.289958953857422,CLOSE_IN,0.4670669147564131,0.3031168488548132,0.5002385945529259,0.8631495289151573,12.428907202974031,2900.0925563904066,3.5,-0.2
27.310666799545288,CLOSE_IN,0.4562611568063923,0.3127420243156858,0.5873666591754707,0.8349785610046959,12.92976399347185,2862.6767872018268,3.5,-0.2
27.33087921142578,CLOSE_IN,0.4457545409589621,0.32228136757214304,0.4808920282341947,0.7843661614395634,11.826290618554367,2655.5016463326065,3.5,-0.2
27.35127544403076,CLOSE_IN,0.4352029446615258,0.3320361429585512,0.5443568554334577,0.9248301342005188,12.138584426846046,2923.832312161965,3.5,-0.2
27.371784687042236,CLOSE_IN,0.4246540541329419,0.34195895604208165,0.5794384681164214,0.8032348012098723,12.805166171538563,2897.0604372134558,3.5,-0.2
27.392317533493042,CLOSE_IN,0.41416445311149097,0.3519909924417707,0.49964128045687844,0.6537333247306929,12.711101925776394,2842.9586002317915,3.5,-0.2
27.412569284439087,CLOSE_IN,0.4038981633987849,0.3619650617908919,0.46610000385309536,0.8774900164407077,12.393770355780534,2691.8878684817473,3.5,-0.2
27.43323540687561,CLOSE_IN,0.39351329723929673,0.37220741211529323,0.45962550431647475,0.8317117940136873,11.664707126467558,2844.628866356642,3.5,-0.2
27.45395517349243,CLOSE_IN,0.3832042020007898,0.38252399164758794,0.47224102072243074,0.6922873779461739,11.732996020733319,2935.614007455185,3.5,-0.2
27.474241256713867,CLOSE_IN,0.37322011076109435,0.39265382650070113,0.5843145513361145,0.9429191130616149,11.81102238266946,2934.214220092238,3.5,-0.2
27.494786024093628,CLOSE_IN,0.363228379259096,0.4029250858476058,0.5275133850822076,0.744207721611627,12.22993541226017,2753.2743962597383,3.5,-0.2
27.515327215194702,CLOSE_IN,0.353368233877404,0.4131896216723398,0.5536464370078341,0.7621216510551921,11.461206007538085,2924.2085343963427,3.5,-0.2
27.535601139068604,CLOSE_IN,0.34377283356315297,0.42329885100037973,0.5668293866305064,0.9202688974558345,11.856526218264664,2856.569917817817,3.5,-0.2
27.55576181411743,CLOSE_IN,0.3343742792578956,0.43331366071262,0.5365664804251861,0.7332239542901976,11.215854727049281,2811.0707647380837,3.5,-0.2
27.57637095451355,CLOSE_IN,0.3249232707118694,0.44349514642302573,0.4751451986910686,0.7302625250282708,11.007076346471768,2799.9499928760392,3.5,-0.2
27.597126007080078,CLOSE_IN,0.31557445151037433,0.45367400376164807,0.5352753216043905,0.7807922857860162,11.411664220130636,2812.197580432323,3.5,-0.2
27.617753505706787,CLOSE_IN,0.3064601624349347,0.46369871935774404,0.4843576401082763,0.8021971755841544,11.934005193453876,2946.451911978908,3.5,-0.2
27.638195514678955,CLOSE_IN,0.2976105879226647,0.473526398780406,0.5975318020997873,0.7320532425918496,11.176760718910675,2794.4495165358985,3.5,-0.2
27.658937692642212,CLOSE_IN,0.28882559509969663,0.48337270340685407,0.48024699397072396,0.8795691485332122,11.89488774741451,2910.443719030057,3.5,-0.2
27.679551601409912,CLOSE_IN,0.28029742705571675,0.49301602108213377,0.5193522650458399,0.7838490910714454,11.034460911503029,2660.0557537768814,3.5,-0.2
27.700217485427856,CLOSE_IN,0.27195859901216723,0.502524961079574,0.5433395495076951,0.8853031001189674,11.94223949430629,2703.9930082262003,3.5,-0.2
27.72040295600891,CLOSE_IN,0.2640250947049336,0.5116439086691004,0.4904704380259293,0.8035381504857735,11.71706899983505,2885.353672022762,3.5,-0.2
27.74079728126526,CLOSE_IN,0.25622921610993743,0.5206723893909294,0.5319946391516378,0.7458265332103724,11.590369330094994,2899.1652760038683,3.5,-0.2
27.76153588294983,CLOSE_IN,0.24853569762422117,0.5296473465269522,0.5020096062197577,0.7546455016799867,11.643793180286497,2713.395895649681,3.5,-0.2
27.781781911849976,CLOSE_IN,0.24125957867318554,0.5381941250993689,0.5137921991260314,0.7614417249443622,10.706290921796056,2928.647524636246,3.5,-0.2
27.802080392837524,CLOSE_IN,0.2342041554409901,0.5465355999675682,0.5296923823533127,0.7083102452534723,11.495010911660437,2804.029928483809,3.5,-0.2
27.822768449783325,CLOSE_IN,0.2272668931043052,0.5547886087068478,0.5454033566210645,0.9073656223240985,10.931276826557308,2807.9661996146756,3.5,-0.2
27.84330415725708,CLOSE_IN,0.22064042634364217,0.5627188366803555,0.5791202617797585,0.7559519334734717,10.202299101775898,2781.8152670417758,3.5,-0.2
27.86388635635376,CLOSE_IN,0.21426491503981415,0.5703916301586784,0.5233745059701094,0.8924550033679599,10.871490833972391,2798.1121796254256,3.5,-0.2
27.884352445602417,CLOSE_IN,0.20819538846685148,0.577734911971988,0.5663257851206325,0.8370233978426238,10.914070368422392,2750.526492562233,3.5,-0.2
27.90488862991333,CLOSE_IN,0.20238148062929678,0.5848040558161611,0.531762429183377,0.6708547611185778,11.257189375487359,2698.0570277669713,3.5,-0.2
27.92533826828003,CLOSE_IN,0.1968726733103482,0.5915336824246007,0.48226381808471114,0.8432537957354282,10.970506929340354,2685.021036387526,3.5,-0.2
27.94602346420288,CLOSE_IN,0.1915905735610995,0.5980148848656401,0.49694045018229344,0.6830043538518401,9.859451813984446,2673.558298538577,3.5,-0.2
27.966245412826538,CLOSE_IN,0.18671372235055939,0.6040234591003327,0.47603218849910117,0.8118429964976746,10.666561336424092,2831.846705765715,3.5,-0.2
27.986533403396606,CLOSE_IN,0.18211059053275275,0.6097163322827841,0.5627697249712381,0.9257359958467586,10.988121262284462,2796.907528085995,3.5,-0.2
28.00705647468567,CLOSE_IN,0.17775365006678895,0.6151238793693568,0.4946097726946704,0.8673074991748447,10.866805339055475,2835.5344366445643,3.5,-0.2
28.02785849571228,CLOSE_IN,0.17364912831165585,0.6202350772775967,0.46680138241368363,0.9326354255690709,10.81261318499202,2726.3808273979525,3.5,-0.2
28.04867935180664,RAM,0.169859041875577,0.624969233643913,0.5968941989140539,0.8034797991617655,9.967128672954662,2927.617764884086,5.0,0.0
28.069150686264038,RAM,0.16644648955078473,0.6292436784893042,0.4760109370402656,0.664361812288025,10.532789452361868,2670.194984316387,5.0,0.0
28.089940547943115,RAM,0.16330272257842898,0.6331913546340746,0.4807674361615327,0.9145855502359939,10.34586642871756,2893.909486076394,5.0,0.0
28.11068844795227,RAM,0.16049171705721588,0.6367291864689176,0.4945371865135624,0.6551601545021799,10.058997601880609,2801.976428998331,5.0,0.0
28.131086111068726,RAM,0.15804868125618377,0.6398100241725927,0.5418137867110564,0.8066164838828278,10.369713859853825,2768.5849654885988,5.0,0.0
28.15132975578308,RAM,0.15594056208915458,0.6424730684378814,0.5557561085154614,0.8472915766833983,9.94350072602351,2913.527542506432,5.0,0.0
28.17219567298889,RAM,0.15409965567389194,0.6448020064014778,0.5311048066893943,0.6741624411723302,10.468094892035174,2789.283357754208,5.0,0.0
28.19264268875122,RAM,0.15262438508586518,0.6466706903378936,0.559826366865106,0.7767314015032364,9.725054593677594,2918.952243428868,5.0,0.0
28.213224172592163,RAM,0.1514693893718454,0.6481351248185702,0.5386576977867611,0.7130240075787061,10.42238685812058,2712.6414855123644,5.0,0.0
28.234838485717773,RAM,0.15061402563010068,0.649220462280653,0.5464272465195485,0.9017169102799476,10.095372149760296,2746.0603060312806,5.0,0.0
28.255451679229736,RAM,0.15014037729257024,0.6498217523889551,0.49405190180954284,0.741453068285386,10.267320670231719,2917.3464135554727,5.0,0.0
28.276132345199585,RAM,0.1500012735713066,0.6499983827673577,0.4562026004069691,0.723404656461609,9.147338816326515,2723.96435179549,5.0,0.0
28.296509742736816,RAM,0.15019361610571025,0.649754155910571,0.50002363823703,0.8022541165163853,10.26544556204238,2716.064933190787,5.0,0.0
28.317200422286987,RAM,0.15072328222303177,0.6490817924962883,0.4853952750166334,0.7701595925319019,10.157238875433613,2834.8029147858597,5.0,0.0
28.33764886856079,RAM,0.15157727398274273,0.6479982832228892,0.5736074504044815,0.8928953023135086,10.040756242866442,2668.718221477292,5.0,0.0
28.358113050460815,RAM,0.15276007589912466,0.6464987287522664,0.5499609046250833,0.9173895326009472,9.46205085718541,2815.57170218723,5.0,0.0
28.378725290298462,RAM,0.15428215619711022,0.6445709810564728,0.5035551760554106,0.875987329111944,8.991844124360808,2801.668836984408,5.0,0.0
28.39950704574585,RAM,0.1561512980879819,0.6422066702413471,0.5838009890388189,0.8242402476832562,9.833634220729188,2651.6884933918636,5.0,0.0
28.41995596885681,RAM,0.15831663394629442,0.6394718399685441,0.572385878803851,0.709986551872961,9.020606741475243,2799.4248231679594,5.0,0.0
28.440491914749146,RAM,0.1608146860938226,0.6363223255406386,0.46653711065410564,0.8227580120582546,9.24032865411582,2875.0956074826627,5.0,0.0
28.4612877368927,RAM,0.16367229495222235,0.6327267857159902,0.546271475893936,0.6693089014265592,8.685790604266868,2824.293165914751,5.0,0.0
28.481698513031006,RAM,0.16679521617387522,0.6288063615033559,0.47558125462099543,0.781866488811468,8.586646299090816,2660.3290254407166,5.0,0.0
28.50225019454956,RAM,0.1702552354741832,0.6244737024433227,0.5341733505585299,0.8082396439862635,8.791129018865478,2675.048524892422,5.0,0.0
28.52280569076538,RAM,0.17402932758235196,0.6197609421900638,0.5364395699255009,0.8719555415350333,9.339962398842045,2818.241809427223,5.0,0.0
28.54321551322937,RAM,0.17808326808331792,0.6147141306098212,0.4739694795169703,0.8730199729213421,9.708560974083523,2835.1524546519854,5.0,0.0
28.56353521347046,RAM,0.1824190151472153,0.6093342404280844,0.5061795054676856,0.7459675545695629,9.637962639126316,2757.776737398,5.0,0.0
28.583983659744263,RAM,0.1870800451230199,0.603571310055654,0.5620670456506407,0.748019083433157,9.295441086207775,2882.990450029989,5.0,0.0
28.604918956756592,RAM,0.1921569828082359,0.5973185632013314,0.4934287488369105,0.6966084459496189,8.543794531903696,2931.073473340501,5.0,0.0
28.625848531723022,RAM,0.19753596180063915,0.5907217882601977,0.5198538544183267,0.9047922645730154,9.466647668545702,2933.658581828882,5.0,0.0
28.646252870559692,RAM,0.20306695647049794,0.5839688062709986,0.4742198089234088,0.8386630568059741,8.503780179790157,2691.8694181738074,5.0,0.0
28.666853427886963,RAM,0.20893328016252938,0.5768401595030341,0.4643171002923382,0.9459685656666964,8.863702615477756,2921.5610489809,5.0,0.0
28.687620878219604,RAM,0.2151284059287515,0.5693499883382585,0.48607942284659084,0.6648673730692034,9.088962122191775,2746.0629060014435,5.0,0.0
28.708205461502075,RAM,0.2215417743165604,0.5616374682420788,0.46152829685747415,0.7002246350250039,9.355002455524883,2944.3692692669883,5.0,0.0
28.728450536727905,RAM,0.22810832332886344,0.5537849000576627,0.5815956652707432,0.8056527857056478,8.271136005962898,2752.1693121635017,5.0,0.0
28.748927116394043,RAM,0.2350049712129318,0.5455861590761897,0.5737331253179616,0.8907488762472359,8.690849111386116,2828.8189484227255,5.0,0.0
28.769238471984863,RAM,0.2420929483589382,0.5372123454022,0.5063572933890041,0.7575504360327081,8.117369674276667,2896.257118495995,5.0,0.0
28.789697885513306,RAM,0.24947458109084641,0.528548647360028,0.5071359679332432,0.8571657332016922,8.798583393563096,2669.7677807057353,5.0,0.0
28.810248851776123,RAM,0.2571267526645801,0.5196295506692169,0.5815435130282984,0.8359790469279311,8.27455073313279,2670.5075245776466,5.0,0.0
28.830750703811646,RAM,0.2649905926604815,0.5105304111525882,0.5790297273496479,0.870654579679871,8.032646612004736,2783.7515175458275,5.0,0.0
28.851141691207886,RAM,0.27303236150684784,0.5012961431282709,0.5302979995950325,0.7956932536038622,8.560533566404285,2928.5807166850364,5.0,0.0
28.87209701538086,RAM,0.2815178335193463,0.4916309523047646,0.5919432554473025,0.7056200561785388,7.779331773548461,2825.0969984108674,5.0,0.0
28.892486095428467,RAM,0.28998126894001564,0.48207231827532593,0.5635908814324799,0.9492684530205034,8.94617239277502,2849.44030405353,5.0,0.0
28.91310167312622,RAM,0.29873840498259396,0.47226882211487137,0.554853260091748,0.8175663655836216,8.231058426368188,2872.4084092015623,5.0,0.0
28.934025764465332,RAM,0.3078233321884375,0.4621930903266523,0.5698469212939518,0.9054448451352437,8.55560569119306,2673.424978178833,5.0,0.0
28.954726457595825,RAM,0.3169975700008716,0.4521177076303213,0.5836812269065923,0.7597966347555811,7.822726386374506,2805.7151032218553,5.0,0.0
28.97525978088379,RAM,0.3262719526737715,0.4420354998797224,0.5855571374491706,0.7370479415791215,9.0288983890315,2901.0202705670354,5.0,0.0
28.99580979347229,RAM,0.3357188642154152,0.4318741339728278,0.5297845361057848,0.7082172336479114,8.203428742802714,2674.8255833800345,5.0,0.0
29.0163357257843,RAM,0.34531051985832495,0.4216709283158091,0.5530112926672619,0.8478990545215829,8.012279980343967,2748.4411791872185,5.0,0.0
29.036857843399048,RAM,0.3550469798895998,0.41143311208773214,0.4799179554433022,0.7433565454785945,8.012970349090509,2859.260167586042,5.0,0.0
29.057327270507812,RAM,0.3648952682265716,0.40120238296333294,0.4885259396217999,0.861330452548129,8.45892874954934,2909.585647803452,5.0,0.0
29.077850103378296,RAM,0.3748971011230805,0.39094295353560454,0.520590889905681,0.8745208258620439,7.928226811562834,2945.3705058801065,5.0,0.0
29.09833788871765,RAM,0.385000102388972,0.3807162523035426,0.5913778393623568,0.9355553850951711,7.821793192438291,2787.8793027209,5.0,0.0
29.118895769119263,RAM,0.3952468176004693,0.37048712115351945,0.4872557589823554,0.7155209508378335,8.666597043449128,2900.479700997392,5.0,0.0
29.139466762542725,RAM,0.4055997649017444,0.3603014013344158,0.5246700199493414,0.8363705094393233,7.78277502928337,2925.6092360059315,5.0,0.0
29.159945487976074,RAM,0.41599556013959516,0.35022807801205924,0.4604502133879841,0.8129828488156384,7.570457630933825,2767.2908931412444,5.0,0.0
29.180302381515503,RAM,0.4264080827087692,0.34029738769828954,0.4648013713203599,0.7020797666209194,8.695072568461963,2743.4839467532543,5.0,0.0
29.201329708099365,RAM,0.4372354573805599,0.3301437208013948,0.48333272728134674,0.6595578948948526,7.808953387729034,2929.0800191761473,5.0,0.0
29.222060918807983,RAM,0.44797152847263927,0.3202538924739641,0.4772118861997079,0.9234227450049801,8.27793154126373,2669.353115174696,5.0,0.0
29.242690324783325,RAM,0.45870483301700904,0.3105486692060531,0.5239435363907883,0.9206035387741431,8.312452950043678,2772.4579340638347,5.0,0.0
29.263022661209106,RAM,0.46932231179014433,0.3011321049016429,0.5848231892715176,0.6541899428873684,7.692242495405887,2687.1303775140864,5.0,0.0
29.283501625061035,RAM,0.48004517717281525,0.2918129095197116,0.5369346310953083,0.7906359040966757,8.356409937020102,2915.8304460101326,5.0,0.0
29.304014444351196,RAM,0.49080463886077946,0.2826602306504896,0.4858554758120791,0.7712513686055426,8.43160581602529,2846.7964098213133,5.0,0.0
29.324434280395508,RAM,0.50152398980192,0.2737451441099895,0.5453033680037669,0.8138955543682171,8.331444470635867,2942.9599287047795,5.0,0.0
29.344691514968872,RAM,0.5121565971732526,0.2651090496931091,0.46885728545251726,0.8604246415364848,7.473967599119776,2846.5552295193406,5.0,0.0
29.365451097488403,RAM,0.5230411483030637,0.2564885984885697,0.553950183260076,0.7808539587212585,8.27919188795888,2940.0750679060243,5.0,0.0
29.38629651069641,RAM,0.5339482080686497,0.248081417577394,0.5114862719261706,0.7219572270648806,7.496998464236039,2756.950021544102,5.0,0.0
29.407176733016968,RAM,0.544840203783185,0.23992488265442272,0.4626506714887499,0.8051341166772841,8.60859132985702,2943.8149397300795,5.0,0.0
29.42842936515808,RAM,0.5558812322873622,0.2319095879870908,0.5370708111081289,0.903676623157363,8.25517164161062,2938.9745655144616,5.0,0.0
29.449262380599976,RAM,0.566649220919389,0.22434716838285185,0.5042596741256724,0.7311346706063665,8.555323197961695,2853.74626994524,5.0,0.0
29.469964265823364,RAM,0.5772849871727839,0.21713434954052233,0.5637818618248688,0.6909767184998541,7.478968750645392,2929.5865719228013,5.0,0.0
29.490617513656616,RAM,0.5878215176957104,0.21025080028758816,0.57629148845062,0.7499969905210904,7.635173535948133,2895.3791365647157,5.0,0.0
29.51131319999695,RAM,0.5982951517602663,0.2036778219547246,0.5242701355828919,0.9189610028674785,7.379385789404066,2717.0193468365765,5.0,0.0
29.531827926635742,RAM,0.6085837541133927,0.19749418765590462,0.49060175586452764,0.6948191855017193,7.406543890554466,2803.683452406357,5.0,0.0
29.55217170715332,RAM,0.6186851189492436,0.19169865839036826,0.48620798867170584,0.6989912319850478,7.392705377783258,2946.3299137297868,5.0,0.0
29.572815895080566,RAM,0.6288226275274837,0.18617006056310867,0.47256556642954545,0.757506316038087,8.178776332604002,2763.150100184598,5.0,0.0
29.59309434890747,RAM,0.6386603380949517,0.18109419853176206,0.4974145278191719,0.6812127677140992,8.191449113107176,2697.4279589588896,5.0,0.0
29.613308668136597,RAM,0.6483392688189917,0.1763926961107311,0.4610644467590034,0.8424204815312081,8.152235380617023,2777.9293317009287,5.0,0.0
29.634176015853882,RAM,0.6581877293656933,0.17192272161628386,0.5354252665170546,0.8819781400146041,7.354596665652518,2929.205522951522,5.0,0.0
29.654821157455444,RAM,0.6677788459647727,0.16789120224305604,0.5137001896360828,0.7789530658621688,7.542769094575771,2803.9837416815685,5.0,0.0
29.675243616104126,RAM,0.6771082496012607,0.16429242979501818,0.4821688900243989,0.9448618625553379,8.744639455901995,2697.5364669142245,5.0,0.0
29.695621013641357,RAM,0.686251434916621,0.16109347146600916,0.47559118598503786,0.748147756225073,8.116828154083263,2755.1618251637574,5.0,0.0
29.715962409973145,RAM,0.6952049339409402,0.15829586882689187,0.45241378395488824,0.9268609614115407,8.040836732768724,2832.3043624752077,5.0,0.0
29.73624873161316,RAM,0.7039532165982785,0.1559042008650346,0.5109408440719811,0.6530373748940337,8.687577800472914,2656.0357071287854,5.0,0.0
29.756425619125366,RAM,0.7124670097096694,0.1539239440680961,0.45455604409050626,0.706593406173266,7.94171052830263,2790.0373743852765,5.0,0.0
29.776872634887695,RAM,0.7208962223061521,0.15232593260232738,0.4595509772036008,0.7567484501644905,8.046234689647193,2734.27897134115,5.0,0.0
29.797080755233765,RAM,0.7290228314668562,0.1511534868942243,0.561240363490482,0.6899243420419205,8.657904129875618,2723.245304558551,5.0,0.0
29.817593574523926,RAM,0.7370567369014304,0.1503790373037102,0.5995262348230008,0.8610189363992428,8.168885332090667,2821.0208704750485,5.0,0.0
29.838448524475098,RAM,0.7449945359957759,0.15002232212254096,0.5449913389607699,0.7344329826115943,7.750057449102214,2896.941610772954,5.0,0.0
29.8590030670166,RAM,0.7525834551378667,0.15009622192027278,0.5873339544695172,0.7614981149846762,8.662760683478698,2920.9694831066236,5.0,0.0
29.87939143180847,RAM,0.759873855443919,0.15058668607988968,0.5107659320115202,0.9206854612774791,8.243343584237165,2703.4861680236745,5.0,0.0
29.899849891662598,RAM,0.7669450186085605,0.1514956281769529,0.48924979160635695,0.9235401662986304,7.780937021344619,2657.1921500196167,5.0,0.0
29.92010521888733,RAM,0.7736983529988588,0.15280536357915672,0.4559832279461663,0.7512123124678517,8.834448685235435,2787.342458296062,5.0,0.0
29.940674543380737,RAM,0.7802978016544555,0.15455048787943904,0.5072527860754923,0.7683236826058638,8.114936063268699,2753.5922343713296,5.0,0.0
29.961153030395508,RAM,0.7866030663083123,0.1567005006068736,0.5420339382402963,0.7660050358314009,8.225415259959165,2706.5664540856656,5.0,0.0
29.981748580932617,RAM,0.7926716289477662,0.1592743729715302,0.5206681952991538,0.717863417869255,8.983087262364041,2798.6164853390997,5.0,0.0
30.001959800720215,RAM,0.7983554473352126,0.1621972671893286,0.4748710676969227,0.8666135149737747,8.540291949055238,2867.89560494207,5.0,0.0
30.023011684417725,RAM,0.8039840585091957,0.16565474458546786,0.46286958528578903,0.7147374815342614,9.09129601433485,2875.976271370458,5.0,0.0
30.04392981529236,RAM,0.8092767068643234,0.16950168763880555,0.4507899123355327,0.9037601344539268,8.393836073286758,2700.3044354395315,5.0,0.0
30.06444811820984,RAM,0.8141724297013698,0.1736670299918901,0.578752705592507,0.9366562246058554,8.363948588452686,2923.9856081216203,5.0,0.0
30.085079431533813,RAM,0.8187950690612802,0.1782395464366702,0.4889729776044862,0.9401710562535485,8.701138820778871,2752.1835268196564,5.0,0.0
30.105460166931152,RAM,0.8230618297258099,0.18312722706087248,0.5107519329286122,0.6712806777005125,8.49452808515505,2665.1861908217534,5.0,0.0
30.125815868377686,RAM,0.8270219994401524,0.1883685277205713,0.588636868713367,0.917873070006094,8.676210945521305,2665.095193703012,5.0,0.0
30.147133350372314,RAM,0.8308424186361216,0.19423327993847497,0.5539621306163299,0.7223512552789956,9.345232307404103,2846.7794407452166,5.0,0.0
30.16793465614319,RAM,0.8342442953063585,0.20031661183466082,0.5629358308576831,0.921906849885091,9.255470910443933,2841.2984576216286,5.0,0.0
30.188578367233276,RAM,0.8372987135522287,0.2066955231798231,0.5565010761745837,0.813537080918966,8.668005155427325,2715.878139297189,5.0,0.0
30.209081411361694,RAM,0.8400122243823179,0.2133571038238378,0.450603982205404,0.7606380743769244,9.419642088812836,2896.7461344960293,5.0,0.0
30.229771375656128,RAM,0.8424244824407425,0.220397480523995,0.5055336265016185,0.8548511251376878,8.31007663332041,2868.6764999366274,5.0,0.0
30.250073194503784,RAM,0.8444709354047282,0.22760474541127718,0.46017652738877557,0.8493708810391795,8.36967783226911,2886.3065057295294,5.0,0.0
30.271344661712646,RAM,0.8462724260502319,0.2354608970072068,0.542544275724723,0.8658193141457269,8.785262670973637,2798.6868446563917,5.0,0.0
30.292075157165527,RAM,0.8476889479005648,0.24340386402135422,0.47400410809205834,0.8624380804655393,8.570161121270651,2852.4217723405777,5.0,0.0
30.312471866607666,RAM,0.8487545743749365,0.25148169973885903,0.4716568869323335,0.6649546569926248,8.415439406448463,2944.3238313880547,5.0,0.0
30.333460092544556,RAM,0.8495103306623193,0.2600516277407332,0.5193926548913971,0.9395541832239979,8.430767116692993,2762.208189186901,5.0,0.0
30.35376477241516,RAM,0.8499118321900153,0.2685772510185457,0.4832505532182465,0.6773541904884871,9.477315670752906,2847.4293428661636,5.0,0.0
30.374396562576294,RAM,0.8499873522595807,0.27746211092939194,0.48388862401521615,0.7987758915364956,9.009535773727556,2679.407842855083,5.0,0.0
30.39544153213501,RAM,0.8497190732639492,0.2867397183050956,0.537295607342857,0.7549124911319849,8.915506144630152,2863.877707537256,5.0,0.0
30.416314125061035,RAM,0.8491087923984537,0.29613953901780615,0.5146334855990502,0.6531296096310047,8.730404320682968,2848.5479943128976,5.0,0.0
30.43682289123535,RAM,0.848175854565691,0.3055518701590733,0.4573083433773244,0.9310808367569534,8.921991028205694,2779.5251532757666,5.0,0.0
30.457706451416016,RAM,0.8468873100575949,0.31529937220758136,0.5722733874314352,0.8346189019533878,8.885301721063183,2887.881444109671,5.0,0.0
30.478086948394775,RAM,0.8453016286381181,0.3249546429319259,0.5300260192798029,0.8177841992847082,9.984472918826938,2721.4828249623074,5.0,0.0
30.498635292053223,RAM,0.8433762120637507,0.3348155978825029,0.5977071005356998,0.7613648603615115,9.759012625110918,2776.4643621528794,5.0,0.0
30.51917314529419,RAM,0.8411258368540864,0.3447815140571201,0.4542232203048475,0.6888318080157183,9.195556663229414,2804.632286911334,5.0,0.0
30.539796352386475,RAM,0.8385403692044271,0.3548825580529007,0.5714579190984838,0.6837969228165865,9.802722385135965,2727.9492659815774,5.0,0.0
30.559988737106323,RAM,0.8356950297682686,0.36484706390901905,0.5559647004461488,0.7877375353436025,9.604286660537104,2797.387602101757,5.0,0.0
30.580644607543945,RAM,0.8324657761927383,0.37509947368837365,0.5254842656393274,0.8708670150793799,9.256827433888512,2721.930942444801,5.0,0.0
30.601149797439575,RAM,0.8289444146386397,0.3853191632332735,0.4540944562285715,0.8066686479228429,9.45310720544782,2924.4488630178625,5.0,0.0
30.621662378311157,RAM,0.8251104455196083,0.3955672352080297,0.4668318177484995,0.8306362815305164,9.221155355824072,2900.1740376204316,5.0,0.0
30.64224147796631,RAM,0.8209547836145745,0.405856017080593,0.4736557024284558,0.6827296199994255,9.539407316781745,2850.694255090238,5.0,0.0
30.66266918182373,RAM,0.8165272451463872,0.4160593394571951,0.4932339122222329,0.8737059298637487,10.266264340174446,2681.9274317789136,5.0,0.0
30.6832537651062,RAM,0.8117651179103273,0.4263138651762692,0.5185052895903418,0.773254279236952,10.497995144740596,2739.9046449096077,5.0,0.0
30.703453302383423,RAM,0.8068031197906156,0.43633332967153265,0.4669663900071827,0.7569564547341575,9.390466903410816,2650.1988743237116,5.0,0.0
30.723770141601562,RAM,0.8015282193774524,0.44635113851215946,0.532297384985115,0.8856082561504925,9.713228318539336,2707.3118545907278,5.0,0.0
30.744404315948486,RAM,0.7958843409745965,0.4564470092742668,0.5216970769470397,0.7874705855672283,9.381111296596165,2946.754797603259,5.0,0.0
30.76494860649109,RAM,0.7899834600142653,0.46640343360350384,0.5073515024439593,0.8801546087175349,10.187491031395144,2720.1929381454524,5.0,0.0
30.786005973815918,RAM,0.7836494964596771,0.47649204216673746,0.5142958139502619,0.8421645243956665,9.51479189300885,2937.1299797963484,5.0,0.0
30.806638479232788,RAM,0.7771688256956182,0.48624564213910476,0.5199923961806698,0.8495270465284388,9.918623932099043,2897.4040108324925,5.0,0.0
30.827049016952515,RAM,0.7704966626040035,0.4957498920461472,0.4644966995213736,0.7241069638127378,9.521164504608755,2760.3079668916143,5.0,0.0
30.847819566726685,RAM,0.7634465798213934,0.5052579113072398,0.5908305881912055,0.8102275492526623,10.373610876394224,2897.1660836208093,5.0,0.0
30.868500232696533,RAM,0.7561729503008292,0.5145443717689143,0.5386859691386863,0.9105695846283158,9.580335675709945,2903.035424113665,5.0,0.0
30.889021396636963,RAM,0.7487117495425495,0.5235655799710075,0.5856362386950968,0.7179997880617177,9.723609605273275,2703.535639950381,5.0,0.0
30.909382343292236,RAM,0.7410758955749102,0.5323107115279866,0.5285417752080229,0.8493479372805236,10.0293240341716,2860.2090421327325,5.0,0.0
30.930068492889404,RAM,0.7330878536683025,0.5409707811568143,0.4867077474628876,0.8374170173047896,10.077895612557569,2745.5751926701205,5.0,0.0
30.95038151741028,RAM,0.7250254825971048,0.5492399579793229,0.5168525826860475,0.772876220133379,11.112299279013758,2706.5616644479537,5.0,0.0
30.97104573249817,RAM,0.7166094223958035,0.5573993143269187,0.4901514671978068,0.9468339484125796,10.435813562116621,2795.770960948281,5.0,0.0
30.991336822509766,RAM,0.7081427859438694,0.565149851050768,0.4781186037982381,0.9206402195292535,10.991308092651062,2794.018812724146,5.0,0.0
31.011691331863403,RAM,0.6994559844527726,0.5726513724361225,0.5776078378851419,0.8592275954179774,11.397999179877534,2684.0655784422274,5.0,0.0
31.03225612640381,RAM,0.6904906600555816,0.5799398196945804,0.5499004586932261,0.728498829858323,11.123518833832222,2697.620583312657,5.0,0.0
31.052835702896118,RAM,0.6813374511329582,0.5869288237405981,0.495012019175285,0.8045277514099247,11.579163813197773,2795.430697169394,5.0,0.0
31.073209524154663,RAM,0.672105523933798,0.5935360948032833,0.5214089098481919,0.8872724567611286,10.616038592989591,2850.9525457155823,5.0,0.0
31.093700408935547,RAM,0.662658454191069,0.5998572377840897,0.47212650115725285,0.7542062078056904,10.968716195837663,2908.2958156918307,5.0,0.0
31.1142361164093,RAM,0.6530365666808031,0.6058554841114175,0.49790421123717693,0.9485228381434229,10.396489064604143,2830.239331430176,5.0,0.0
31.134414434432983,RAM,0.643440649487078,0.6114112060486581,0.450261407628636,0.7866319944371127,10.929659329812667,2948.5133525148685,5.0,0.0
31.15463399887085,RAM,0.6336933213881755,0.616632952377465,0.471850017065621,0.7233603345961129,11.645520380126618,2838.1661881464743,5.0,0.0
31.175172567367554,RAM,0.6236663620113794,0.621574395163315,0.5029658407691344,0.6547833260282002,10.493878846758223,2724.561261034078,5.0,0.0
31.195481061935425,RAM,0.6136362891480174,0.6260929535742528,0.5152792040386678,0.9227932207996882,11.270276597475288,2742.926045338238,5.0,0.0
31.21570897102356,RAM,0.6035411868448425,0.6302228648267278,0.5432521164756072,0.9034138667763718,11.469670166897028,2650.4587109816744,5.0,0.0
31.23660945892334,RAM,0.5930104087177479,0.6340942757311121,0.47143177050395335,0.9404520088614767,11.825590621380472,2721.681529712447,5.0,0.0
31.257222890853882,RAM,0.5825346830069482,0.6375119516403094,0.532018959694164,0.827648411837176,11.474872817608905,2896.0722666885795,5.0,0.0
31.27809762954712,RAM,0.5718457967441473,0.6405615905969434,0.5563158430694545,0.7927169683176372,11.307208095749331,2786.204842669991,5.0,0.0
31.298339366912842,RAM,0.5614136725257479,0.6431184332950539,0.5252095561196156,0.8460024464951702,11.271921230433477,2731.9314737697055,5.0,0.0
31.319522619247437,RAM,0.5504358503106981,0.6453675201242075,0.49135581746382284,0.8677037995328346,11.681451555547826,2876.2747288766614,5.0,0.0
31.339719772338867,RAM,0.5399214770925269,0.6471018813626721,0.5874632118830447,0.8506900688285107,11.446405100445181,2760.9289560573375,5.0,0.0
31.360498428344727,RAM,0.5290662421295947,0.6484654349479805,0.4819104475519857,0.8507816199946951,12.029001368227767,2747.028499151047,5.0,0.0
31.381070852279663,RAM,0.5182908980085951,0.6493927866244716,0.4789470442812945,0.9046943198597646,11.666599174892292,2780.3195489622995,5.0,0.0
31.40153741836548,RAM,0.5075537001843907,0.6498964837928443,0.5399612094012192,0.8254908968388686,11.291429137212113,2683.467858540508,5.0,0.0
31.422467470169067,RAM,0.49656606460210206,0.6499786083945045,0.5508599424425893,0.7092332303911815,11.421509380126945,2855.9770570457385,5.0,0.0
31.44321894645691,RAM,0.48567548648216163,0.6496276546270514,0.5238944788573148,0.7002091140504344,12.443643714635249,2906.6087695238275,5.0,0.0
31.463690519332886,RAM,0.4749453563964741,0.6488601681422774,0.4584316359134388,0.7864343575660059,12.553930078230332,2841.4356889578235,5.0,0.0
31.48450231552124,RAM,0.4640611717525203,0.6476523647142289,0.5982043392832669,0.8903992008688567,12.436940950524482,2767.093586096005,5.0,0.0
31.505109310150146,RAM,0.4533185662267582,0.6460337484191394,0.46248507708190334,0.7969142591955756,12.746435407508729,2745.4720128930494,5.0,0.0
31.52587914466858,RAM,0.44253622677728616,0.6439795323218052,0.540189403520296,0.8391784953403456,12.930201995409409,2801.2286619845013,5.0,0.0
31.54708480834961,RAM,0.43158524716407776,0.6414479617545046,0.47549562880452256,0.7665006322034369,12.488467286539311,2934.789232774986,5.0,0.0
31.567747354507446,RAM,0.42098123095563433,0.6385634948799794,0.5431008824893019,0.6880860962364892,12.54653287597538,2678.5790916442506,5.0,0.0
31.588514804840088,RAM,0.4103998749007933,0.6352539333540848,0.5102456632309147,0.6641998051372382,11.870141773305424,2668.3150724249217,5.0,0.0
31.608785390853882,RAM,0.4001554461909168,0.6316321628702419,0.5546399742340332,0.8391604681825108,12.062824069541623,2935.0613993152574,5.0,0.0
31.62944221496582,RAM,0.38981083616332496,0.6275498206734546,0.5238305585679492,0.6979097898708831,12.468457821949297,2926.374260085749,5.0,0.0
31.65025520324707,CLOSE_IN,0.37949503178424226,0.6230438897690844,0.5875164150009162,0.6738437089897924,13.437907892665994,2904.2214811166236,3.5,-0.2
31.67075204849243,CLOSE_IN,0.3694506510997667,0.6182287040154638,0.49051068574878154,0.7788271367834911,12.635143582009707,2896.427348193992,3.5,-0.2
31.69155740737915,CLOSE_IN,0.35938132785605637,0.6129660866736015,0.48847190071793645,0.6623731594462003,13.547908806870092,2889.670024623598,3.5,-0.2
31.712038040161133,CLOSE_IN,0.3496028692437065,0.6074254579161,0.5247907510237055,0.8677832394061233,12.36155186179441,2665.452026732194,3.5,-0.2
31.732411861419678,CLOSE_IN,0.34001621372224644,0.6015684505178573,0.583845203796681,0.651856308107273,12.611602600938154,2731.6188799188976,3.5,-0.2
31.752804279327393,CLOSE_IN,0.3305704216532761,0.5953710098174366,0.4719016563002098,0.8773226762891783,12.95662528231128,2655.9461577165225,3.5,-0.2
31.773049116134644,CLOSE_IN,0.32134976866878123,0.5888969779963664,0.589957008723623,0.8158507823551484,12.624043454686888,2655.6637153611046,3.5,-0.2
31.794023275375366,CLOSE_IN,0.3119707888551828,0.5818632867751936,0.5492228157228796,0.842399997116675,13.509951438441774,2949.999451940604,3.5,-0.2
31.814728498458862,CLOSE_IN,0.3028945641955808,0.5746058866635017,0.5460663441517788,0.7206089004966736,12.98460180820536,2786.1335517756174,3.5,-0.2
31.835622549057007,CLOSE_IN,0.2939283117602086,0.5669788564687317,0.5165800240184101,0.7974763361054958,13.38824925516139,2792.092189437749,3.5,-0.2
31.856605529785156,CLOSE_IN,0.2851276032125999,0.5590259757626264,0.5799454245783363,0.9434697472212769,13.871619248005228,2687.700123282216,3.5,-0.2
31.87737512588501,CLOSE_IN,0.276625972513744,0.5508781540667759,0.5006752134068444,0.8875701944007389,14.189115448955521,2745.8877429350196,3.5,-0.2
31.898077964782715,CLOSE_IN,0.2683674033361168,0.5424974557277131,0.5175540233980316,0.6558595722151118,14.170155063088519,2814.6379435884546,3.5,-0.2
31.918702840805054,CLOSE_IN,0.2603620253434523,0.5339054101728575,0.5979397175342764,0.8109167029964959,13.12553669865089,2813.812662972578,3.5,-0.2
31.939228773117065,CLOSE_IN,0.2526227353210981,0.5251283828934978,0.5206104153320286,0.654933186569887,13.496501919703753,2908.212103221057,3.5,-0.2
31.959666967391968,CLOSE_IN,0.2451494997127861,0.5161793579279393,0.4579746590089956,0.6852819901876154,13.436676843204703,2790.2112236922694,3.5,-0.2
31.979796648025513,CLOSE_IN,0.23802315025690401,0.50717562138312,0.4639896155254709,0.9349186895598993,14.084728760019457,2659.869025584239,3.5,-0.2
31.999911069869995,CLOSE_IN,0.23114075819162072,0.4980052150752494,0.46469501482782544,0.7267665578987227,13.454934667134117,2895.4155786176057,3.5,-0.2
32.0205979347229,CLOSE_IN,0.22431783599624233,0.4884085534932184,0.5800956328174982,0.913602303556478,14.482045516521474,2819.774679871345,3.5,-0.2
32.04173183441162,CLOSE_IN,0.2176216136343126,0.4784483805681244,0.5299536117139306,0.7204658735725284,13.842207078575756,2681.6860677288832,3.5,-0.2
32.06267166137695,CLOSE_IN,0.21126671714782203,0.46844140961023656,0.45306742128246946,0.7798815073639567,14.271611525040504,2725.9702893399653,3.5,-0.2
32.0831093788147,CLOSE_IN,0.20533882572098916,0.45855851640157463,0.4977869167196648,0.853916890845772,14.366634872120525,2741.7285428668656,3.5,-0.2
32.10377049446106,CLOSE_IN,0.19962762348640917,0.448468222219089,0.5298526241038203,0.7135466378634753,13.593205016530858,2798.6407133303996,3.5,-0.2
32.124269247055054,CLOSE_IN,0.194246376574555,0.4383754004409448,0.5987679262014733,0.9384169565359015,13.43227014376622,2739.1852878219365,3.5,-0.2
32.14486813545227,CLOSE_IN,0.18913002310052368,0.42816833799086557,0.5990164771848558,0.8672977038681506,13.69152407501117,2871.3784724714487,3.5,-0.2
32.16557717323303,CLOSE_IN,0.18428546983655586,0.41785853983923127,0.5501059716472736,0.7163989807534267,14.133323085770387,2665.626759429516,3.5,-0.2
32.1862428188324,CLOSE_IN,0.17975473015176707,0.4075397967596591,0.5076920799356383,0.7279889650748866,13.568682124598562,2941.306661640626,3.5,-0.2
32.2067551612854,CLOSE_IN,0.17556187578476395,0.39728482238596724,0.579894282787081,0.6938145943098584,14.503572662422735,2945.6073489566547,3.5,-0.2
32.227534532547,CLOSE_IN,0.17162760058932075,0.3869010842114753,0.5647459881156041,0.7738776214085372,14.138245909315588,2926.3209361718173,3.5,-0.2
32.24852991104126,CLOSE_IN,0.16797642267740448,0.3764324414655438,0.4880709125349064,0.7221152912657858,15.033717456158904,2803.724357396568,3.5,-0.2
32.2692084312439,CLOSE_IN,0.16470219262483315,0.36616231192674664,0.4873053311546605,0.9166454157017524,14.47489569594043,2692.561060146749,3.5,-0.2
32.28995442390442,CLOSE_IN,0.16174142773073164,0.35591684227790615,0.5669057126813103,0.7858389265481219,14.753192885039736,2841.4557805440677,3.5,-0.2
32.310797929763794,CLOSE_IN,0.15909660361438555,0.34569966098120863,0.4910748909349163,0.9108736284927003,15.11001069278193,2801.8827084647946,3.5,-0.2
32.331546783447266,CLOSE_IN,0.15679473159483687,0.33562255842093014,0.45531686517320374,0.7493709674256819,14.601340733442337,2877.2325483918876,3.5,-0.2
32.35173988342285,CLOSE_IN,0.15487368303591786,0.3259216535546854,0.5937915340091937,0.8206889544343927,15.087176352368646,2928.6413772788787,3.5,-0.2
32.3721079826355,CLOSE_IN,0.15325673473894957,0.31625910740676544,0.5169748478936771,0.8742820561226905,14.457822703456886,2929.9402172835185,3.5,-0.2
32.39266324043274,CLOSE_IN,0.1519530437177224,0.30664868776787085,0.4969562001741643,0.7057567949703756,15.307404809262408,2927.8733309182603,3.5,-0.2
32.41284894943237,CLOSE_IN,0.15099476677564472,0.2973644735241927,0.5351267777978722,0.6521372890931607,15.16014093107869,2674.260539142906,3.5,-0.2
32.43352389335632,CLOSE_IN,0.15034493584366415,0.2880287533357696,0.4609798707242106,0.943578913481526,14.764462569777894,2765.209487718121,3.5,-0.2
32.454129695892334,CLOSE_IN,0.15003185352685533,0.27891469981165723,0.5234684406082538,0.7918364501972773,14.544269654937155,2808.8086683712822,3.5,-0.2
32.47468280792236,CLOSE_IN,0.150052605267879,0.270028772369928,0.4842973394264994,0.9393032339321024,15.36779216306778,2806.973275093376,3.5,-0.2
32.495394706726074,CLOSE_IN,0.15040996839070442,0.26129636897197756,0.58794802149372,0.8578348415757948,14.823005900602674,2759.0011576732104,3.5,-0.2
32.516075134277344,CLOSE_IN,0.1511034212572256,0.2528146565568514,0.49041483575784406,0.716294952944982,15.204864785029589,2696.6226194083492,3.5,-0.2
32.53674387931824,CLOSE_IN,0.1521319074893555,0.2445892766255025,0.4892389892071194,0.8276937938914278,15.12700738925195,2742.9206973928835,3.5,-0.2
32.5571084022522,CLOSE_IN,0.15347225756418503,0.23674459231897452,0.46632153978279106,0.8740732161765454,14.561069673058867,2716.169297122462,3.5,-0.2
32.57744550704956,CLOSE_IN,0.15513347301025265,0.22918069719916614,0.594002658761347,0.9278304630440123,15.94925179159519,2700.178756410024,3.5,-0.2
32.59799933433533,CLOSE_IN,0.15713843886850443,0.22182333704060703,0.5942902694725073,0.8396885942414323,14.834346918817973,2907.4992772280248,3.5,-0.2
32.61882519721985,CLOSE_IN,0.1595023054673117,0.2146757049703209,0.5279833877590456,0.9247827737446174,14.781210727415468,2934.711908732877,3.5,-0.2
32.639495849609375,CLOSE_IN,0.1621771077227671,0.20789919475144938,0.5290767621254445,0.8434239936767248,15.854748200097537,2774.42478276283,3.5,-0.2
32.660194396972656,CLOSE_IN,0.16518092302802329,0.20144248288787106,0.47295177036149355,0.8277165091592639,15.113372407274705,2939.2321893150943,3.5,-0.2
32.6807804107666,CLOSE_IN,0.1684885143953127,0.19535830941138715,0.5103846157517818,0.7267141024038712,14.924914830965905,2660.611203038333,3.5,-0.2
32.701382637023926,CLOSE_IN,0.1721151589437906,0.18961660326621274,0.4654679878955858,0.824614032836013,15.544615802840827,2666.5341602713197,3.5,-0.2
32.72196316719055,CLOSE_IN,0.17605060163238462,0.1842375163177646,0.5998506464806739,0.7895111719206864,14.758694236833641,2783.5896759606935,3.5,-0.2
32.74229860305786,CLOSE_IN,0.18024240106129996,0.179281452453578,0.5596348422978253,0.7493221514317716,14.972973100193672,2833.0946980668655,3.5,-0.2
32.762609004974365,CLOSE_IN,0.1847259856950617,0.17469585737444135,0.5743839132873578,0.6578371145883462,15.671898185973825,2787.124319384446,3.5,-0.2
32.78294920921326,CLOSE_IN,0.1895093913527124,0.17047606760019549,0.5535295968694598,0.7501314911411908,15.1809273314746,2790.1552882362416,3.5,-0.2
32.803632736206055,TRACK,0.1946698744545562,0.16657454495487278,0.5548374465371658,0.7851868103973731,16.0031802969922,2788.029311460257,0.36639615065453257,0.3334254550451272
32.824843645095825,CLOSE_IN,0.20026710510868356,0.1629883903824999,0.527397538228865,0.6941236135766662,14.952041281392225,2825.98335050654,3.5,-0.2
32.84560704231262,CLOSE_IN,0.20604013893586476,0.15989092021000664,0.5427079716904704,0.9200952122614283,15.389315457583562,2843.4807939667207,3.5,-0.2
32.866461992263794,CLOSE_IN,0.2121256309860567,0.15719654413007114,0.5768056009885083,0.7525607413510734,15.455548103597993,2697.404783849501,3.5,-0.2
32.88691782951355,TRACK,0.21836835318524966,0.1549640072034556,0.480837404220668,0.7804319000010939,16.181492936618152,2764.538558760617,0.3379579761777004,0.3450359927965444
32.90742087364197,TRACK,0.22489152920323902,0.15313781674589344,0.49021457040086164,0.9408403223954731,16.174429712207694,2790.062283572338,0.3301301649561132,0.34686218325410656
32.92798042297363,TRACK,0.23169394244775587,0.15172335349948327,0.5604591056660124,0.8765175056912993,16.29798564480407,2748.53268676336,0.32196726906269296,0.3482766465005167
32.948424100875854,TRACK,0.2387110333941918,0.15073303906713945,0.5515632367100436,0.8790872404904959,15.489623571223774,2823.9224418057956,0.31354675992696984,0.3492669609328606
32.96920108795166,TRACK,0.24609422295880418,0.15015349058622812,0.5855096573309571,0.8352342524592226,16.181023491198996,2673.3703204543626,0.30468693244943496,0.3498465094137719
32.98976111412048,TRACK,0.25364308609190866,0.15000461547166705,0.4685857312723584,0.7507226382080008,15.85219392030897,2837.1204203024345,0.2956282966897096,0.34999538452833295
33.01023626327515,TRACK,0.26139364027506856,0.1502763890611774,0.533465303803111,0.7489808498026493,15.521863369122611,2796.1558277297577,0.2863276316699177,0.3497236109388226
33.03083086013794,TRACK,0.26941642096345275,0.15097212704454002,0.521510358255026,0.8685370897971287,15.664920802412967,2795.128676150237,0.27670029484385666,0.34902787295546
33.051185131073,TRACK,0.2775618048217431,0.15207481574694584,0.5561721259276244,0.8497964605135951,15.505974646158904,2881.390129161357,0.2669258342139083,0.3479251842530542
33.071765184402466,TRACK,0.28600830926968374,0.15360738919838582,0.5488947347646385,0.8271296516610088,15.396310183910812,2713.256688051833,0.25679002887637953,0.3463926108016142
33.09223771095276,TRACK,0.2946130109558417,0.15554606354052572,0.4542699350033534,0.7202333693951575,15.614683650701087,2665.546230303951,0.24646438685298996,0.3444539364594743
33.11257195472717,TRACK,0.3033513231182555,0.15787727815953884,0.5411248380628715,0.6828001312481864,16.65771690895321,2928.2678262179957,0.23597841225809335,0.34212272184046116
33.13321018218994,TRACK,0.31240728247370153,0.1606527418421375,0.47215936196039054,0.6815967381498436,15.196746081207824,2907.297932519214,0.22511126103155815,0.3393472581578625
33.15336871147156,TRACK,0.32142636582394435,0.1637573578748155,0.5144254235527876,0.7707353921681794,15.46251166416463,2891.5321124947636,0.21428836101126678,0.3362426421251845
33.17385268211365,TRACK,0.3307582446978557,0.16730536479506727,0.5554167225552935,0.7307470715668282,15.733679480278626,2817.5297285556903,0.20309010636257316,0.3326946352049327
33.19442129135132,TRACK,0.3402894274997106,0.17126094010965737,0.5104104211315943,0.695543579888114,15.752615212975504,2867.273043487914,0.1916526870003473,0.32873905989034263
33.21502351760864,TRACK,0.3499885725909461,0.17561095962539397,0.5351746773980024,0.887628997014958,16.68448823186867,2735.5846962067076,0.18001371289086465,0.32438904037460603
33.236340284347534,TRACK,0.3601747867361994,0.18051271484593492,0.5864904613073287,0.7470987396321929,16.7231951004591,2917.980873958613,0.16779025591656072,0.3194872851540651
33.25736713409424,TRACK,0.3703625543968822,0.1857386291823945,0.5237336680790008,0.7023492446537957,15.311956790151884,2895.619363176688,0.15556493472374136,0.3142613708176055
33.2779655456543,TRACK,0.3804678426113729,0.19122549303297745,0.4719521985614004,0.7650252998223674,16.18508142556537,2760.018443380677,0.14343858886635252,0.3087745069670226
33.29868674278259,TRACK,0.3907484742708873,0.1971024955503717,0.5042068336001958,0.7071987681142151,16.41935220850688,2823.417851232391,0.1311018308749352,0.30289750444962826
33.31918454170227,TRACK,0.40102214077002685,0.20325898113709776,0.5109851969035462,0.9248029198766086,16.17407910624381,2903.6078756618617,0.11877343107596777,0.2967410188629023
33.34004330635071,TRACK,0.4115727155849397,0.20986320589385127,0.5444472677421235,0.678075876458635,16.692607944718084,2758.068611959268,0.10611274129807237,0.29013679410614873
33.36040663719177,TRACK,0.4219562735128718,0.2166298219470983,0.45937400055358696,0.7957540284595281,15.761912288136198,2677.338944827716,0.09365247178455384,0.2833701780529017
33.38101530075073,TRACK,0.432539020277853,0.22378753788821865,0.5370903710676349,0.6656675263836286,16.716220243600475,2757.476022515367,0.08095317566657638,0.27621246211178135
33.401498317718506,TRACK,0.4431211399307777,0.23119822760834702,0.4726794844200183,0.802328937063482,15.506319252798026,2858.090955503144,0.06825463208306679,0.268801772391653
33.42203497886658,TRACK,0.45378486524962586,0.23891267430228144,0.5573034866251895,0.6536808763443548,15.961576222521357,2656.82172091894,0.05545816170044897,0.26108732569771853
33.442381620407104,TRACK,0.46439319868853274,0.24682374156311207,0.5950228481098865,0.7577430154107414,16.718201630188954,2766.6189327311204,0.04272816157376071,0.25317625843688796
33.46279048919678,TRACK,0.47506728235222295,0.2550137707886272,0.45169263201630244,0.7212512770773274,15.853314184535654,2891.6042448453754,0.029919261177332457,0.2449862292113728
33.48347449302673,TRACK,0.48590905807581264,0.26356057933560056,0.5300526535422763,0.7248411599002149,15.700331883073304,2697.074341491237,0.01690913030902483,0.23643942066439944
33.504005432128906,TRACK,0.49668404137349553,0.2722750487266814,0.5865915332089968,0.8084539006402784,15.61670665916646,2899.571574543798,0.003979150351805361,0.2277249512733186
33.524537086486816,TRACK,0.5074625447639847,0.28120515674365754,0.5159102686944538,0.6555328051849271,16.330232627387716,2813.9842235375595,-0.008955053716781602,0.21879484325634246
33.5452241897583,TRACK,0.5183154699611527,0.2904054006307266,0.5524825530981595,0.6819642462661172,15.866808719317014,2845.3864148687926,-0.02197856395338329,0.20959459936927338
33.5658745765686,TRACK,0.5291315513672116,0.2997764058372685,0.4578370658272142,0.8188130630390578,16.49639940022529,2650.2705732584513,-0.034957861640653884,0.2002235941627315
33.58669686317444,TRACK,0.5400093408125362,0.30939844521963134,0.5905724924884607,0.9037354984990331,16.620870880506736,2846.679419273845,-0.048011208975043386,0.19060155478036866
33.60748100280762,TRACK,0.550828288466236,0.3191595404904882,0.5526723141725871,0.7708778664195982,16.515808307706287,2663.3252601627323,-0.06099394615948319,0.18084045950951178
33.62816643714905,TRACK,0.5615468251550328,0.32901297898737497,0.4900228498297377,0.6918311976311498,15.474179809161383,2905.224205649576,-0.07385619018603941,0.17098702101262503
33.6488242149353,TRACK,0.5721919052186443,0.3389744878457186,0.49108685423643467,0.7877105699719056,16.186393702592994,2878.3207672019516,-0.08663028626237312,0.1610255121542814
33.66935086250305,TRACK,0.5827007817409103,0.34897596414541243,0.4889694382235736,0.8651898077954303,16.301569657878282,2822.6869230682473,-0.0992409380890924,0.15102403585458757
33.689924240112305,TRACK,0.5931549108473293,0.3590864727322529,0.5030478501732304,0.7745242514140912,16.018740280949118,2702.4392833204474,-0.11178589301679516,0.14091352726774709
33.71071743965149,TRACK,0.6036305689188789,0.3693753206437898,0.5882936432726625,0.8743094245046769,16.290156571124083,2900.0626591309197,-0.12435668270265467,0.1306246793562102
33.730952501297,TRACK,0.6137283412475373,0.3794389878437028,0.5176042104382373,0.6792665828910404,15.835238104480247,2921.6370043724905,-0.13647400949704472,0.12056101215629722
33.75111484527588,TRACK,0.6236856332286339,0.3894999990466794,0.5773139835243162,0.916334874237725,16.08194648235259,2706.5061027797146,-0.14842275987436068,0.11050000095332058
33.7714946269989,TRACK,0.6336353156663284,0.39968680053624,0.5830671097868804,0.9162915260553339,16.445314875365746,2706.367310531048,-0.16036237879959403,0.10031319946376
33.79196047782898,TRACK,0.6435013398450785,0.40991712311275297,0.46718152244908134,0.750182395157775,16.417569189738614,2761.825530528772,-0.17220160781409422,0.09008287688724703
33.81258583068848,TRACK,0.6533074192455408,0.4202103238347017,0.5595926859784838,0.9251454349535366,15.51693521970613,2756.781090658389,-0.18396890309464897,0.0797896761652983
33.833120346069336,TRACK,0.6629245642012029,0.4304240584698591,0.588946354675298,0.8574674501512757,15.140155316327931,2837.786556163538,-0.19550947704144353,0.0695759415301409
33.853729009628296,TRACK,0.6724210243358393,0.44062306692808473,0.5581738375490578,0.7436262630358903,16.12584002752479,2760.655264853644,-0.20690522920300713,0.05937693307191527
33.874295234680176,TRACK,0.6817336888196,0.4507322943548055,0.5691642964834139,0.8677533794058189,16.21772740511727,2792.8523992676123,-0.21808042658351992,0.049267705645194504
33.89498448371887,TRACK,0.6909275489113759,0.46081536706636933,0.4971028568051325,0.7007840155571574,16.310758338088288,2776.506140567515,-0.22911305869365103,0.03918463293363067
33.915447473526,TRACK,0.6998400328940981,0.4706858215818477,0.5204120663014109,0.6658000613511859,16.17390856547647,2944.1357019079646,-0.23980803947291773,0.029314178418152315
33.93578004837036,TRACK,0.7085092642913391,0.48037615565639896,0.5514302174001596,0.7635100877385963,15.390135208025642,2721.9021181089547,-0.2502111171496069,0.019623844343601038
33.95637631416321,TRACK,0.7170931658068026,0.4900566001973013,0.5182471234913297,0.7258405924523817,16.211926044265223,2656.844027178101,-0.2605117989681631,0.009943399802698705
33.97711753845215,TRACK,0.7255280789913625,0.49965073270090626,0.5666353928424346,0.9482786231232825,15.965606577785497,2934.0710695384378,-0.270633694789635,0.0003492672990937362
33.997318267822266,TRACK,0.7335334305946789,0.5088301779375054,0.4996929006376765,0.7281986640768946,15.394564089454807,2846.7213521917124,-0.28024011671361465,-0.008830177937505401
34.01826620101929,TRACK,0.7416083516826353,0.5181613757401631,0.48008574455712544,0.7344306289399726,15.5529297321281,2796.5468965562436,-0.28993002201916235,-0.018161375740163077
34.03908658027649,TRACK,0.7493977647665742,0.5272303036035897,0.5444224320931927,0.7792598853750703,15.8965480868933,2757.4390437980514,-0.29927731771988897,-0.02723030360358969
34.05974721908569,TRACK,0.7568869958982964,0.5360116434353395,0.5001049530459805,0.8881243381364367,15.90077476468389,2779.178706593434,-0.3082643950779557,-0.03601164343533947
34.08017683029175,TRACK,0.7640499259302294,0.5444665244648049,0.5660194343268912,0.77856700243391,16.032717301927065,2864.367402083414,-0.3168599111162752,-0.044466524464804924
34.10091185569763,TRACK,0.771066373021283,0.5528011476338106,0.5989431562174439,0.8914676785594011,15.574865677172323,2720.8608207088037,-0.32527964762553957,-0.05280114763381061
34.12129497528076,TRACK,0.7777082137982794,0.5607383029050272,0.4900275119951827,0.9072094406497984,16.0012593188828,2825.7364916681536,-0.3332498565579352,-0.06073830290502724
34.14619994163513,CLOSE_IN,0.7854705425228649,0.5700724274249513,0.4633149520671123,0.8543312964651849,14.883313565412967,2656.8433915795126,3.5,-0.2
34.1679310798645,CLOSE_IN,0.7919185833060653,0.5778731611946183,0.4750618335983452,0.7216930386794995,15.05609451284221,2915.5868623959173,3.5,-0.2
34.18845343589783,CLOSE_IN,0.7977233167388216,0.5849317927559026,0.5274615265229724,0.9245595882291743,15.861110622180634,2837.0145804963454,3.5,-0.2
34.20878720283508,CLOSE_IN,0.8031964925449877,0.5916183698178982,0.5715558231778755,0.6908489918462142,15.021353524123551,2768.1709374571624,3.5,-0.2
34.22965884208679,CLOSE_IN,0.8085210726894212,0.5981521760711384,0.5277357754028358,0.7868277066758728,15.76421837688915,2887.532732366311,3.5,-0.2
34.250178813934326,CLOSE_IN,0.8134611908340568,0.6042393996611602,0.5176495413993558,0.7561675069177186,14.50029570288665,2706.0841919216514,3.5,-0.2
34.270824909210205,CLOSE_IN,0.8181319686765445,0.6100168923234935,0.491329947253563,0.7228693239240652,15.277175238277636,2741.5007607837288,3.5,-0.2
34.291486501693726,CLOSE_IN,0.8225008156905833,0.6154402786912283,0.482703298581208,0.9075116754417432,14.998149618211654,2849.9244691209738,3.5,-0.2
34.31187129020691,CLOSE_IN,0.8265076009289173,0.6204305704180155,0.5477508491453786,0.9145825758402087,15.607095425124372,2763.4340371108747,3.5,-0.2
34.33241271972656,CLOSE_IN,0.8302363894849374,0.6250886151464301,0.5011273580427915,0.710912740265729,14.905245834973156,2797.766927763307,3.5,-0.2
34.35311222076416,CLOSE_IN,0.8336767377220455,0.6293982383064252,0.5862230790755989,0.7626840085276567,14.401249902979938,2765.3562853220487,3.5,-0.2
34.37350082397461,CLOSE_IN,0.8367509817004328,0.6332588741789016,0.5200904615772909,0.7936405658024304,15.24243682861278,2939.290413259627,3.5,-0.2
34.39424157142639,CLOSE_IN,0.8395551574527347,0.6367882449969099,0.47497252310776916,0.8205110508623236,14.43237912787757,2722.38535147821,3.5,-0.2
34.414682149887085,CLOSE_IN,0.8419972317871818,0.6398679780636747,0.5232543157266408,0.7381710526209054,14.754520285699881,2899.361218570535,3.5,-0.2
34.43519711494446,CLOSE_IN,0.8441249511011811,0.6425558943590935,0.5403717967897352,0.9091245561404353,14.739748141411004,2847.285003238619,3.5,-0.2
34.455928564071655,CLOSE_IN,0.8459440998122489,0.6448574006564487,0.5879819197648269,0.7159459018278866,14.948753620851463,2940.564759408995,3.5,-0.2
34.47746682167053,CLOSE_IN,0.8474797302166382,0.6468026479168744,0.4980219311040626,0.8851261050914351,15.024810680073644,2765.249360359334,3.5,-0.2
34.49803829193115,CLOSE_IN,0.8486078453699992,0.6482330966427982,0.4644765375664733,0.8836405130971239,14.12075635275085,2917.6168056351275,3.5,-0.2
34.518330097198486,CLOSE_IN,0.8493954587877585,0.6492325005481892,0.5334562210456664,0.6560521052110441,14.981498141394903,2690.883945362603,3.5,-0.2
34.53897190093994,CLOSE_IN,0.8498645579833597,0.649828018765744,0.5706393902277139,0.8678060471105988,14.962735328827645,2691.151023378128,3.5,-0.2
34.559643507003784,CLOSE_IN,0.8499982231160705,0.6499977436409397,0.5200217254353579,0.7672359519195782,13.955246688433638,2916.0525282286894,3.5,-0.2
34.58049011230469,CLOSE_IN,0.8497922531326135,0.6497362147539627,0.5605516036635497,0.9187257619800687,13.715797444699685,2746.619899497571,3.5,-0.2
34.60131478309631,CLOSE_IN,0.8492450377993357,0.6490415859886522,0.5513142736754888,0.7114390835595124,13.83618270435165,2695.573536549703,3.5,-0.2
34.62191987037659,CLOSE_IN,0.8483682120149599,0.6479291414526958,0.5923060112149631,0.7030102986735851,14.927495242206012,2799.328754406204,3.5,-0.2
34.64255952835083,CLOSE_IN,0.8471563145282528,0.646392778613701,0.5859579842506799,0.8935537522942525,13.550498440190728,2688.785660066396,3.5,-0.2
34.66350078582764,CLOSE_IN,0.8455866674287842,0.6444049458278194,0.5956472653714886,0.8261599353258616,13.501885159049333,2653.974913778174,3.5,-0.2
34.6840136051178,CLOSE_IN,0.8437185496670921,0.6420421616064389,0.5212838270205657,0.7984571864689025,14.089604102901474,2750.676920350618,3.5,-0.2
34.704848289489746,CLOSE_IN,0.8414880433052334,0.6392253653271004,0.5936569772349007,0.8697413666525287,14.703322674952961,2765.808700964386,3.5,-0.2
34.725680351257324,CLOSE_IN,0.8389243800518507,0.6359936862194462,0.4736748501409851,0.772204498084761,14.460397405217316,2675.8913138751795,3.5,-0.2
34.74598145484924,CLOSE_IN,0.8361076661295798,0.6324502490992703,0.5369396476471897,0.8410400818837285,14.228507364795293,2872.7684540860664,3.5,-0.2
34.76619338989258,CLOSE_IN,0.8329937205603462,0.6285417365950268,0.46656228083336027,0.8121903498224562,13.461356258119155,2657.3257982318114,3.5,-0.2
34.786516189575195,CLOSE_IN,0.8295541214699375,0.6242353134700813,0.52883472701734,0.9456310437496691,13.854186165630292,2693.198464331354,3.5,-0.2
34.806681871414185,CLOSE_IN,0.8258384212216862,0.6195960485757956,0.5838972036002068,0.737359491680693,13.207403209682933,2860.6583945822094,3.5,-0.2
34.82713222503662,CLOSE_IN,0.8217658322205967,0.614526582289644,0.553158757120666,0.884566178227184,13.77153471336946,2681.821905963083,3.5,-0.2
34.847737073898315,CLOSE_IN,0.8173562930063614,0.6090559396895047,0.555185209663871,0.6703141970048714,13.903787823264016,2792.317756139528,3.5,-0.2
34.86822247505188,CLOSE_IN,0.8126718050452005,0.6032650961362526,0.579688122947263,0.6904479337191551,13.167095329417462,2743.220475313117,3.5,-0.2
34.88897252082825,CLOSE_IN,0.8076258682355448,0.5970516932343697,0.45608670408555235,0.733478260038066,12.75847013527833,2934.0536044005935,3.5,-0.2
34.9092698097229,CLOSE_IN,0.8024016832445107,0.590645485719928,0.4798808998546624,0.9223731422857153,13.856894436456157,2757.9583222193146,3.5,-0.2
34.9298095703125,CLOSE_IN,0.796829776893721,0.5838430173891668,0.5384967437202104,0.693954046229541,13.963439127812254,2689.2828255686272,3.5,-0.2
34.95012712478638,CLOSE_IN,0.7910409466549834,0.576808917478041,0.5346113912190902,0.7506454773248659,13.084682945591542,2936.6225470991662,3.5,-0.2
34.9708948135376,CLOSE_IN,0.7848445587522745,0.5693173875877077,0.5846202505228972,0.7971329454203993,12.69048744249081,2727.692767091909,3.5,-0.2
34.99112248420715,CLOSE_IN,0.7785435337454693,0.5617397782882618,0.4971007255341781,0.7332805116682837,13.812939396130684,2901.970324522452,3.5,-0.2
35.01158285140991,CLOSE_IN,0.7719091949075478,0.5538057893189197,0.5990401090430372,0.8143974212004071,13.253059365328358,2900.4544046702204,3.5,-0.2
35.032026529312134,CLOSE_IN,0.7650244852736996,0.5456210704549356,0.4846701965722177,0.6750709845791305,12.563448760111436,2724.2860064962006,3.5,-0.2
35.05267858505249,CLOSE_IN,0.7578165986476306,0.5371058287597502,0.5862984286375036,0.7586311137613564,12.479882919255989,2827.1404127914584,3.5,-0.2
35.0730664730072,CLOSE_IN,0.7504582156990316,0.5284700413862392,0.520668048529721,0.919028150579646,12.983973883558281,2927.9242295315853,3.5,-0.2
35.09361124038696,CLOSE_IN,0.7428062974624501,0.519551797546187,0.5344345638722918,0.6970398680259003,12.704900641541343,2878.1857502856433,3.5,-0.2
35.11426663398743,CLOSE_IN,0.734880750035531,0.5103821100075876,0.5158448140580114,0.873206016203451,12.94674599637548,2936.9656955376886,3.5,-0.2
35.13473391532898,CLOSE_IN,0.7268049730481202,0.5011101007675357,0.5362375736295008,0.7351691653633556,12.021340073790284,2946.6977589361245,3.5,-0.2
35.15531301498413,CLOSE_IN,0.718469577772154,0.4916166738835529,0.47872189525112924,0.8473893107083975,12.68781058779585,2904.582262565671,3.5,-0.2
35.175745248794556,CLOSE_IN,0.7099877159294974,0.48203744066699306,0.53894197641773,0.8297953882490462,12.525174398571348,2785.7426806312687,3.5,-0.2
35.19601035118103,CLOSE_IN,0.7013803949632482,0.4724012204585938,0.5183315336889682,0.733986719144922,12.480000877448608,2807.37575608074,3.5,-0.2
35.21662998199463,CLOSE_IN,0.6924315655583658,0.46247445893401956,0.4840257145443794,0.9413376398973108,13.06766969238372,2812.706994840193,3.5,-0.2
35.23693060874939,CLOSE_IN,0.6834413170573221,0.4525974062982522,0.4703710024127474,0.8381399536662151,12.928639226853662,2933.160892488204,3.5,-0.2
35.25718832015991,CLOSE_IN,0.6743005222711066,0.44265480395450496,0.5394111594417362,0.9192120223619812,12.071073762657877,2679.4109073804243,3.5,-0.2
35.27749443054199,CLOSE_IN,0.6649763914284184,0.43261820087627606,0.4642259368624136,0.8883861140434676,12.674250446634698,2763.4957562769605,3.5,-0.2
35.29830527305603,CLOSE_IN,0.6552617733952029,0.4222764554791507,0.49523283904676874,0.9300521368632997,12.053287925344565,2825.47467884689,3.5,-0.2
35.31866121292114,CLOSE_IN,0.6456130798111561,0.4121233134249589,0.48449349671132574,0.878405477160729,12.771292991043662,2656.4893702439176,3.5,-0.2
35.33909559249878,CLOSE_IN,0.6357906846020975,0.40191086158656225,0.5124933505097208,0.8286505634767548,11.821017071882387,2802.2416267957615,3.5,-0.2
35.35926127433777,CLOSE_IN,0.6259723441634676,0.3918294944792531,0.5267442805372906,0.6506358730633826,11.86101635289822,2777.039798265371,3.5,-0.2
35.380287647247314,CLOSE_IN,0.6156123485263637,0.38133224431724083,0.4803776279212221,0.8910867729650807,11.2348770555694,2733.5919523704356,3.5,-0.2
35.400713205337524,CLOSE_IN,0.6054381749843485,0.3711663837904257,0.557357149333022,0.8969409666041026,11.273739715719081,2884.6787092147406,3.5,-0.2
35.42130780220032,CLOSE_IN,0.5950796285819697,0.36096514951824543,0.4647047515635435,0.6564702947135874,11.329884682553734,2696.6214568802584,3.5,-0.2
35.44206213951111,CLOSE_IN,0.5845489764518689,0.3507518227716697,0.5936863907496123,0.8035556808338804,11.38878795171144,2896.334002521134,3.5,-0.2
35.462639570236206,CLOSE_IN,0.5740271659501908,0.3407092629750725,0.5248477702492722,0.7024680862737345,12.02773648033846,2771.165430034722,3.5,-0.2
35.48314166069031,CLOSE_IN,0.5634737321298628,0.33080330869687513,0.5464798370242048,0.8297114813203044,11.243349947689659,2815.6633719418915,3.5,-0.2
35.5035834312439,CLOSE_IN,0.5528915768957227,0.32104229713516497,0.48641039131473424,0.7555585330907384,11.839813578585096,2835.2809816244867,3.5,-0.2
35.524022579193115,CLOSE_IN,0.5422610637721083,0.3114144683627141,0.4958774541166524,0.8792137313365238,11.03493167126547,2776.619934089019,3.5,-0.2
35.5447359085083,CLOSE_IN,0.5314474698267979,0.3018085598750478,0.5194833899626037,0.6719609295622468,10.797868558659582,2907.8803505612336,3.5,-0.2
35.5657422542572,CLOSE_IN,0.5204499518426369,0.29223892293305465,0.5618525633683034,0.9273448749146326,11.323282462909404,2773.720914048987,3.5,-0.2
35.58629775047302,CLOSE_IN,0.5096687396730449,0.2830586581724348,0.48980243587189704,0.8116460187466564,11.933898360180065,2925.9208874852225,3.5,-0.2
35.60652995109558,CLOSE_IN,0.49904806570773,0.2742156805137127,0.4935587271310232,0.7039152333386659,10.922212665048152,2893.4485279144683,3.5,-0.2
35.6275155544281,CLOSE_IN,0.4880329557156946,0.26526116861435445,0.5463145172590105,0.9258379551024781,10.556320851242544,2822.531002829092,3.5,-0.2
35.6483998298645,CLOSE_IN,0.477082785489835,0.25658547103287865,0.5682910270211955,0.7248189580334216,11.488189791648468,2784.71434820261,3.5,-0.2
35.668681144714355,CLOSE_IN,0.4664701877079047,0.2483995540600624,0.46360587669944187,0.7742334123188386,11.26781303006033,2751.9707524596593,3.5,-0.2
35.68934607505798,CLOSE_IN,0.4556888343592803,0.24031540671747634,0.5438404524478392,0.6872730856044951,11.220025961609108,2720.849235818794,3.5,-0.2
35.70960569381714,CLOSE_IN,0.44516020367518744,0.23265448867543115,0.5857343817718647,0.7346734198438999,10.822181986638,2898.5090556988807,3.5,-0.2
35.73020100593567,CLOSE_IN,0.43450908008244277,0.2251482789420837,0.5386386243098246,0.8233261242643477,10.802325983167144,2684.6179650992053,3.5,-0.2
35.75055289268494,CLOSE_IN,0.42404520208152363,0.21802212580286237,0.46514728812529277,0.8196127759606469,10.529658374887623,2653.935535320547,3.5,-0.2
35.770979166030884,CLOSE_IN,0.41361425924617345,0.21117305399663702,0.46836490833747096,0.9310625279285888,11.2054881676813,2655.5944891735817,3.5,-0.2
35.79146099090576,CLOSE_IN,0.40323637855657957,0.20462174722876747,0.5661895544874117,0.7902646425644768,10.98730077319287,2937.1504946287855,3.5,-0.2
35.811546325683594,CLOSE_IN,0.3931480253202163,0.1985155410941069,0.5295738282558603,0.9158049776714502,11.234442322880701,2929.174193274268,3.5,-0.2
35.832502365112305,CLOSE_IN,0.38272585852898366,0.19249130764878467,0.46547446080970145,0.925533850142251,10.00167920729249,2949.7596976267178,3.5,-0.2
35.85336184501648,CLOSE_IN,0.3724667680061022,0.18685676268128973,0.550643166818568,0.7121618606442777,10.370614250619777,2704.11516219289,3.5,-0.2
35.87519121170044,CLOSE_IN,0.3618645229058396,0.18135757350747436,0.5312706701995213,0.8860765700361273,10.813318340471326,2905.6992653421694,3.5,-0.2
35.89604735374451,CLOSE_IN,0.3518731398378958,0.17649265201894568,0.5990947193536635,0.6537315396390124,10.111108678955107,2834.0968494934264,3.5,-0.2
35.9166214466095,CLOSE_IN,0.34215886597908607,0.1720744617927902,0.46745133471859945,0.8559774577989367,10.638902032361687,2774.0622413794304,3.5,-0.2
35.937249422073364,RAM,0.33257006745890433,0.16803208677821138,0.5872131446258905,0.8828147982317618,9.98432457153153,2944.766198068577,5.0,0.0
35.957749366760254,RAM,0.32319956105570824,0.16440588646504334,0.5968200458974076,0.7014294103685836,9.751982017518447,2657.1875615565978,5.0,0.0
35.97797226905823,RAM,0.31411944033476047,0.16121665223818823,0.5403537300472653,0.8225248033964339,10.392504909116225,2820.2103024465214,5.0,0.0
35.99841547012329,RAM,0.3051142694308244,0.15838966219968598,0.5802203740767599,0.7144964504398779,10.064554945964732,2940.0188572879933,5.0,0.0
36.018861532211304,RAM,0.29629111966303007,0.15596620472782916,0.47158260201046054,0.9069331558392374,10.409998592163362,2762.057415781388,5.0,0.0
36.03966736793518,RAM,0.28750944366171766,0.15391896522610354,0.5784582138512229,0.7950097635576185,9.771380093533748,2660.7362908525615,5.0,0.0
36.06012678146362,RAM,0.27907574543292757,0.15232125072073707,0.5197068607406036,0.8900268827695865,9.850470375617332,2664.974530974294,5.0,0.0
36.0807900428772,RAM,0.27076921890398653,0.15112848530172945,0.5131963541632792,0.9203265837219633,9.141482492093742,2819.620241599628,5.0,0.0
36.10142970085144,RAM,0.2626920012717411,0.15036133645944447,0.5576230952932723,0.7580168605822618,9.283145944798921,2833.640383075421,5.0,0.0
36.12192416191101,RAM,0.25489663283848607,0.1500204244272409,0.5603732899523006,0.7808321197471776,10.178151380456931,2891.300960799236,5.0,0.0
36.142964124679565,RAM,0.24713478788493243,0.15010728318998343,0.47737344706967716,0.8027406413899799,9.582403899078692,2851.630037903402,5.0,0.0
36.163362979888916,RAM,0.23984982715641323,0.1506139109302006,0.5972164743948427,0.7394467629118223,8.828296625158584,2794.3325515101847,5.0,0.0
36.18413233757019,RAM,0.23268281508702104,0.15155614169959936,0.5407850399746661,0.8246762041214635,9.053092894688868,2801.745606583566,5.0,0.0
36.20524764060974,RAM,0.22566241192250253,0.1529534422728171,0.5596631801271627,0.7923637625001382,8.79222523772206,2715.3772654482927,5.0,0.0
36.22621393203735,RAM,0.21896381588236163,0.15477676029200782,0.4826334310893698,0.6890283007599929,9.494613801237207,2812.3327639635672,5.0,0.0
36.24685859680176,RAM,0.2126395233693792,0.1569933806257196,0.5068027947464477,0.828380705440485,9.05468259241875,2719.6645560801217,5.0,0.0
36.26735043525696,RAM,0.2066345250116165,0.1596032352631608,0.5202859600431289,0.8657170049318957,8.919951639915645,2870.061202154104,5.0,0.0
36.28816604614258,RAM,0.20081843268508376,0.16266764692939306,0.5639432077086179,0.7648194154092903,9.270505305706935,2665.375283068617,5.0,0.0
36.30871367454529,RAM,0.19536323542337752,0.16609599870531463,0.4910039172421239,0.719003321559345,9.79370844775827,2765.5958415709265,5.0,0.0
36.329461097717285,RAM,0.1901486153898133,0.16995841089583555,0.5867749761886116,0.7959636312599492,8.780090571604887,2740.5816505713015,5.0,0.0
36.3498158454895,RAM,0.18532426936555835,0.17413262671709434,0.5626689085975649,0.6745277077985596,8.569425187048177,2890.3445303854023,5.0,0.0
36.37036871910095,RAM,0.1807505967494476,0.17872720074900877,0.5275106224802038,0.7416725002627493,9.275322738139188,2675.338507326578,5.0,0.0
36.3909969329834,RAM,0.17646523931260483,0.18371449303789317,0.4930724669470668,0.9102026466515244,8.678687244296372,2917.7362815819756,5.0,0.0
36.4114944934845,RAM,0.17251381583332337,0.18903481208647727,0.4649826182715716,0.7583307982696097,8.752162371659269,2785.6772251322654,5.0,0.0
36.432151079177856,RAM,0.16884491778334693,0.19475501746256493,0.5724089344012417,0.8274840320540616,9.511219031479783,2704.2931203862495,5.0,0.0
36.452759981155396,RAM,0.16550129077855835,0.20081107208725976,0.4913293587369899,0.9443372779324909,9.400427933679458,2830.2162732046877,5.0,0.0
36.47330069541931,RAM,0.16248677218593072,0.20718377932014428,0.5639134076028558,0.7802879429366265,9.304263753914455,2854.20998837262,5.0,0.0
36.493916034698486,RAM,0.15978343645002097,0.21390676747730594,0.5644340001975361,0.9029130455805859,9.389169634385437,2651.311811828545,5.0,0.0
36.51484942436218,RAM,0.15737127336654316,0.22105708006930183,0.48136897216656493,0.9020079344633487,9.28174204449129,2871.609763435767,5.0,0.0
36.53517532348633,RAM,0.15535232227774298,0.22830009990698125,0.5013528544512159,0.7080846443009905,8.623344931696312,2777.290466078227,5.0,0.0
36.555967807769775,RAM,0.15361850304882607,0.2360028375376405,0.48008685697033465,0.6671015280249001,9.443161666933834,2733.2927832008113,5.0,0.0
36.576194763183594,RAM,0.15225511890114685,0.24376828680973628,0.5801873544997933,0.7888148162678481,8.71319865357842,2676.8195530825506,5.0,0.0
36.59660339355469,RAM,0.1512039067725322,0.2518625402452316,0.5280597681744855,0.9234517509700431,8.208602712490109,2666.3870336480086,5.0,0.0
36.61724066734314,RAM,0.15047328326520232,0.2602983558072684,0.5413611885224822,0.8522688904665777,8.716639203133752,2829.025586619939,5.0,0.0
36.63839077949524,RAM,0.15007200865192777,0.26919057986289746,0.5139856128371029,0.9381152500471754,9.19332188060761,2758.1398148317144,5.0,0.0
36.65910768508911,RAM,0.1500203743590009,0.2781276591822207,0.5669363448463539,0.6501701752844165,9.223556101245656,2734.196691385882,5.0,0.0
36.679874420166016,RAM,0.15030777633632214,0.2872961729854017,0.46130613356482925,0.7429936651292296,8.281697233836045,2935.759922192297,5.0,0.0
36.70028233528137,RAM,0.1509207613778492,0.29649573822296826,0.5340217087147834,0.922006694131495,9.115719735386362,2723.6619872626643,5.0,0.0
36.72084021568298,RAM,0.15186895509254844,0.3059371790962577,0.5761403816089681,0.9338532105219727,7.7513428004671,2786.587054702823,5.0,0.0
36.74112319946289,RAM,0.1531288797472209,0.31540825771696956,0.49102662366515865,0.7107524079362876,8.693044729465777,2750.587655885538,5.0,0.0
36.761353731155396,RAM,0.1547053591433889,0.32499350297831947,0.5146126112000339,0.9142776280559777,8.764552045575554,2877.525310386859,5.0,0.0
36.78191041946411,RAM,0.15663292173242732,0.3348589555955688,0.5955976236918862,0.7478448589290299,8.032558503202793,2856.496818050988,5.0,0.0
36.80250883102417,RAM,0.15889183705925597,0.344854848831241,0.5819395474539869,0.7636985878787936,8.544765176360436,2881.3338291818413,5.0,0.0
36.82379674911499,RAM,0.16156848799438006,0.35528347093086016,0.5128265326122042,0.7492996494935686,8.953435694509077,2879.5403711857844,5.0,0.0
36.8448920249939,RAM,0.1645613068303357,0.3656977258659073,0.4640569208218502,0.9150475545392593,8.913789329881107,2685.1012502615786,5.0,0.0
36.865779876708984,RAM,0.16785560951939216,0.37606979334031493,0.5043480371337062,0.8656580441928591,8.38602273061527,2927.2607600198944,5.0,0.0
36.886709690093994,RAM,0.17148354384765896,0.3865045681585656,0.5890881675728213,0.686499200062878,7.483874798891984,2819.5381531536814,5.0,0.0
36.90755915641785,RAM,0.17541946241487183,0.39692281607563135,0.5634571099329498,0.6934519771354024,8.88966516255185,2884.3911300545587,5.0,0.0
36.9279899597168,RAM,0.1795843141899926,0.407137170164685,0.49069039543065096,0.8693483563164518,7.618957717344128,2802.3243603344613,5.0,0.0
36.94854474067688,RAM,0.18407808268692866,0.4174014482020812,0.49077995328515245,0.81259541360974,7.933744681920326,2753.661072661362,5.0,0.0
36.969351053237915,RAM,0.18893265685376215,0.4277613134923106,0.5325478263041302,0.7097213916744626,8.021069462258371,2761.195428065647,5.0,0.0
36.98987102508545,RAM,0.19401718274358498,0.4379316073571897,0.4642438719235729,0.797932605713627,8.772220992994814,2764.2102056393232,5.0,0.0
37.01052236557007,RAM,0.19942690542698904,0.44810248149839726,0.5551431147076559,0.949079371155884,8.51329303543725,2653.0004491090135,5.0,0.0
37.03119158744812,RAM,0.20513008477683198,0.45820000381508436,0.5137064521786104,0.8159741653930823,8.203280390965585,2828.738965077922,5.0,0.0
37.05194854736328,RAM,0.21114268976559802,0.46824028837753495,0.5495801725879856,0.8102202894545293,8.000257173070509,2682.00405644939,5.0,0.0
37.072593212127686,RAM,0.217400509415001,0.47810964939553,0.5539718824664778,0.8465572009341282,7.768503600995251,2700.7235954536154,5.0,0.0
37.09308362007141,RAM,0.22387953488324824,0.4877736530815226,0.5962051158974445,0.8408897230749673,8.343510998793166,2821.8225742616837,5.0,0.0
37.12082648277283,RAM,0.23306621993079302,0.5006202872861751,0.5009285955163327,0.7602475523315233,7.649796028240993,2775.7506382081283,5.0,0.0
37.141013383865356,RAM,0.24004230137556531,0.5097756106763716,0.4833823962426717,0.6955292268713571,7.525991689184182,2708.2512010203022,5.0,0.0
37.161521673202515,RAM,0.24737346963611495,0.5188934026097066,0.5730337830092407,0.8350109569000627,7.3143089152094145,2742.2906919084517,5.0,0.0
37.18224000930786,RAM,0.25502243298794625,0.5279014506171338,0.4885236358821441,0.6933440032916212,8.580029587303322,2760.3037629372934,5.0,0.0
37.20250988006592,RAM,0.26273483796696084,0.5365021208970174,0.4776672611485825,0.7845495055890597,7.665767853646835,2931.8614180742948,5.0,0.0
37.22323393821716,RAM,0.2708467487615695,0.545063497680407,0.48102291123722457,0.7424079903372323,8.089284618617443,2895.4345559614403,5.0,0.0
37.2437424659729,RAM,0.2790923039037727,0.5532905832131769,0.585913588905916,0.7261615919550649,7.555636713876654,2847.4949721998887,5.0,0.0
37.264429569244385,RAM,0.2876214104025019,0.5613280279059293,0.4567199181552129,0.7570979670851923,7.870635729608216,2728.3935073502435,5.0,0.0
37.28524899482727,RAM,0.29641150357191337,0.5691380732855497,0.4757521065575232,0.8525059211525341,7.443665303342578,2832.372633169083,5.0,0.0
37.3055636882782,RAM,0.3051799375469286,0.5764762478818742,0.5313824834535827,0.9205498556402687,8.553675778707783,2932.116358723059,5.0,0.0
37.32629656791687,RAM,0.3143153237414612,0.5836650652333997,0.5518542271200381,0.917409389139129,8.617740312153757,2806.600118387703,5.0,0.0
37.34678840637207,RAM,0.3235209900407669,0.5904600855618218,0.5860379288990821,0.7860212709632934,8.583345686687325,2812.094633962332,5.0,0.0
37.36714434623718,RAM,0.3328306962090162,0.5968933776510881,0.4981435419188987,0.7434098182198563,7.99544105032315,2717.91887091142,5.0,0.0
37.38801884651184,RAM,0.34253933510908696,0.6031515935547306,0.5676136249148315,0.6842483432190849,7.730926539744841,2705.69621664941,5.0,0.0
37.40856671333313,RAM,0.35224686889648754,0.6089661661497969,0.5635483422144212,0.9394833703684191,7.993812498969544,2946.1117094751303,5.0,0.0
37.428916931152344,RAM,0.3619993891563492,0.614377048431799,0.53018093474473,0.8648764200949159,7.274717275000377,2652.461546202949,5.0,0.0
37.449546813964844,RAM,0.3720171325472788,0.6194998255162465,0.5062799305308731,0.6797018178831182,8.073101809633133,2695.9985166348415,5.0,0.0
37.47003126144409,RAM,0.3820855274667108,0.6242168325580605,0.5399105095530949,0.7445925864028625,7.461559457752811,2867.240175473078,5.0,0.0
37.490779399871826,RAM,0.39239696458085216,0.6286109467719051,0.550714702999915,0.7755042684283903,8.171924803975797,2753.695180589277,5.0,0.0
37.51131772994995,RAM,0.4027068038522034,0.6325730024560176,0.5759862416493267,0.7296415569047772,8.532018749529852,2741.4261548177897,5.0,0.0
37.53182864189148,RAM,0.4130950331586478,0.636138193595635,0.5148025739132732,0.907508743929672,8.607818094698843,2893.9312895321796,5.0,0.0
37.5524480342865,RAM,0.42362109614401355,0.6393217580714972,0.5034356183431103,0.8958294864242065,7.842270873334849,2841.2317356000517,5.0,0.0
37.57281756401062,RAM,0.4340913823154127,0.6420671891833054,0.46839693385339704,0.7952312833392305,7.885838116709659,2899.9837013164247,5.0,0.0
37.593350410461426,RAM,0.4447078566162097,0.6444280811071221,0.5128176260240227,0.706346219285499,8.032883335297853,2804.9746481897655,5.0,0.0
37.6135892868042,RAM,0.45522370614684754,0.6463518535221483,0.49311698084559713,0.9314557660714559,8.668979509212296,2944.006277764671,5.0,0.0
37.63421964645386,RAM,0.46598536952335684,0.6478974551660226,0.5594920493350682,0.8710167680691134,7.851443119606052,2705.4851828581004,5.0,0.0
37.655075550079346,RAM,0.4768977546420827,0.6490310290337342,0.47186135612367797,0.7208194194170814,7.656323346387252,2836.533777778259,5.0,0.0
37.675617933273315,RAM,0.48766825022746496,0.6497240688746582,0.5409697682765446,0.6692932803320133,8.579807745798968,2918.82134250791,5.0,0.0
37.69630694389343,RAM,0.49852743227287627,0.6499960662805997,0.4927303244948792,0.826974028484781,7.650717486319117,2678.984930601398,5.0,0.0
37.71709060668945,RAM,0.5094377068219251,0.6498383994423216,0.5027761523329566,0.800200876628967,8.268266582246865,2779.7029581087804,5.0,0.0
37.73742866516113,RAM,0.5201052580333226,0.6492662697605779,0.49758820974712004,0.7816555644365664,7.708252119627947,2674.8478274452127,5.0,0.0
37.75755786895752,RAM,0.5306448729896712,0.6482939749158735,0.5784949538826006,0.8735185534945243,8.417430325641813,2699.950328904479,5.0,0.0
37.77817749977112,RAM,0.5414122289060498,0.6468808188272507,0.5229379208987106,0.8706501443371303,8.442748232901806,2916.3206728633454,5.0,0.0
37.79860234260559,RAM,0.5520388469681706,0.6450671283023619,0.5980647521471929,0.9222439622309346,7.716058481303414,2908.5606549406343,5.0,0.0
37.8188636302948,RAM,0.56253214000407,0.6428639642051139,0.4953519531037984,0.875413744894664,8.591911699300752,2776.10434049787,5.0,0.0
37.839675188064575,RAM,0.5732501974894807,0.640185865310435,0.5615887836772451,0.9345458209150304,8.3371857512584,2736.1924231053335,5.0,0.0
37.86010217666626,RAM,0.5837008502959035,0.6371526262208129,0.5065964705198933,0.7570344712416521,7.778834480118203,2818.754214676859,5.0,0.0
37.880749225616455,RAM,0.5941842027922035,0.6336845480170518,0.5234864441345404,0.6703995823474023,8.12371344094527,2752.036550195934,5.0,0.0
37.90124988555908,RAM,0.6045038773298695,0.6298468481042849,0.5039837192365646,0.6635441016490156,8.238282380343735,2823.112937688782,5.0,0.0
37.92160153388977,RAM,0.6146508264670448,0.6256548851366214,0.4555818410101036,0.9139246933347619,8.344006077615841,2847.136643052204,5.0,0.0
37.942370653152466,RAM,0.6248957049645576,0.62099160085029,0.46922477295504145,0.8600910642732706,8.995277884070369,2945.4233728353306,5.0,0.0
37.96319842338562,RAM,0.635047783330831,0.6159322896194535,0.4869178588405244,0.8721684850805806,7.8110414803044375,2690.763419700196,5.0,0.0
37.983991622924805,RAM,0.6450515428375452,0.6105076750299598,0.5121319813412836,0.8634867801395666,8.504604806856841,2775.071905704708,5.0,0.0
38.00424933433533,RAM,0.6546620630516249,0.604872614580793,0.5731137729838603,0.8845715922302969,8.229355362130908,2851.8308503644166,5.0,0.0
38.02500343322754,RAM,0.6643599149913862,0.5987508442445444,0.4529774805528704,0.7850348332062818,9.299811469828745,2771.2999453521443,5.0,0.0
38.04526734352112,RAM,0.6736751072249639,0.5924432297020248,0.5810032095206835,0.8679516649196581,8.740568317260017,2670.5718907093083,5.0,0.0
38.06596326828003,RAM,0.6830232164700604,0.585674995228672,0.4977713227536207,0.7703509433679208,8.204298222963116,2778.017904373119,5.0,0.0
38.08630418777466,RAM,0.6920391659940766,0.5787128603771174,0.45608195614222574,0.9124751631995714,8.554603091422416,2834.5969549018373,5.0,0.0
38.10691523551941,RAM,0.7009924697233635,0.5713566735817119,0.5950455228072709,0.6583223820564775,8.486847099515511,2730.4648388603896,5.0,0.0
38.12705945968628,RAM,0.7095574266804497,0.563885682479811,0.5208008808659973,0.7305613133134945,8.645105338505633,2936.326795449122,5.0,0.0
38.147364377975464,RAM,0.717997074788628,0.5560859598096068,0.5441084989771459,0.8441235180738529,8.597264297210302,2935.6128202136274,5.0,0.0
38.16832947731018,RAM,0.7264988583515813,0.5477627285318469,0.5105351481174112,0.8196521404787425,8.307180853598833,2715.896755181114,5.0,0.0
38.18900990486145,RAM,0.7346658007552334,0.5392979635073379,0.4949530318097847,0.7633863585483835,9.437717968738866,2665.5181874227105,5.0,0.0
38.20956587791443,RAM,0.7425598479487642,0.5306479905307877,0.487953507404842,0.8245190690224901,8.66448515052707,2818.3166023166627,5.0,0.0
38.230921030044556,RAM,0.7505164875676458,0.5214280950256649,0.48966898841702433,0.6768718065085184,8.425939740587793,2764.584272660442,5.0,0.0
38.251256227493286,RAM,0.7578543131534249,0.5124424447955424,0.5713259211400336,0.9005997195623412,9.689523371105127,2813.886521687488,5.0,0.0
38.27146911621094,RAM,0.7649102832696666,0.5033265210634574,0.4573478797859697,0.9250585439003082,9.847569385330342,2744.1335986779877,5.0,0.0
38.292052030563354,RAM,0.7718451527193465,0.49387030992564906,0.5791074381116061,0.8890372207623992,9.429245558994653,2651.498991629375,5.0,0.0
38.312453508377075,RAM,0.7784632170193486,0.4843404517020676,0.48576959171003886,0.6942390953353366,9.894794951038435,2883.6965798136966,5.0,0.0
38.332884073257446,RAM,0.7848293968791529,0.47465631633535765,0.47209996811713933,0.77817601445398,9.1327234870191,2885.4158873735746,5.0,0.0
38.35327172279358,RAM,0.7909155688149299,0.4648682727346171,0.5596332503939818,0.752781974130617,9.227928455880392,2774.872815110853,5.0,0.0
38.37360453605652,RAM,0.7967144216467352,0.45499913920396307,0.5296573050181065,0.9224745589931007,9.77362811341776,2852.8918604917562,5.0,0.0
38.39405822753906,RAM,0.8022692891317253,0.44497961498418487,0.4793388117354776,0.9102124741376979,9.55624845449512,2874.9504095221964,5.0,0.0
38.41448402404785,RAM,0.8075326624912073,0.43489864272142664,0.5128290373691206,0.6829566616664365,9.133596513944248,2785.189724556873,5.0,0.0
38.43544006347656,RAM,0.8126326224753546,0.4244956059550279,0.5745592629149893,0.815232050594555,9.275409931077819,2863.7960257690142,5.0,0.0
38.456231117248535,RAM,0.8173871945716702,0.414131907651237,0.48348982014275543,0.7022282510069112,9.012305957927104,2923.8366502170456,5.0,0.0
38.477142333984375,RAM,0.8218578896663785,0.4036837029346089,0.5660805813410007,0.7610200515834213,9.716502453083482,2684.983166221695,5.0,0.0
38.497403144836426,RAM,0.8258875499313345,0.393554145217281,0.5629545801207959,0.781202965106466,9.466612219554252,2752.19914310523,5.0,0.0
38.518083333969116,RAM,0.8296902107444054,0.38322594767325635,0.5308925978302919,0.862265373824696,10.066048617308889,2824.727340493887,5.0,0.0
38.538705825805664,RAM,0.8331663701137322,0.37295512025561955,0.5313246634477695,0.7965682708147186,10.452725115414426,2751.795844496724,5.0,0.0
38.55939435958862,RAM,0.8363333451663197,0.3626976420286336,0.45757873756839174,0.8462782688635573,9.216688260648187,2660.3441429798704,5.0,0.0
38.579800844192505,RAM,0.8391398753617878,0.3526424823162143,0.5894617211116739,0.8663523629011034,9.905187630285049,2697.521559538847,5.0,0.0
38.6001250743866,RAM,0.8416192805964589,0.3427062268365385,0.5717218766749882,0.8440756166636619,10.669013917088055,2929.6923536557397,5.0,0.0
38.62110233306885,RAM,0.8438453796319452,0.3325501612594969,0.4504075737901181,0.8436946892623041,10.269796279775147,2906.86671161207,5.0,0.0
38.64149212837219,RAM,0.8456829071358005,0.3227921220075313,0.47811123045372667,0.813003894795146,10.3355239118805,2678.9990030869503,5.0,0.0
38.66182732582092,RAM,0.8471934784535928,0.3131880594259997,0.5104003863308912,0.8083894631945565,10.505757247578675,2890.5408583311714,5.0,0.0
38.68213677406311,RAM,0.8483797398697158,0.3037394528663391,0.4510841697680015,0.6621394000842209,9.685168013309418,2882.8684686027646,5.0,0.0
38.70247220993042,RAM,0.8492436037271078,0.29443786546796535,0.536327351029399,0.8127796971292219,9.755818645368956,2848.5537276752384,5.0,0.0
38.72320866584778,RAM,0.8497898988349089,0.28513273773599673,0.541660475962808,0.713083522066076,10.397224347409527,2754.316954661821,5.0,0.0
38.743680238723755,RAM,0.8499972782228327,0.27614018061294787,0.5099395976846092,0.8412803015855479,10.611177354133828,2888.1853305276554,5.0,0.0
38.76416254043579,RAM,0.8498745056616857,0.2673506787624863,0.5999921003168611,0.8220133063457582,10.165192012195428,2860.4483851598625,5.0,0.0
38.78468179702759,RAM,0.8494203862887058,0.25876849755380704,0.5194418259846861,0.7678693881732256,11.018408605151823,2870.2905739375733,5.0,0.0
38.80492830276489,RAM,0.8486478770164696,0.2505334350853,0.45371998716706863,0.8835106882352474,9.995740299314376,2910.2487326092005,5.0,0.0
38.825825452804565,RAM,0.8475133461866495,0.24229086102703756,0.4583745758610684,0.8544511624018692,10.25338178293015,2712.312630039337,5.0,0.0
38.846898555755615,RAM,0.8460235194677503,0.23425785385181333,0.59839295860822,0.9485599848168632,10.35635956733846,2814.6567532726644,5.0,0.0
38.86752653121948,RAM,0.844230319311875,0.22667953685702033,0.4908766562416959,0.8281652836096628,10.501006747369107,2908.6439929862845,5.0,0.0
38.88821530342102,RAM,0.8421008361122643,0.219375160817107,0.5842788941226403,0.8916911039485506,10.701680022289061,2874.7922710919793,5.0,0.0
38.90879440307617,RAM,0.8396558162116293,0.21241623408637242,0.48971203365956284,0.8005400783118581,10.292016210366105,2935.8585818238307,5.0,0.0
38.92937207221985,RAM,0.8368873766205052,0.2057754792494961,0.5016524433153934,0.920865139488483,11.150280151934407,2808.662476610359,5.0,0.0
38.950026512145996,RAM,0.8337858729472818,0.19944072941273827,0.523149400405425,0.8043801827161317,11.474057476113586,2906.128405135958,5.0,0.0
38.970308780670166,RAM,0.8304284801237806,0.19355306157747096,0.5763917524932133,0.9084269174703954,11.227916205770715,2935.6129529918103,5.0,0.0
38.9907808303833,RAM,0.8267295614775645,0.1879547723625962,0.5940441969971506,0.8522477597340824,10.454175865342428,2774.0273574734783,5.0,0.0
39.01232862472534,RAM,0.8225035607167709,0.1824464115572621,0.4863657995998673,0.894540569071934,11.62903789621338,2876.302722662748,5.0,0.0
39.03309106826782,RAM,0.8181128374741626,0.17752086915778456,0.5550383335745531,0.7280052097060568,11.778037091388239,2799.8653573289535,5.0,0.0
39.05364799499512,RAM,0.8134616053415631,0.17302194909627755,0.5548985320439781,0.8979936132530459,10.993538704997896,2893.781165826296,5.0,0.0
39.07406568527222,RAM,0.808546865305132,0.16893321464338587,0.5515188678907345,0.9162358428735398,10.840556503598194,2826.8051163103437,5.0,0.0
39.09471869468689,RAM,0.8032810886783939,0.1651893239623571,0.5747593537153689,0.6679988090099755,11.073723940031272,2890.9829141959517,5.0,0.0
39.11530613899231,RAM,0.797742362949952,0.16185598099146564,0.5664304692058856,0.9329665903689636,11.149443093263491,2748.116392886107,5.0,0.0
39.13553524017334,RAM,0.7920234641641197,0.1589738357349189,0.5421189254425482,0.8178293942324579,12.301320797465658,2941.6367685566142,5.0,0.0
39.15607690811157,RAM,0.7859411098394109,0.156450843334313,0.47749608593257176,0.6725310405667487,11.54592625258185,2771.350453942001,5.0,0.0
39.176302909851074,RAM,0.7796869650899318,0.15436819201151852,0.4733570189699038,0.764619424176889,11.220141816585471,2924.6882055250417,5.0,0.0
39.19652771949768,RAM,0.7731757920506288,0.15268751623482954,0.5984267898862596,0.7992512028854817,11.734492032668095,2752.8449143937423,5.0,0.0
39.217052698135376,RAM,0.7663109923076782,0.1513955501366003,0.46270308287357487,0.8374905945174275,12.480936073496782,2827.666245283604,5.0,0.0
39.237492084503174,RAM,0.7592239794781679,0.15052521729010102,0.547949222068534,0.9037519454732817,12.503705095841154,2816.297914608805,5.0,0.0
39.2583122253418,RAM,0.7517544936294424,0.15006722995131827,0.579263394302658,0.8600757956996322,11.529814150950713,2703.06353792663,5.0,0.0
39.27861166000366,RAM,0.7442353688567651,0.15003787441387959,0.563022229280903,0.791915150431683,12.506148978362159,2922.3681133448986,5.0,0.0
39.29921197891235,RAM,0.7363733447701455,0.15042923372812805,0.5371554994580122,0.7807878345605785,12.038041987786666,2818.802282856837,5.0,0.0
39.31975030899048,RAM,0.7283103077650454,0.15124109118280585,0.5712911115308872,0.7345684611549128,12.596826075560019,2726.191713489795,5.0,0.0
39.34039926528931,RAM,0.7199854283904525,0.15248038484087933,0.5027074394744382,0.6873054980941513,12.16626181055858,2910.071852029944,5.0,0.0
39.360809087753296,RAM,0.7115495526013439,0.1541201215010333,0.4660649785380103,0.7575226542819057,12.546487054822515,2792.419862473494,5.0,0.0
39.38107228279114,RAM,0.7029781319780259,0.1561533207620824,0.5032722179547255,0.8701934618120153,12.502151574570469,2812.6364290794118,5.0,0.0
39.401525259017944,RAM,0.6941363105511629,0.1586116297318283,0.5941847932159148,0.8308997465984028,12.224794487376524,2671.5174001805085,5.0,0.0
39.42208671569824,RAM,0.6850634393881703,0.16149004589589966,0.5176487025377299,0.9413459634926945,12.948680563973365,2824.6155253174784,5.0,0.0
39.442622900009155,RAM,0.6758260147741644,0.16476746905266937,0.5608005399834475,0.9190455415238346,12.23680240956532,2655.374064936079,5.0,0.0
39.4633047580719,CLOSE_IN,0.6663544775539539,0.16846912519939836,0.5181873496632005,0.693277514196461,13.252924433672232,2757.8021312331534,3.5,-0.2
39.48363447189331,CLOSE_IN,0.6568881350548204,0.1724938164292507,0.5321661881142428,0.9023089899265235,12.908101028926822,2716.831103600895,3.5,-0.2
39.50417137145996,CLOSE_IN,0.6471772295656665,0.17694132706714757,0.521941469673478,0.6801446670504918,12.501782336577143,2841.1851770977737,3.5,-0.2
39.524752616882324,CLOSE_IN,0.6373052534619441,0.18177591493273382,0.5110953824363336,0.8834345305338408,12.719963254292106,2762.516081012437,3.5,-0.2
39.54488921165466,CLOSE_IN,0.6275198502687167,0.18686391502917818,0.48864829812372446,0.6908367843080054,13.226884894727677,2842.8856736729435,3.5,-0.2
39.565524101257324,CLOSE_IN,0.6173716914283442,0.19243632790687465,0.5184977047352118,0.8274117099001387,12.716412123700584,2834.8309114320873,3.5,-0.2
39.586023569107056,CLOSE_IN,0.6071787770655588,0.19832219109504298,0.5582860548231864,0.8460568167133413,13.466666610439685,2798.306327557433,3.5,-0.2
39.6062433719635,CLOSE_IN,0.5970256099834147,0.20445985261563288,0.5469492050137821,0.7078761390572339,12.501677425496894,2904.2091542598787,3.5,-0.2
39.626580476760864,CLOSE_IN,0.5867235350095708,0.2109556234592509,0.48406630493504377,0.7607891008788659,13.512130598900232,2847.4880267319204,3.5,-0.2
39.64714765548706,CLOSE_IN,0.5762228767018869,0.21784287514328704,0.4616832662074768,0.7843782707510032,13.223285327695828,2850.0957775932593,3.5,-0.2
39.66745042800903,CLOSE_IN,0.5657860218223527,0.22494389238786083,0.47134208593311094,0.8916104288208125,13.46153985429615,2659.020503888393,3.5,-0.2
39.68814969062805,CLOSE_IN,0.5550826044785571,0.2324806071335616,0.4620309425067241,0.811230358016774,13.961455577736452,2924.7210528220935,3.5,-0.2
39.70883870124817,CLOSE_IN,0.5443314288631105,0.24030043811523816,0.580025356746454,0.7842712130913155,13.143011369514578,2805.7168575145224,3.5,-0.2
39.72945022583008,CLOSE_IN,0.5335780547555589,0.24836285387771834,0.46637047014886573,0.75928845984229,12.977567645656759,2938.080237543714,3.5,-0.2
39.749751567840576,CLOSE_IN,0.5229550843689177,0.2565558669834621,0.55645005160308,0.8033372841989518,13.108117726121003,2883.7456698663636,3.5,-0.2
39.77048420906067,CLOSE_IN,0.5120845342696029,0.26516687325272076,0.5617467048603888,0.7669595837632568,13.657895932293592,2744.6010721429584,3.5,-0.2
39.790820360183716,CLOSE_IN,0.5014104534580593,0.27383848447451087,0.5035340816476237,0.825999843479557,14.117155481897633,2941.729125597547,3.5,-0.2
39.811429500579834,CLOSE_IN,0.49059179194537833,0.2828393281004272,0.4992323462909492,0.9241112738145716,13.025224444530497,2773.6490710518733,3.5,-0.2
39.83176326751709,CLOSE_IN,0.47992645212122154,0.2919150232956552,0.468222805231152,0.8890012336486385,13.567801199604213,2843.510114669112,3.5,-0.2
39.852590560913086,CLOSE_IN,0.4690216920936071,0.30139616063750974,0.591451901723537,0.6986909338558771,13.356863282434725,2793.710692206225,3.5,-0.2
39.87310552597046,CLOSE_IN,0.4583099647236156,0.31090243385421384,0.5012068684885969,0.77951717481815,14.410031731228406,2816.4415465924767,3.5,-0.2
39.893431425094604,CLOSE_IN,0.44773585696068585,0.32046905020280725,0.5483778947163496,0.8204240808202966,14.247350582486165,2779.775845141851,3.5,-0.2
39.913979053497314,CLOSE_IN,0.4370958127684714,0.33027353731004877,0.511756799382616,0.9335585823887045,14.342239982424836,2846.2121305461396,3.5,-0.2
39.93410634994507,CLOSE_IN,0.4267312906300628,0.3399917204074545,0.5818454375142523,0.6751309396121099,13.988554379235804,2926.408302441104,3.5,-0.2
39.954609870910645,CLOSE_IN,0.41624175534496805,0.34999142585434795,0.4742436264588853,0.7068031553577485,14.802805768418153,2945.7112086528577,3.5,-0.2
39.97504687309265,CLOSE_IN,0.40586507475888123,0.3600423806318572,0.5253039284661801,0.6825341156417455,14.800226533082327,2833.981716429249,3.5,-0.2
39.995431423187256,CLOSE_IN,0.39560313497818667,0.3701340442888426,0.4766857770918544,0.8843391756872959,13.81151087855355,2740.753583867733,3.5,-0.2
40.015819787979126,CLOSE_IN,0.3854369002382871,0.3802772432620641,0.5653277684145364,0.7273080178588751,14.843138251045996,2694.9068359717444,3.5,-0.2
40.036954164505005,CLOSE_IN,0.37501189750312025,0.3908259758284389,0.46114600404464995,0.6976033204886571,14.937418028006402,2776.504622379512,3.5,-0.2
40.05727958679199,CLOSE_IN,0.3651042862983759,0.4009866241999611,0.5767627016206203,0.86620049189194,13.958227853355758,2698.474577315741,3.5,-0.2
40.077786684036255,CLOSE_IN,0.3552352107497057,0.411236388829675,0.5583534828542063,0.699772722283428,14.431356403673396,2742.5619852116424,3.5,-0.2
40.09833526611328,CLOSE_IN,0.34548356085731646,0.4214879203873895,0.547675492786517,0.7273835210455041,14.114222525698894,2861.8568990455674,3.5,-0.2
40.11882400512695,CLOSE_IN,0.33590644761295796,0.4316734842589872,0.5058427027941285,0.8614823166541633,14.476413565624663,2930.2617162489246,3.5,-0.2
40.13944172859192,CLOSE_IN,0.32642550633994016,0.44186945364371877,0.5998886806639132,0.6986496904773658,13.846878682509743,2895.9054638533935,3.5,-0.2
40.15965700149536,CLOSE_IN,0.31729074697989557,0.4517973978294412,0.4648780484810985,0.8856401478811844,13.886538623227494,2656.5061020213802,3.5,-0.2
40.180084466934204,CLOSE_IN,0.30823077131979804,0.46174349920367885,0.4841815205308092,0.9260134643545259,14.641663611938373,2834.7096412904593,3.5,-0.2
40.20052909851074,CLOSE_IN,0.29934344628387255,0.47159478089145546,0.4863403426375589,0.6601972666947222,14.903871770799373,2935.184032717631,3.5,-0.2
40.221458196640015,CLOSE_IN,0.2904410450005843,0.4815553974095351,0.5037654344727904,0.7917808248616133,15.302411260628995,2876.498935524085,3.5,-0.2
40.24218940734863,CLOSE_IN,0.281826386783639,0.49128103550719693,0.5817129927554014,0.8722965880299011,15.496853844242262,2694.9677981752466,3.5,-0.2
40.26254630088806,CLOSE_IN,0.27357250495990704,0.5006784890323337,0.46539609308058294,0.7667442548857435,14.328985736101096,2757.510467161375,3.5,-0.2
40.283273220062256,CLOSE_IN,0.2653855369142524,0.5100752236283647,0.4855478109159105,0.8039967618984296,14.754207252270593,2940.457702637973,3.5,-0.2
40.303760290145874,CLOSE_IN,0.25751611985811507,0.5191774225164605,0.47694389224323824,0.7711987320638038,15.409474007318213,2672.2251994757908,3.5,-0.2
40.324262619018555,CLOSE_IN,0.2498700758393413,0.5280861168170281,0.4651472190683921,0.7927559701781225,15.723366112217152,2762.808634458085,3.5,-0.2
40.34441065788269,CLOSE_IN,0.24258657183896498,0.5366311650726353,0.5862961889131104,0.8261940127083708,15.776614032626508,2780.7996425161177,3.5,-0.2
40.364824056625366,CLOSE_IN,0.2354469308954163,0.5450624653075039,0.5388833674138241,0.8775252225745784,15.056411563980145,2781.2134225328123,3.5,-0.2
40.385549783706665,CLOSE_IN,0.22845183055367974,0.553375356797333,0.4894091367982293,0.8353333797608355,15.125528648625483,2831.1160225332756,3.5,-0.2
40.40598654747009,CLOSE_IN,0.22181119525725523,0.5613144009505906,0.5127932554468191,0.822710301698885,14.574278879046549,2682.994080111269,3.5,-0.2
40.42683029174805,CLOSE_IN,0.21530762323899882,0.5691338917470995,0.5175862746366968,0.9360188950206191,15.818512757457544,2751.6344417016953,3.5,-0.2
40.447426319122314,CLOSE_IN,0.20915465288162471,0.576571835477659,0.5614841593272268,0.6911295587154451,15.221743519514934,2911.64017715088,3.5,-0.2
40.46804118156433,CLOSE_IN,0.20327401111187737,0.5837166042752313,0.5776004679471411,0.8156696037032867,15.043779994956227,2671.9795913995486,3.5,-0.2
40.488593101501465,CLOSE_IN,0.19769372425934778,0.5905287449603721,0.5793760649234742,0.8217306298562435,14.924639855287593,2902.303089499633,3.5,-0.2
40.50920104980469,CLOSE_IN,0.1923866814674804,0.5970362714353299,0.5732738857812132,0.7810518895578291,15.672513564140422,2893.714151689372,3.5,-0.2
40.52959680557251,TRACK,0.18742365856402904,0.6031473113864056,0.532652487442566,0.7602915768605594,16.11349770617249,2765.9288210961927,0.37509160972316513,-0.10314731138640565
40.550119161605835,TRACK,0.1827251073190147,0.6089551304098633,0.530203647210387,0.7262654050037349,15.435250645037295,2931.6669023394634,0.3807298712171823,-0.10895513040986327
40.5709011554718,TRACK,0.17827349417816518,0.614477708438578,0.503248487382879,0.7065323246468329,16.132740488298428,2834.321307518714,0.38607180698620175,-0.11447770843857796
40.591285943984985,TRACK,0.17421064791918506,0.6195348724409304,0.4950442239549499,0.7661518001351225,15.36761747691743,2875.7734564888406,0.39094722249697794,-0.11953487244093042
40.61189556121826,TRACK,0.17041263998441325,0.6242768739723596,0.5566314682808245,0.9012239104282399,15.356046498615624,2881.533908115738,0.39550483201870407,-0.12427687397235965
40.63250970840454,TRACK,0.16692886347756686,0.6286387934757351,0.45700126156584575,0.6846171513494106,15.347337805021015,2751.1683014028754,0.39968536382691977,-0.12863879347573515
40.653085708618164,TRACK,0.1637690797553637,0.6326051445136792,0.5902754829157308,0.7274645401266988,15.925203402222524,2728.0742151343575,0.40347710429356354,-0.13260514451367922
40.67360711097717,CLOSE_IN,0.1609366680102105,0.6361686844435843,0.452167654308533,0.9347569361732235,14.860558346386753,2887.5742636771424,3.5,-0.2
40.69422245025635,TRACK,0.15841475378728093,0.6393480195818446,0.4537329344398132,0.814140865490446,16.20429094126277,2949.598599867014,0.40990229545526286,-0.13934801958184462
40.71552562713623,TRACK,0.1561518572732119,0.6422059634132018,0.45567850940736954,0.715962467030163,15.652353727736235,2719.7835246254863,0.4126177712721457,-0.1422059634132018
40.736056089401245,TRACK,0.1543032231081894,0.6445443147202266,0.5321105475850854,0.8104745895565811,15.91999391841707,2715.568188796376,0.41483613227017274,-0.14454431472022655
40.75662875175476,CLOSE_IN,0.15277962577349713,0.6464739545397552,0.5337294342695686,0.7768713197120888,14.979743132829094,2684.0029674254197,3.5,-0.2
40.7770311832428,CLOSE_IN,0.15159516385502142,0.6479755926439845,0.4966256025747515,0.669967377975327,15.147099137628365,2757.889708408349,3.5,-0.2
40.797348737716675,CLOSE_IN,0.15073987964807023,0.6490607278276954,0.5889706132199979,0.7132784683149861,15.300331760364887,2801.8976679013876,3.5,-0.2
40.817888021469116,TRACK,0.15020496291127122,0.6497397493958885,0.45053385658690337,0.7909864152261055,16.38072396470424,2661.1584091091845,0.4197540445064745,-0.14973974939588852
40.838441610336304,TRACK,0.15000201625579207,0.6499974396770967,0.5280718459169007,0.6983995951604831,16.461433506103308,2849.420371352035,0.4199975804930495,-0.14999743967709667
40.85930776596069,TRACK,0.15013626079883424,0.6498269791469602,0.4825525244729922,0.8453419910002521,16.31419401833822,2913.0569609876698,0.4198364870413989,-0.1498269791469602
40.880005836486816,TRACK,0.15060800828707793,0.6492280998914276,0.48914266565507747,0.7612389618080352,16.001074092944187,2827.862493958516,0.4192703900555065,-0.1492280998914276
40.90080547332764,TRACK,0.15142131215308224,0.6481961098325812,0.4959696769027054,0.7821682775636741,16.064685214708682,2798.504484782638,0.4182944254163013,-0.14819610983258125
40.92108774185181,TRACK,0.1525411214083488,0.6467762193787286,0.5255866539338425,0.7185441831155374,16.25960766432494,2664.141300313879,0.4169506543099814,-0.14677621937872865
40.941279888153076,TRACK,0.1539753939641475,0.6449593259142843,0.5581618156983199,0.8169722617322699,15.812764783731264,2720.415362582589,0.415229527243023,-0.1449593259142843
40.96191906929016,TRACK,0.15576943725087156,0.6426894238516969,0.5225517730253486,0.904125951854676,16.00604535578994,2892.504227647606,0.41307667529895414,-0.14268942385169692
40.9824583530426,TRACK,0.1578823087760189,0.6400200379090166,0.5808307615187153,0.8500573705326246,16.143879019197374,2909.0077952352553,0.4105412294687773,-0.14002003790901663
41.00302219390869,TRACK,0.16032299713736625,0.6369417712920638,0.582867056648017,0.7528024288982094,16.558394590260498,2929.458876633922,0.4076124034351605,-0.13694177129206375
41.02355480194092,TRACK,0.1630824077376311,0.6334683623712217,0.5586769917555675,0.9337762992116394,15.650657656125086,2910.166954123051,0.40430111071484265,-0.13346836237122173
41.04402470588684,TRACK,0.1661514975980377,0.6296137012940959,0.5029012966516485,0.8592360725093302,16.08276054774998,2676.5952365258954,0.4006182028823547,-0.12961370129409588
41.06467008590698,TRACK,0.16956567004391898,0.6253362602005622,0.542831060054956,0.9053057377217388,15.9238570699778,2834.2428033228275,0.39652119594729723,-0.1253362602005622
41.0851993560791,TRACK,0.17327484781696606,0.6207019681801881,0.4886959126055043,0.8357124689595538,15.821849098239234,2838.153749034336,0.3920701826196407,-0.12070196818018808
41.10575580596924,TRACK,0.17729934762120103,0.6156887972115621,0.547121115135534,0.7843882781031782,15.256448062969847,2745.763268565652,0.38724078285455876,-0.11568879721156211
41.126302003860474,TRACK,0.18162840361820903,0.6103138765279934,0.5135368923713066,0.7158097754610503,15.707524854466646,2850.1047849753777,0.38204591565814916,-0.1103138765279934
41.14685940742493,TRACK,0.1862624419192292,0.6045806527285988,0.5614092203956911,0.6522113965737967,15.865340761415233,2870.832947872299,0.37648506969692497,-0.10458065272859884
41.16725397109985,TRACK,0.19115454856594227,0.598551134309913,0.5801819175217016,0.6760023001304416,15.655815603900347,2871.4457054408003,0.3706145417208693,-0.09855113430991302
41.18869090080261,TRACK,0.19660815148672056,0.59185759155308,0.5002432925304177,0.8946475851925476,16.15909339420742,2746.095431495173,0.3640702182159353,-0.09185759155308004
41.20905518531799,TRACK,0.20207948256830677,0.5851721896261902,0.5777622221701864,0.6985159758070875,15.680847318162462,2833.3715194333035,0.35750462091803187,-0.08517218962619022
41.23003149032593,TRACK,0.20800581097518195,0.5779648791863641,0.5038032912365973,0.7498480208174899,16.442571235263493,2898.1345634227105,0.35039302682978163,-0.07796487918636408
41.250792503356934,TRACK,0.21415595358555634,0.570523126318055,0.5050653948245774,0.6761491229771424,16.136065428849577,2865.3318619403326,0.34301285569733236,-0.07052312631805502
41.271568298339844,TRACK,0.2205879572812332,0.5627818109580236,0.5386567186695829,0.6880211532389953,16.23855074692709,2898.4188567938413,0.33529445126252017,-0.0627818109580236
41.29202318191528,TRACK,0.2271857238828851,0.554885471378342,0.4995189691517808,0.9144660108119901,16.022579384498954,2798.943255446277,0.32737713134053786,-0.05488547137834199
41.31265449523926,TRACK,0.234100520392929,0.546658518351054,0.5928534952191103,0.6968648925330725,16.28531876422554,2694.6884563694925,0.3190793755284852,-0.046658518351053946
41.33326601982117,TRACK,0.24126295602200587,0.5381901448023418,0.5744234182441323,0.7513447780474192,15.709620773284273,2836.919750118519,0.31048445277359293,-0.03819014480234184
41.35352826118469,TRACK,0.2485451064295241,0.5296363314476146,0.4717494804178621,0.6798087403162534,15.312306740978746,2740.198234935325,0.30174587228457106,-0.029636331447614572
41.37514328956604,TRACK,0.2565693160580261,0.5202771271731961,0.49701603788979803,0.7687025187323107,16.36493669234644,2911.9361957934902,0.2921168207303687,-0.020277127173196074
41.39566731452942,TRACK,0.2644254739939567,0.5111820308740574,0.45685593463679586,0.7762237058462466,15.440546170120637,2926.0924470155837,0.28268943120725193,-0.011182030874057447
41.4161741733551,TRACK,0.2724980384159448,0.5019074632250813,0.4733464781360638,0.7176790385588667,15.60940029181606,2818.331034469098,0.27300235390086625,-0.001907463225081285
41.43755102157593,TRACK,0.28114209392240286,0.49205720818715765,0.4769400095507428,0.8764398758044033,15.872690166292477,2771.8453063319103,0.2626294872931166,0.007942791812842354
41.45850443840027,TRACK,0.28983335170802926,0.48223867165856565,0.4981856147632098,0.9298341496718169,16.125523992909628,2887.688101367733,0.25219997795036486,0.017761328341434346
41.47935438156128,TRACK,0.2986877653765843,0.47232525615086174,0.5782934827001229,0.904506922175283,16.3121398968431,2677.278339144972,0.2415746815480988,0.02767474384913826
41.50005221366882,TRACK,0.30767234485977746,0.46235974822258796,0.5175954301080556,0.8837918262253924,16.028875881020138,2863.811676026377,0.23079318616826705,0.03764025177741204
41.52033734321594,TRACK,0.3166576962888933,0.4524891655357418,0.5248809589251261,0.920989561265167,15.188588039806165,2670.08315425616,0.22001076445332804,0.04751083446425819
41.540576457977295,TRACK,0.32579182799004003,0.4425548721774108,0.5337807373856545,0.8777106571745642,15.803691336798925,2708.8652541175043,0.20904980641195195,0.057445127822589204
41.56100845336914,TRACK,0.3351758300982226,0.43245524096415694,0.4727221486907753,0.7749151220142988,16.52332309301932,2824.2571574315693,0.19778900388213286,0.06754475903584306
41.581485986709595,TRACK,0.3447360652775632,0.4222787431050765,0.5992501732720054,0.7076374416882939,15.233173049849896,2790.6991495100624,0.18631672166692417,0.07772125689492348
41.602351903915405,TRACK,0.35462823600244187,0.4118709126571736,0.5319382985360618,0.9369286366518204,15.370038143611358,2917.10848298619,0.17444611679706976,0.08812908734282637
41.62371277809143,TRACK,0.3649024811812813,0.40119493643670456,0.5611614104534423,0.9182826479540225,16.398501114485764,2722.395112967008,0.1621170225824624,0.09880506356329544
41.64426922798157,TRACK,0.37492088685582076,0.3909187143786452,0.555823369969277,0.7141695006718998,15.27623280213606,2787.3097585204987,0.15009493577301508,0.10908128562135477
41.66488718986511,TRACK,0.38508870864746547,0.3806271763272095,0.5248292580156744,0.7633906763315647,15.909149718116804,2741.098929091541,0.13789354962304143,0.1193728236727905
41.68550896644592,TRACK,0.3953683426765506,0.3703666812820398,0.5980427557856193,0.7253160696572905,15.778051130670887,2928.4943700961285,0.1255579887881393,0.1296333187179602
41.70588445663452,TRACK,0.4056235659950372,0.36027816032563653,0.5429956816029743,0.6719213587701102,16.10831626256975,2900.4594492488704,0.11325172080595537,0.13972183967436347
41.726027488708496,TRACK,0.415848474892386,0.35036950432935243,0.5005916568249347,0.7574694034570324,15.48784327367803,2788.065179657563,0.10098183012913677,0.14963049567064757
41.74630260467529,TRACK,0.4262179857584515,0.3404772412506854,0.5719393898528136,0.8632645851753878,15.474874794921533,2923.370581438697,0.08853841708985821,0.1595227587493146
41.76702618598938,TRACK,0.43688730513856516,0.3304674261570178,0.5585737120250046,0.6919785392811616,15.907459556026195,2772.0992248119783,0.0757352338337218,0.1695325738429822
41.787304639816284,TRACK,0.44738655728138815,0.32078810675520547,0.5601514259216832,0.848624556511424,15.588457848371535,2695.180074929956,0.06313613126233421,0.17921189324479453
41.80785799026489,TRACK,0.4580777636388815,0.3111105820994141,0.5118170135486277,0.6558291507851246,16.062525670493354,2684.7851005768034,0.05030668363334223,0.1888894179005859
41.82811641693115,TRACK,0.4686545976707218,0.30171881006633006,0.5214266413802092,0.7312267987359569,15.787577757183989,2765.7326096051193,0.03761448279513382,0.19828118993366994
41.84866213798523,TRACK,0.4794109405307307,0.29235868798354947,0.5510450665679023,0.8648943162503057,15.637991954115405,2811.0920749277507,0.024706871363123172,0.20764131201645053
41.869311809539795,TRACK,0.4902413896993557,0.2831343440815651,0.57912670517976,0.9049567599071283,15.829080844184743,2803.5541673663747,0.011710332360773146,0.21686565591843487
41.89006161689758,TRACK,0.5011337717598204,0.27406604801803325,0.4854930319285336,0.7529904996889059,15.318244921788724,2677.0970301289076,-0.0013605261117845212,0.22593395198196675
41.91053795814514,TRACK,0.5118815696162999,0.2653297853555265,0.547033205055761,0.8725724360041147,15.305671202663921,2846.076081478308,-0.014257883539559923,0.23467021464447352
41.93085193634033,TRACK,0.5225330964075771,0.2568859055783581,0.4791272241004011,0.9204704059044184,15.618003722844938,2900.4642177277447,-0.02703971568909247,0.2431140944216419
41.95174288749695,TRACK,0.5334652387736802,0.24844868532281494,0.48077756496135576,0.824811606091634,15.7584727764708,2832.596513967662,-0.040158286528416284,0.25155131467718506
41.97206997871399,TRACK,0.5440708673743422,0.24049298215601098,0.5729737814698108,0.9283750258673601,15.729685352943921,2735.853826124465,-0.05288504084921062,0.259507017843989
41.99243927001953,CLOSE_IN,0.5546574107308018,0.23278518376977234,0.5617855867410431,0.8413884261533843,14.669032134676005,2854.5529264786014,3.5,-0.2
42.01284670829773,CLOSE_IN,0.5652126095774148,0.2253412149129338,0.5451739140098314,0.8626469567181523,14.539534501072456,2849.4459834259837,3.5,-0.2
42.03369164466858,CLOSE_IN,0.5759309387311267,0.21803808736780186,0.48178325664919774,0.7585689657831383,14.74057083660026,2839.2312192505046,3.5,-0.2
42.05464720726013,CLOSE_IN,0.5866313127436615,0.21101495726172942,0.45138972029511537,0.8421708576394675,15.813808466765325,2799.507590649497,3.5,-0.2
42.07559680938721,CLOSE_IN,0.5972430912570016,0.20432559369887923,0.48701040672116114,0.8065856437691254,14.405364367053712,2703.674512911846,3.5,-0.2
42.096142530441284,CLOSE_IN,0.6075570933129012,0.19809871800528644,0.46694424240450816,0.7431652441419301,14.860726646684489,2806.2143524985727,3.5,-0.2
42.11688041687012,CLOSE_IN,0.6178639465248965,0.19215929461234363,0.4978640040506662,0.8446491269768039,14.554216033547423,2813.9006606159187,3.5,-0.2
42.13776612281799,CLOSE_IN,0.6281289808881286,0.18653887436908076,0.5469068994618376,0.6724194729182066,14.67082251094481,2710.661523187327,3.5,-0.2
42.15832734107971,CLOSE_IN,0.6381117542615534,0.1813694977181164,0.48257925615840536,0.9067861262661958,14.811049610033372,2657.4786252774156,3.5,-0.2
42.179070234298706,CLOSE_IN,0.6480495952281373,0.17652904805064892,0.5853660500602895,0.7204466060709412,15.528832828438816,2778.5088650618004,3.5,-0.2
42.20013976097107,CLOSE_IN,0.6579971554253604,0.1720061040522823,0.5329093826974699,0.7483419859792841,15.28623499266057,2660.1985514214057,3.5,-0.2
42.22121834754944,CLOSE_IN,0.6677910905297537,0.16788626620246805,0.5690930872656274,0.8719579162260119,14.922172564503354,2887.8882148675684,3.5,-0.2
42.24164271354675,CLOSE_IN,0.677121147229673,0.16428768385252554,0.5788515840215892,0.8238946923535309,15.43629301524016,2934.7463477365136,3.5,-0.2
42.26219081878662,CLOSE_IN,0.6863399653727648,0.16106415138525845,0.4531180553943957,0.6854124750602317,15.412458366644891,2658.606760922979,3.5,-0.2
42.282867431640625,CLOSE_IN,0.6954377457833025,0.15822774391577898,0.5633235763106044,0.714836110354427,15.33288977153403,2710.0444763168107,3.5,-0.2
42.303489446640015,CLOSE_IN,0.7043242729874646,0.15581057964643566,0.5890536207690855,0.8661169731974967,15.355813284331422,2920.0641996747618,3.5,-0.2
42.32401132583618,CLOSE_IN,0.7129735917998676,0.15381745105368796,0.506007573977488,0.8411174712025671,14.36507247264336,2830.9770843172087,3.5,-0.2
42.344552993774414,CLOSE_IN,0.7214291623813404,0.15223765987834711,0.5570152546831894,0.8272582330254181,14.693233615009326,2787.579511576173,3.5,-0.2
42.365105628967285,CLOSE_IN,0.7296788671451327,0.15107548503823343,0.5183829126545014,0.9456181569330296,15.112899271392847,2724.8383573526253,3.5,-0.2
42.38565802574158,CLOSE_IN,0.7377102049421626,0.15033385076632033,0.5053732817847502,0.8519723507072362,14.732145725177519,2693.9427994698085,3.5,-0.2
42.40637564659119,CLOSE_IN,0.7455774538828837,0.15001313360398366,0.48248424475637797,0.9307479148083524,13.915863568485916,2948.1739322218473,3.5,-0.2
42.427422523498535,CLOSE_IN,0.7533268640356368,0.15012673955596545,0.54953432966605,0.7325665319668214,15.035174288129053,2884.165583041194,3.5,-0.2
42.44810104370117,CLOSE_IN,0.7606948120981416,0.15066948903681923,0.5863608154937214,0.917498878682783,13.774217686158304,2771.4801390970993,3.5,-0.2
42.468642473220825,CLOSE_IN,0.7677656220265574,0.15163080795480524,0.49561922009434706,0.7320553835944177,13.625970719865888,2723.679546459418,3.5,-0.2
42.48946928977966,CLOSE_IN,0.7746751222350243,0.15303338665428953,0.5461376897132633,0.8440563072447002,13.816775425761524,2755.674588627684,3.5,-0.2
42.51008152961731,CLOSE_IN,0.7812495371023105,0.1548433577697919,0.5539039727789257,0.9141169873851186,13.566589817244445,2863.0751450650073,3.5,-0.2
42.53037881851196,CLOSE_IN,0.7874608191731917,0.157032766043197,0.570825204981306,0.6821045801860111,14.724741786913855,2739.2791243614065,3.5,-0.2
42.55078887939453,CLOSE_IN,0.7934379335277593,0.15963800913559842,0.4633843691459525,0.7892340820675063,13.502111998910696,2811.6919992861044,3.5,-0.2
42.57134389877319,CLOSE_IN,0.7991795363129024,0.16266647553757627,0.522381016908891,0.7304956118096313,14.466632392595045,2717.5786398524147,3.5,-0.2
42.59188199043274,CLOSE_IN,0.8046323724014133,0.1660929997125671,0.5903332757223373,0.8618130659718464,13.524412401213409,2850.5587628211983,3.5,-0.2
42.61251616477966,CLOSE_IN,0.8098195810940457,0.16993292239877822,0.5261335331866902,0.8184613854934247,13.150015917451013,2877.673937634714,3.5,-0.2
42.63283634185791,CLOSE_IN,0.8146378402784342,0.17409731571363188,0.5203330211334766,0.7774819568328576,14.097163720564641,2674.4282618443426,3.5,-0.2
42.6534366607666,CLOSE_IN,0.819224143003286,0.17869989485533785,0.479566552370397,0.840853563813752,14.347003234729138,2657.7902048673423,3.5,-0.2
42.674110412597656,CLOSE_IN,0.8235203741256312,0.1836964835401479,0.5736577478099352,0.7735350709298142,14.361523642461155,2849.1050857888936,3.5,-0.2
42.69442296028137,CLOSE_IN,0.8274385793266911,0.18896593449811278,0.5569527043156812,0.7846001319283994,12.84177487319659,2907.7286323805674,3.5,-0.2
42.71502995491028,CLOSE_IN,0.8311029703849881,0.194667576415412,0.4843218404844049,0.7621526150245446,13.93146226020465,2853.360040166709,3.5,-0.2
42.735477924346924,CLOSE_IN,0.8344264138030724,0.2006699447392276,0.49390536454852735,0.9227871848359354,13.143424880870208,2889.1762543654895,3.5,-0.2
42.756083488464355,CLOSE_IN,0.8374572242952505,0.20705573880773492,0.5638525183517951,0.9122344260357996,12.757376167397938,2748.3921238605435,3.5,-0.2
42.7766273021698,CLOSE_IN,0.8401580464039047,0.21374857777834275,0.5139873906949146,0.6612738360208914,13.629754213086954,2913.6582066298133,3.5,-0.2
42.79744482040405,CLOSE_IN,0.8425653659720972,0.220851227046103,0.5560016597594858,0.6526764234538054,13.488993195189233,2678.5607371413817,3.5,-0.2
42.818000078201294,CLOSE_IN,0.8446146501676214,0.2281691113523346,0.5587436851244331,0.805156100638433,13.076792604972981,2932.5646033922517,3.5,-0.2
42.83855223655701,CLOSE_IN,0.8463361117475847,0.23577619329748317,0.500873449183711,0.7266061015340615,13.763267836640631,2797.985738724587,3.5,-0.2
42.85939693450928,CLOSE_IN,0.8477458844212563,0.24377486967728734,0.4822385294958736,0.8832621212768488,13.265043871273814,2666.3284992655367,3.5,-0.2
42.880003213882446,CLOSE_IN,0.8488054080757323,0.25194895267065764,0.49443883867713545,0.766828078170569,13.55927958768968,2734.5295994496564,3.5,-0.2
42.90041470527649,CLOSE_IN,0.8495264091114031,0.26029368306094347,0.5911281730323938,0.7710246289037225,12.701383795290248,2720.9494705164548,3.5,-0.2
42.92071080207825,CLOSE_IN,0.8499184821573603,0.2688220838728998,0.5380109652397442,0.6739961205399889,12.993040260462328,2901.941961603376,3.5,-0.2
42.94128632545471,CLOSE_IN,0.8499849290971654,0.2776884315276962,0.5093328557127499,0.8195983540928156,12.118891082941557,2786.375795442961,3.5,-0.2
42.96180438995361,CLOSE_IN,0.8497192363642252,0.2867362608810329,0.5683886239970755,0.7450390332863139,12.749454205939275,2927.8444287707202,3.5,-0.2
42.98246192932129,CLOSE_IN,0.8491171152419135,0.29603821310102535,0.5825629924983333,0.7404908558095277,12.878777070611223,2748.855401847303,3.5,-0.2
43.002790451049805,CLOSE_IN,0.8481973667476388,0.3053653087232181,0.5334065497700251,0.6835525734092119,12.913499791186872,2851.065670170532,3.5,-0.2
43.02342104911804,CLOSE_IN,0.8469329726819084,0.3149908360992428,0.5778711162933869,0.725035593655569,12.97367266077499,2748.530248434933,3.5,-0.2
43.04420328140259,CLOSE_IN,0.8453234040002522,0.3248333754238629,0.5225110249097973,0.655926595419374,13.00001753906109,2796.538910146491,3.5,-0.2
43.064932346343994,CLOSE_IN,0.8433836877255253,0.33478009078608045,0.45533261632739275,0.8440977649714767,12.699585475568744,2768.2090201575948,3.5,-0.2
43.08568572998047,CLOSE_IN,0.8411091516129772,0.3448507482799232,0.4622049813847676,0.7323955640663943,11.888081483246417,2870.9724730131556,3.5,-0.2
43.10650014877319,CLOSE_IN,0.8384959330738229,0.355046423735724,0.5436193665764296,0.6684076799396901,11.724131793411054,2658.2813816342973,3.5,-0.2
43.12697911262512,CLOSE_IN,0.8356028133543478,0.3651538926940503,0.4931955192654521,0.8415407707076613,12.572569277444668,2760.611218668752,3.5,-0.2
43.14750838279724,CLOSE_IN,0.8323847637947133,0.3753448400485706,0.4735035106212233,0.808622234594931,12.797784991046974,2881.6137672117698,3.5,-0.2
43.168083906173706,CLOSE_IN,0.8288432366063878,0.3856004334718387,0.4608143134375339,0.9112487837075782,12.679678375473305,2806.321643227194,3.5,-0.2
43.188698053359985,CLOSE_IN,0.8249809688846611,0.3958997170998002,0.5339946969472308,0.7967098189368792,12.262677716905245,2682.761029004466,3.5,-0.2
43.20920920372009,CLOSE_IN,0.8208296201942327,0.4061544866130713,0.5170399544247253,0.7687593463100225,12.262119506529224,2662.0332179883712,3.5,-0.2
43.22990417480469,CLOSE_IN,0.8163333146727674,0.4164906119327617,0.5256709208267898,0.7357191948323449,12.078416796508073,2921.8766715118377,3.5,-0.2
43.2505464553833,CLOSE_IN,0.8115448111286654,0.4267722971638209,0.4907728520302822,0.7523290503083381,11.72569211957623,2656.5350525153367,3.5,-0.2
43.27167630195618,CLOSE_IN,0.8063339139595166,0.43724943722080095,0.46368612132482867,0.6875381806915899,11.501982403707396,2844.0172633358666,3.5,-0.2
43.29207730293274,CLOSE_IN,0.8010107332245693,0.44730227430920994,0.47128102276090506,0.7076696668048219,12.17562570407243,2736.9277633502065,3.5,-0.2
43.31231904029846,CLOSE_IN,0.7954505273197486,0.4571988567057441,0.49955592156010237,0.8164723510594758,11.906901433372308,2803.4693981159894,3.5,-0.2
43.3326256275177,CLOSE_IN,0.7895988519517951,0.4670329461901467,0.5397948294667605,0.6558687082900561,11.08782057724554,2751.788132850987,3.5,-0.2
43.352874755859375,CLOSE_IN,0.7834961979827125,0.4767291423764279,0.5052241057245214,0.6599901222088722,11.631741059836775,2879.835725083508,3.5,-0.2
43.373722314834595,CLOSE_IN,0.7769400196452465,0.48658027225339445,0.5869958671806409,0.7878492050782938,11.342030594093885,2909.2387603266347,3.5,-0.2
43.39403009414673,CLOSE_IN,0.7702931670495441,0.4960317776814794,0.5946248130088984,0.6673788262551443,11.422235968484213,2685.2304785091237,3.5,-0.2
43.4152090549469,CLOSE_IN,0.7630941105477314,0.5057197751543497,0.5620638414206416,0.6807058899262207,11.316948486314388,2727.4644243781463,3.5,-0.2
43.43630313873291,CLOSE_IN,0.7556599878939956,0.5151804548424589,0.568943464534144,0.805873251148747,11.480535002700169,2864.127472491144,3.5,-0.2
43.45704984664917,CLOSE_IN,0.7480986009370891,0.5242854883151647,0.4808860513723593,0.8850642313339204,11.854038881683941,2909.5692596245317,3.5,-0.2
43.47761511802673,CLOSE_IN,0.7403662078456097,0.533099786064466,0.46156820206073307,0.69278162371438,11.681076011825736,2880.0764173610833,3.5,-0.2
43.497870683670044,CLOSE_IN,0.7325266527738795,0.541561339522476,0.5450965365063624,0.8841740037656807,10.511053235845894,2776.915740888533,3.5,-0.2
43.51829290390015,CLOSE_IN,0.7244053213370849,0.5498573069125756,0.5164349812091565,0.6691433399398156,11.679561702240518,2911.659819606884,3.5,-0.2
43.53921437263489,CLOSE_IN,0.7158671687945325,0.5580967577131971,0.5606009921434187,0.7118273674888564,10.4794621948381,2825.103511846454,3.5,-0.2
43.55990195274353,CLOSE_IN,0.7072154096334784,0.5659720115925344,0.5431151549491258,0.7698400003821295,11.04738265945505,2750.9196915237467,3.5,-0.2
43.58033037185669,CLOSE_IN,0.6984762118765423,0.573469891418766,0.5464521435849861,0.935099515517957,11.023473837414638,2923.481696459436,3.5,-0.2
43.601322174072266,CLOSE_IN,0.689301952459672,0.5808728173902742,0.5282526807322163,0.947391999160785,10.583045170769736,2804.3275617339254,3.5,-0.2
43.62201809883118,CLOSE_IN,0.6800732373469444,0.5878594019020834,0.5903473859562556,0.8348708205893587,10.426426184293627,2700.4017976211358,3.5,-0.2
43.64246082305908,CLOSE_IN,0.6707870378774736,0.5944446274297508,0.5906260102374075,0.8409051831844601,10.380782686879957,2799.5244506596555,3.5,-0.2
43.66309213638306,CLOSE_IN,0.6612523935678543,0.600761066952853,0.5821151501066418,0.7260886988818941,10.97101789739655,2713.5307068060733,3.5,-0.2
43.68344807624817,CLOSE_IN,0.6516936276566581,0.6066582876574426,0.5184806721442696,0.7503012150524304,10.431304239218234,2851.9402998653118,3.5,-0.2
43.70397925376892,CLOSE_IN,0.641909352329463,0.6122593333538378,0.5246892831920146,0.8704803446281718,10.407723232050378,2673.698035526242,3.5,-0.2
43.72450804710388,CLOSE_IN,0.6319916542971995,0.6175019475197117,0.47332969459151686,0.7582043175628242,9.71784948378767,2739.6993927512844,3.5,-0.2
43.74477744102478,CLOSE_IN,0.6220764506171601,0.6223186733382153,0.5760120208201959,0.883355631015624,10.410979756577156,2761.2297214013083,3.5,-0.2
43.765031814575195,CLOSE_IN,0.6120558777402573,0.6267669305957944,0.5472008687121911,0.9486031441986714,9.781939707853466,2673.0696041621923,3.5,-0.2
43.78568458557129,CLOSE_IN,0.6017317706403522,0.6309195237401758,0.4761498657582384,0.7141990924955648,10.208256743176097,2827.0885628925685,3.5,-0.2
43.80643820762634,CLOSE_IN,0.59125892425553,0.6346955669856061,0.5334576025645004,0.8585792636778369,10.577855400863479,2683.0948785938735,3.5,-0.2
43.82745051383972,CLOSE_IN,0.5805654894890182,0.6381067737141304,0.455485102262753,0.8455528906982986,9.921875577688052,2893.922006593568,3.5,-0.2
43.84773087501526,CLOSE_IN,0.5701685382090722,0.6410004774472342,0.5131858783737144,0.8168459569591391,10.445486909871864,2902.4820117639124,3.5,-0.2
43.86799359321594,CLOSE_IN,0.5597157840848989,0.6434957492661649,0.5944675330833554,0.7629742928149594,10.439443308633322,2842.9327191158727,3.5,-0.2
43.888423919677734,CLOSE_IN,0.5491207468958114,0.6456068355224921,0.46571601783122707,0.854601566935729,10.601258183774119,2705.6761150108987,3.5,-0.2
43.90872287750244,CLOSE_IN,0.5385481314646845,0.6472982934122262,0.5029530661501873,0.8888207220059031,9.845859952223424,2861.2740046116455,3.5,-0.2
43.9290132522583,RAM,0.5279442722687847,0.6485817560831759,0.4787614296166906,0.7386965220759077,9.748341791208723,2947.7883036683065,5.0,0.0
43.94942831993103,RAM,0.517249145706166,0.6494600144981025,0.576662282632136,0.8802349159863566,9.498343994594466,2856.866673312834,5.0,0.0
43.96989679336548,RAM,0.5065098119755862,0.6499231195152093,0.5152473946687104,0.922880013312883,9.04468604491937,2924.935443178583,5.0,0.0
43.99059343338013,RAM,0.4956445637789436,0.6499655866327203,0.4637379704844625,0.7030211719934244,10.15417739849221,2794.7021334820106,5.0,0.0
44.01109504699707,RAM,0.48488580566737216,0.6495854551872972,0.5328703265369998,0.6675182197586773,10.274947880091082,2796.189860464835,5.0,0.0
44.031620502471924,RAM,0.47412885734471516,0.6487845895569266,0.49502418196046916,0.770262226788666,9.339117153345553,2841.7903323220685,5.0,0.0
44.05232572555542,RAM,0.4633025715347254,0.6475520049058168,0.46382982184896104,0.8417566566096255,8.915654431809996,2750.051109740107,5.0,0.0
44.07263970375061,RAM,0.45271519309966923,0.6459302018729886,0.5924815305855127,0.6946998968322159,9.96248898451223,2852.014428761675,5.0,0.0
44.09298634529114,RAM,0.4421548017547704,0.6438989291995836,0.5591277131081158,0.9134955235936948,9.927914798432415,2849.442148962115,5.0,0.0
44.11384391784668,RAM,0.4313852333261965,0.6413975168797136,0.4571930439428018,0.7946645833591747,9.01863411154287,2744.4820022995564,5.0,0.0
44.13413214683533,RAM,0.4209739797210678,0.6385613751973964,0.48132502590905085,0.751955913863156,9.208975211933659,2931.0499391744456,5.0,0.0
44.15467858314514,RAM,0.4105048495970075,0.6352889060381942,0.584104023254647,0.7797432637603174,8.898582552951162,2679.4674472214274,5.0,0.0
44.17500710487366,RAM,0.4002303730613039,0.6316601625551074,0.5413713996598434,0.8021670039768415,8.980530919945286,2764.769105805808,5.0,0.0
44.19531011581421,RAM,0.3900613713217131,0.6276538102148348,0.4999116456254964,0.9213423610929721,9.005554153560755,2786.8824879980675,5.0,0.0
44.215760707855225,RAM,0.37992154689218294,0.6232389360054807,0.49855035983558393,0.9272620217327014,9.341908685347532,2868.709722319583,5.0,0.0
44.23652958869934,RAM,0.36973959616652163,0.6183732227929051,0.5665336222466991,0.7239418766247712,8.896281007957585,2855.986693916039,5.0,0.0
44.257492542266846,RAM,0.35959072085372257,0.6130800497882566,0.5297985813854394,0.8905347828121724,8.675622870286753,2908.5830510273163,5.0,0.0
44.278029918670654,RAM,0.3497824365006783,0.6075311048693782,0.5716612885050874,0.8731575200851575,8.317109184096052,2739.6063528184586,5.0,0.0
44.29860520362854,RAM,0.34009899553932066,0.601620869855509,0.5886221670392573,0.7489385618020048,8.423391426420187,2708.1047517782554,5.0,0.0
44.3192183971405,RAM,0.3305504371295427,0.5953574376266377,0.48249833790848085,0.6574915739519998,9.492123750081474,2856.396514452263,5.0,0.0
44.33981490135193,RAM,0.3211713970684165,0.5887674912204581,0.49372768811563705,0.8643473707262482,9.253173047045076,2867.1209052425256,5.0,0.0
44.360511302948,RAM,0.3119188006113185,0.5818229997911585,0.5903604944994258,0.7910809278385843,9.496906309239108,2750.244382240397,5.0,0.0
44.381232500076294,RAM,0.30283670031852666,0.5745581488427599,0.4747948166766186,0.6543615935696574,8.084802463005715,2746.7420597824616,5.0,0.0
44.40181064605713,RAM,0.29400577171503284,0.5670467634447608,0.48295575551651176,0.8651746804652987,8.994236755671707,2751.207819600108,5.0,0.0
44.42239737510681,RAM,0.2853675363868188,0.5592491592556554,0.4845930718778237,0.7641489395856781,9.147105570169506,2827.3292668557524,5.0,0.0
44.442904233932495,RAM,0.27696626792417045,0.5512134292047091,0.5568399763109696,0.9030570897058234,7.938434613883779,2910.075806177212,5.0,0.0
44.46345639228821,RAM,0.2687581634256107,0.5429047909347788,0.5823060756674852,0.8286526990048422,8.503208138270816,2743.178917148771,5.0,0.0
44.48411154747009,RAM,0.2607303419405723,0.5343113074909159,0.598638719324333,0.8937471273651045,8.377361378857525,2795.2474906946427,5.0,0.0
44.504276275634766,RAM,0.2531146208399031,0.5257006720755082,0.45795820732571524,0.9325634879032227,9.089928687007285,2711.3413267682317,5.0,0.0
44.52484059333801,RAM,0.2455806436029197,0.5167089666073155,0.5167070361300143,0.7618692803898637,8.367572390562142,2656.532489392305,5.0,0.0
44.545414686203,RAM,0.23828532097777622,0.5075154557196957,0.5144737159433872,0.6759807357113727,8.209341170407079,2784.382839865773,5.0,0.0
44.56589937210083,RAM,0.2312693088082421,0.4981810416395609,0.5454191334019973,0.8776655896726997,7.7952949639234905,2816.4569084071895,5.0,0.0
44.586474895477295,RAM,0.22447758658426553,0.4886393881574286,0.5207468442195026,0.6623018196549427,8.512305282978994,2759.102745203155,5.0,0.0
44.606667280197144,RAM,0.2180674371580451,0.47912939646941316,0.552517468653083,0.811107705898708,8.917055787457132,2701.504169402392,5.0,0.0
44.62759828567505,RAM,0.21169587113395932,0.46913553547355624,0.46926539063203593,0.7073404021250996,7.710551958129073,2920.460934284208,5.0,0.0
44.64806079864502,RAM,0.20574157441919838,0.45924813602128006,0.48065888499679654,0.727783452756754,8.13574712486407,2933.486088037771,5.0,0.0
44.66860222816467,RAM,0.2000431280854939,0.4492228329401525,0.5785717401976773,0.7479917551090474,7.912327941358175,2730.2752988699667,5.0,0.0
44.689300537109375,RAM,0.1945891982514638,0.4390369875586345,0.46003464089166013,0.7508089549279707,8.25250461796475,2685.9848344044603,5.0,0.0
44.70963501930237,RAM,0.18951776607725618,0.42896495077254476,0.5260954849763118,0.8381921819135021,8.670752544486533,2875.030130942171,5.0,0.0
44.729979276657104,RAM,0.18473294134565704,0.41884013990535246,0.5201018384916287,0.9339146253064667,7.872977399016774,2852.5011204579514,5.0,0.0
44.750484228134155,RAM,0.18020739083574078,0.40860384342989015,0.5106202220951648,0.8134254067724527,8.471278516616481,2696.711330013179,5.0,0.0
44.77108144760132,RAM,0.17596603346088668,0.3983069459682826,0.49361250869703566,0.7918947575265415,8.326381621059861,2670.82171721883,5.0,0.0
44.79164433479309,RAM,0.17204025352464686,0.38803006760403636,0.5750113764592678,0.722455582820272,7.99587691762644,2921.321872960631,5.0,0.0
44.81190586090088,RAM,0.16847715359088455,0.3779235193587113,0.5315725158022184,0.8502880571394659,8.225062202088784,2753.5371913543354,5.0,0.0
44.83295702934265,RAM,0.16509956693125588,0.36746171513900056,0.5130362002196183,0.8499445206758206,7.947471909790687,2735.9135677789195,5.0,0.0
44.853296756744385,RAM,0.16215325780605333,0.3574080568304586,0.5823318980131222,0.7489329345396034,7.833299332246613,2883.4552584399753,5.0,0.0
44.87386965751648,RAM,0.15949306541649655,0.3473108970074533,0.5048144715750638,0.7560888996404245,8.478420187690656,2862.4475621862402,5.0,0.0
44.89464211463928,RAM,0.15713604859164387,0.3372063415751634,0.5760219805154077,0.7028162735211655,7.635996451493099,2778.1284514045815,5.0,0.0
44.91521096229553,RAM,0.1551300978313392,0.3273075511780824,0.5303610923718354,0.8984482111262531,7.708017710577102,2834.0878973800627,5.0,0.0
44.935479402542114,RAM,0.1534745435397062,0.31767357256851336,0.5692204678477861,0.8832052446035039,7.605791407673507,2882.155740311778,5.0,0.0
44.955947160720825,RAM,0.15212772921817452,0.3080821716696222,0.5823607624918494,0.7170526862721794,8.066194793490514,2916.669470468019,5.0,0.0
44.976335763931274,RAM,0.1511120979177128,0.298680957725295,0.5819011387122383,0.7269115737211381,7.406011797156401,2906.7959935449962,5.0,0.0
44.996965169906616,RAM,0.15041657194331692,0.289340215043347,0.46338953278256495,0.9487019691670205,7.390734992974582,2658.4541266492884,5.0,0.0
45.0174126625061,RAM,0.1500574763449669,0.280267659352886,0.5738775169961728,0.7641111493522923,7.984534647885439,2935.3307513113473,5.0,0.0
45.038299322128296,RAM,0.15003052358600988,0.27120706427908775,0.48946642020993886,0.8603715682322484,7.275444524464885,2727.1969710199955,5.0,0.0
45.05950975418091,RAM,0.15035467079305287,0.2622360637018549,0.5920183782907005,0.9261795350673777,8.04368009850527,2801.7584290151726,5.0,0.0
45.08006143569946,RAM,0.15100633401651647,0.25377997204972147,0.5131236697956831,0.7403407483867869,8.247491822806788,2872.041211918128,5.0,0.0
45.100680112838745,RAM,0.15199337904967936,0.24554454105391282,0.5433869832740431,0.8191677761802055,7.271647518927555,2676.6951757214515,5.0,0.0
45.121227502822876,RAM,0.15330814505122103,0.23759882451037284,0.5540680636891768,0.6934361071919433,8.029520131714783,2928.466919665829,5.0,0.0
45.14173746109009,RAM,0.15494892762551415,0.22994104750494082,0.5718806662786025,0.86560034299066,7.553744055311991,2662.4366170363364,5.0,0.0
45.16239023208618,RAM,0.15693110829095624,0.22251908006331167,0.552718647747009,0.9369594835025961,7.345345862256195,2753.097142735217,5.0,0.0
45.182952880859375,RAM,0.159231710325275,0.21543026877229385,0.5577566775566488,0.7148729917415995,7.601870313871819,2785.633930316632,5.0,0.0
45.20347833633423,RAM,0.16185143799356316,0.20866554325569997,0.5154317519300173,0.7507798506403894,8.30333723035192,2793.9232337590115,5.0,0.0
45.22438454627991,RAM,0.16484922863429963,0.20210681281788906,0.5207339593078578,0.8047236495874175,7.400335950179048,2813.658490433214,5.0,0.0
45.244791984558105,RAM,0.1680933861212321,0.1960381144818053,0.5949271113330997,0.6715116013685047,7.836321430278255,2763.834928576644,5.0,0.0
45.2654025554657,RAM,0.1716854696431635,0.19025385458875815,0.5440390062633672,0.7089405679762235,7.830260505042795,2729.584436540905,5.0,0.0
45.285837173461914,RAM,0.17555666593182806,0.1848707450130938,0.543344937649772,0.7489392749888426,8.342718558845714,2895.74785621076,5.0,0.0
45.306405544281006,RAM,0.17976099522797617,0.17981523395639712,0.542451691440538,0.732778349370549,8.59661744167994,2690.3850927326275,5.0,0.0
45.32709860801697,RAM,0.18429838644119345,0.17510503675475442,0.5449341984182979,0.6630921870585311,8.115645389683817,2832.5429750513254,5.0,0.0
45.34760236740112,RAM,0.18909426205605712,0.1708177853236377,0.5724053573939136,0.9124501189044828,7.596279322998977,2665.0073117948,5.0,0.0
45.3682906627655,RAM,0.19423133392096342,0.16688252902640463,0.5694046225608489,0.7063184828979374,7.892129073461367,2923.6126444487745,5.0,0.0
45.38900947570801,RAM,0.19967106823856762,0.16334139960164779,0.5474967363531557,0.680485966391051,7.366934628615486,2948.353186385009,5.0,0.0
45.409759521484375,RAM,0.20540970726134766,0.16020215690580833,0.49675359681865505,0.8551256862126788,7.586718992728558,2673.8004753439404,5.0,0.0
45.43090271949768,RAM,0.21155056780584192,0.15742821079123254,0.5524847999594431,0.7445082567810986,8.17104566535897,2744.0020549733113,5.0,0.0
45.45159149169922,RAM,0.21784030913914282,0.15513366002241594,0.4700252368121926,0.7951620312474357,7.615144506608629,2917.6656639519847,5.0,0.0
45.47208642959595,RAM,0.22433904818009043,0.15327390019462303,0.5480360890989993,0.7415814632522831,7.853857738759265,2863.110327913227,5.0,0.0
45.49267935752869,RAM,0.23113122541368347,0.15182271374565176,0.5400666886015861,0.8929330317035117,8.687181386681715,2855.6583520465483,5.0,0.0
45.51410889625549,RAM,0.2384716124938397,0.15075951388384662,0.49792484826817135,0.6965842023250131,8.155805558837786,2754.7527252512796,5.0,0.0
45.53437519073486,RAM,0.24566227622454906,0.15017516666192937,0.4800285203173824,0.8607514777092764,8.044818432919058,2866.852179737917,5.0,0.0
45.55454230308533,RAM,0.25305105982285797,0.15000104954770307,0.49001388256571904,0.7932155127130209,8.388271256122295,2882.3175170809923,5.0,0.0
45.574970722198486,RAM,0.2607659272093171,0.15023926875149893,0.4793405707283965,0.6680017200843593,7.5336793635719514,2691.108752954676,5.0,0.0
45.59526038169861,RAM,0.2686507409453608,0.15088849713961344,0.5076569680125427,0.6766752180756515,8.68395952930935,2864.363587984479,5.0,0.0
45.61583614349365,RAM,0.2768655278576775,0.15196573959280343,0.48976059432020136,0.7793793528947612,8.972938413335479,2861.6034096642893,5.0,0.0
45.636430501937866,RAM,0.28530055831180035,0.1534644983231324,0.4789735272567942,0.7661085869865844,8.345378710701363,2889.017098494072,5.0,0.0
45.65728211402893,RAM,0.29404964311588166,0.1554080249524868,0.5824281544904882,0.8944000915590511,8.894696766818715,2719.8316427659884,5.0,0.0
45.67787480354309,RAM,0.30288784567064186,0.15774486739303367,0.5145680454828683,0.9326180203852773,7.589643888091222,2865.7205295426916,5.0,0.0
45.69834780693054,RAM,0.31186111626951374,0.1604754252089701,0.5935083175165015,0.6773621764080258,8.579011761669605,2874.070066538998,5.0,0.0
45.71905755996704,RAM,0.321118624203593,0.16364605584698824,0.59438732815087,0.8203530738544492,8.243144993609308,2668.0469489471693,5.0,0.0
45.73955726623535,RAM,0.3304522604032125,0.1671838264376456,0.5500584442424283,0.7997758951366113,7.883815718405595,2936.8753363538244,5.0,0.0
45.76027846336365,RAM,0.34004961805700573,0.1711574601121571,0.5842794498781884,0.9076130632755605,8.681415515370263,2681.967991694602,5.0,0.0
45.780975341796875,RAM,0.34978995598747353,0.17551871602188948,0.5674189231652625,0.6642876851644779,9.143236907178188,2884.9743170339043,5.0,0.0
45.80126929283142,RAM,0.35948129121128636,0.18016854038758987,0.46595678118490963,0.8352869144789489,9.056373070115738,2850.2917595012805,5.0,0.0
45.82216453552246,RAM,0.3695957238194247,0.18533439873136842,0.4666392196992636,0.8974282357206371,9.20845323525147,2723.7975871804806,5.0,0.0
45.842923164367676,RAM,0.3797708914809067,0.19083768193962009,0.4543623433694123,0.9480876385461167,8.958857505127831,2845.255301909464,5.0,0.0
45.863540172576904,RAM,0.38999203515974284,0.19666023991949846,0.5823845672794354,0.6974309949503894,8.233198004147019,2656.1366629901045,5.0,0.0
45.88400721549988,RAM,0.4002429120532365,0.20278238597934414,0.4627312391946488,0.6554291406357268,9.172477015749775,2696.6564167347306,5.0,0.0
45.904836654663086,RAM,0.4107717633000684,0.2093521070155797,0.4784331732860111,0.9187325786614202,7.978899895126188,2722.73725610811,5.0,0.0
45.92539119720459,RAM,0.4212470852607477,0.2161594694281967,0.5161898272921899,0.7000089995945695,9.29447000825023,2806.850844607708,5.0,0.0
45.94585204124451,RAM,0.43174901583213465,0.2232443361916016,0.5597715386813233,0.8285663569463272,8.352365025628428,2684.765170422578,5.0,0.0
45.96682858467102,RAM,0.4425822875689255,0.23081489847985293,0.5912495088865083,0.780074187478345,8.98485730682386,2751.891814048457,5.0,0.0
45.987309217453,RAM,0.45321437067715886,0.23849384546454136,0.4950941333174263,0.8313258710805786,9.394068205078602,2713.3763704577973,5.0,0.0
46.00779747962952,RAM,0.4638945895610599,0.24644674398513142,0.4749320595766712,0.7869368214044328,9.286062148550165,2871.5660652829,5.0,0.0
46.02867889404297,RAM,0.4748147720639338,0.25481742088342285,0.504353373820692,0.677545031956827,9.513101132387852,2747.051440060234,5.0,0.0
46.049196004867554,RAM,0.48556856227499523,0.2632887389137578,0.5646355229902305,0.8842955641755285,9.067381946878413,2766.205273173752,5.0,0.0
46.069600105285645,RAM,0.49627669286334497,0.27194168751167747,0.47860774630423264,0.7679170366535569,8.45663878003594,2689.7984858161876,5.0,0.0
46.09039759635925,RAM,0.5071947986301831,0.2809808009544989,0.562898567951639,0.765387459917501,9.788306020220386,2849.832653434607,5.0,0.0
46.11089515686035,RAM,0.5179486484081456,0.2900910898703281,0.5074468715592106,0.9245210370992903,8.419775111574467,2864.1758247329917,5.0,0.0
46.13129258155823,RAM,0.5286331372368381,0.299340233712913,0.4734467714782265,0.6760963861301957,8.601693914576925,2928.2841341873445,5.0,0.0
46.15181016921997,RAM,0.5393535101497902,0.30881281388757065,0.5733130275106599,0.7040648199738203,8.795705646683555,2713.541474722282,5.0,0.0
46.17226266860962,RAM,0.5500027903438724,0.31840815849949006,0.5540231256133831,0.7434579904780944,9.78443962917963,2901.4610409210345,5.0,0.0
46.1924262046814,RAM,0.5604555925263263,0.3280016327601122,0.5624884809529127,0.8970058922286398,8.62046637674014,2742.6001059639875,5.0,0.0
46.21335744857788,RAM,0.5712477499962884,0.33808400232907987,0.47610039360511824,0.7632411222357167,9.175447655191071,2944.2328540202084,5.0,0.0
46.2342483997345,RAM,0.5819491143008821,0.34825515157595494,0.5757912732517942,0.9313658348049608,8.70700198480895,2921.8060097670445,5.0,0.0
46.2546067237854,RAM,0.5923003124490985,0.35825402203415835,0.45711796872810107,0.7705942766601992,9.84113723360013,2692.9093959904726,5.0,0.0
46.27550792694092,RAM,0.6028379089109868,0.36859136156935696,0.5930362346363911,0.9451718390757538,8.881831660849114,2757.1475079550337,5.0,0.0
46.296250343322754,RAM,0.6131955509463055,0.3789044665704884,0.46691672909293275,0.8816585460402176,8.96705795804557,2744.9470169230794,5.0,0.0
46.316864013671875,RAM,0.6233803716153306,0.38918955843380243,0.47795007154169716,0.7505549320844276,9.882111365968585,2681.7933399209523,5.0,0.0
46.33750534057617,RAM,0.6334606632315876,0.3995068503831808,0.505325135143695,0.7373478080808731,9.405296815671257,2844.3824030535807,5.0,0.0
46.35776400566101,RAM,0.6432297419825145,0.40963379670964,0.48674040910220345,0.6589270845377673,9.884456397626217,2808.4470434216114,5.0,0.0
46.378567934036255,RAM,0.653124032950036,0.42001669804831887,0.5909971409756605,0.9039566706509865,9.820292201434553,2843.5467885889525,5.0,0.0
46.39933753013611,RAM,0.662853268427885,0.4303479120860853,0.47138760305448957,0.7797851329375979,9.544415571429209,2923.891578504075,5.0,0.0
46.41981911659241,RAM,0.6722928522722522,0.4404846708423191,0.5434050569095478,0.9307300480415364,10.481475309101228,2787.9617263313858,5.0,0.0
46.440274715423584,RAM,0.6815581636308254,0.4505407811207583,0.5577117621984805,0.7209552913046405,9.657570689923304,2690.652907452771,5.0,0.0
46.4606192111969,RAM,0.6906036382429975,0.46045841063273163,0.45478622457327855,0.8535357397239471,10.29122671704863,2901.0372275660175,5.0,0.0
46.48140811920166,RAM,0.6996632948528566,0.4704891777605177,0.5152446978693289,0.895719909654873,10.392791195947193,2681.274202148078,5.0,0.0
46.501853942871094,RAM,0.7083841264290617,0.4802356583063787,0.5381076334855285,0.7181206952380781,10.051924202056044,2808.9408784428965,5.0,0.0
46.52212715148926,RAM,0.7168378444500002,0.48976744696252394,0.4828228975296618,0.88756064842565,10.485625077822462,2792.093881294201,5.0,0.0
46.542922496795654,RAM,0.7253009001955341,0.49939128074477424,0.5886666988313021,0.7470625067151929,10.376929188113046,2921.0091851498933,5.0,0.0
46.56346321105957,RAM,0.7334451700520129,0.5087285837711688,0.5474276076464213,0.8438063854750758,9.768780151938937,2826.07695492079,5.0,0.0
46.58415079116821,RAM,0.7414236736671909,0.5179471648888547,0.5942571488060346,0.7856728771260789,9.730964018346334,2809.0986563652104,5.0,0.0
46.604933977127075,RAM,0.7492049643766189,0.5270050377409973,0.5056041315120507,0.7073486678272738,9.77947868657132,2769.7565781910325,5.0,0.0
46.62528872489929,RAM,0.7565911583038598,0.5356636227568725,0.49707858705341085,0.895649828578281,11.115218060006667,2671.786846202424,5.0,0.0
46.64582014083862,RAM,0.7637991394009271,0.5441695839237982,0.5149346674094323,0.6731616100977633,11.24401194413938,2848.9940332158576,5.0,0.0
46.66673517227173,RAM,0.7708845147206497,0.5525844705256233,0.5102408613649494,0.8799017872558187,9.858473247042628,2762.4793229870943,5.0,0.0
46.68753457069397,RAM,0.7776663436622242,0.5606881233243628,0.5299709168014431,0.913919932019715,10.264773777664553,2915.0251085296854,5.0,0.0
46.708317279815674,RAM,0.7841728038395199,0.5685075877356531,0.522576324395384,0.6895367384079008,11.020732807454365,2814.3635020277316,5.0,0.0
46.72890782356262,RAM,0.790346796356582,0.575967728980801,0.5064548435461481,0.9160378905529295,10.929192610541946,2898.2096826635125,5.0,0.0
46.74917149543762,RAM,0.7961524174095425,0.5830181941368706,0.5112685425280333,0.820033426075857,11.502618177501077,2891.253989887151,5.0,0.0
46.76947045326233,RAM,0.8016938397054174,0.5897795845618834,0.4919720798552556,0.6829858929372639,10.652182414995606,2655.490121455676,5.0,0.0
46.78977870941162,RAM,0.8069579264487512,0.5962311056050913,0.5447546732312276,0.9301496442690449,11.08547889942787,2931.9802165356955,5.0,0.0
46.81069850921631,RAM,0.8120826656603215,0.6025383488643087,0.5841501120274388,0.695144491441263,11.337580953246006,2813.5167971052447,5.0,0.0
46.83166313171387,RAM,0.8169101153261742,0.6085034560651259,0.4856156189350132,0.7412993207776316,11.132096213210241,2868.416563233052,5.0,0.0
46.85188102722168,RAM,0.8212688440890782,0.6139090490453601,0.48108881775139584,0.9296299559342688,11.660416519042668,2653.7946124944606,5.0,0.0
46.872244119644165,RAM,0.825360222032505,0.6189999613001806,0.5254615358231107,0.8877593188635878,11.756152197899624,2814.718818905916,5.0,0.0
46.89279270172119,RAM,0.8291811684418258,0.6237690571118711,0.5740083370176131,0.8088255924922473,11.331808022683731,2775.8143831544003,5.0,0.0
46.91332936286926,RAM,0.8326874572721887,0.6281578288706217,0.4820670768072011,0.7683939680453366,10.846628080408813,2769.2330519590982,5.0,0.0
46.93388366699219,RAM,0.835880672569084,0.6321650207341253,0.5170698386470937,0.9227074253733685,11.085999943197317,2683.1373707067933,5.0,0.0
46.95439052581787,RAM,0.8387483679846782,0.6357720403402766,0.5581092093051595,0.686361076629846,10.755986590794704,2756.6690033005134,5.0,0.0
46.9745237827301,RAM,0.8412520416716001,0.638927607052791,0.5649233209466815,0.9111284112644147,11.360245895299624,2795.2417223094176,5.0,0.0
46.994945764541626,RAM,0.8434736737350301,0.6417326891240003,0.49649333478366775,0.6837683204843181,11.341550654620868,2921.397123833442,5.0,0.0
47.01551175117493,RAM,0.8453852669893261,0.644150056847298,0.49685466797566397,0.8554965409260473,12.034937842134287,2927.8578071942356,5.0,0.0
47.03608274459839,RAM,0.8469685423363869,0.6461548575483116,0.482689608891331,0.7357010512946057,12.381949869477198,2674.9403821737646,5.0,0.0
47.056458950042725,RAM,0.8482111760701873,0.6477299836362759,0.5454729630061683,0.713072878941519,12.148428525778467,2673.840721886258,5.0,0.0
47.07716965675354,RAM,0.8491408851642287,0.6489094077790891,0.48160842680390814,0.9051012669050559,11.25677657190386,2772.9221722175803,5.0,0.0
47.097460985183716,RAM,0.8497250085501891,0.6496508400774188,0.4887192925488773,0.6722058318948541,11.808461151162437,2719.3989273972693,5.0,0.0
47.11791467666626,RAM,0.8499859423745795,0.6499821491400272,0.5771863282319967,0.8928521679782444,11.858431619003746,2675.253378875431,5.0,0.0
47.13818645477295,RAM,0.8499195228571128,0.649897809848793,0.5610389096038485,0.825281743889295,12.359518053799588,2737.397515486345,5.0,0.0
47.15866684913635,RAM,0.8495238898488162,0.6493955223131703,0.49322803574796414,0.8312372398675222,12.189378152212058,2906.921010230617,5.0,0.0
47.18090200424194,RAM,0.8487209383532484,0.6483765645803811,0.5160296097639023,0.8355478139971518,12.674419987509033,2790.3058488709753,5.0,0.0
47.20144248008728,RAM,0.8476344924696968,0.6469988152411968,0.5394914795876733,0.7225993676843261,12.265059392299813,2658.22299191591,5.0,0.0
47.22209024429321,RAM,0.8462098007794324,0.6451938157912712,0.5091620104381384,0.7335478705257499,12.948205469557404,2750.019675758661,5.0,0.0
47.242518186569214,RAM,0.8444734826075612,0.6429965983182406,0.5082660795564529,0.8350524444176342,12.918612754290784,2875.7849402842726,5.0,0.0
47.263500928878784,CLOSE_IN,0.8423533209542025,0.6403175208020917,0.5854950623620921,0.6547710860171962,13.160959189110327,2846.523774164327,3.5,-0.2
47.28376030921936,CLOSE_IN,0.8399844449214824,0.6373292139013869,0.5000693348234333,0.7332219929065817,12.99273280369918,2940.8596686216033,3.5,-0.2
47.30455541610718,CLOSE_IN,0.8372264372666482,0.6338567596101028,0.5855714360237285,0.6661019000528565,13.028388482457805,2866.6876589355734,3.5,-0.2
47.32498288154602,CLOSE_IN,0.8341977328850563,0.630051866167146,0.4675827876099866,0.7053522639545822,12.525241338911123,2825.172417980451,3.5,-0.2
47.345508337020874,CLOSE_IN,0.830838495620081,0.6258420327646788,0.5030129584279855,0.747797242022745,13.339507226937748,2860.4731706424955,3.5,-0.2
47.36618757247925,CLOSE_IN,0.8271369850379594,0.6212158601624094,0.5865836350540452,0.7773230345348595,12.357701057296824,2821.329146033127,3.5,-0.2
47.3868088722229,CLOSE_IN,0.8231324267391765,0.6162258881747243,0.5700695277609287,0.8486165230419983,12.402999205980407,2852.8737507755623,3.5,-0.2
47.40716528892517,CLOSE_IN,0.8188760776532813,0.610939292743003,0.5865406907257144,0.7154129210000897,12.960144552196189,2792.383154527798,3.5,-0.2
47.42793035507202,CLOSE_IN,0.8142280152965728,0.6051864455240182,0.5968914496616269,0.6814322057240377,12.380907982230308,2711.21257378323,3.5,-0.2
47.44848680496216,CLOSE_IN,0.8093263815693998,0.5991428297021211,0.4526801959428902,0.7988164559588578,13.256553442635928,2697.393261823375,3.5,-0.2
47.46902132034302,CLOSE_IN,0.8041363696999249,0.5927696395098692,0.5882280721206476,0.7924787984938998,12.865243887642563,2710.4019134853324,3.5,-0.2
47.489644050598145,CLOSE_IN,0.798633681058976,0.5860418965933374,0.5247649044060257,0.893797811846809,13.55146293088314,2718.360624260384,3.5,-0.2
47.510109663009644,CLOSE_IN,0.7928904138426607,0.5790525402037637,0.5585212404628028,0.8339763639482285,13.87940231323707,2778.533615922919,3.5,-0.2
47.5303053855896,CLOSE_IN,0.7869523010485526,0.5718612742398026,0.5287593954019503,0.7356911890093705,13.979754917562394,2917.340713650509,3.5,-0.2
47.550822019577026,CLOSE_IN,0.7806502360285454,0.5642687383614882,0.538873659182221,0.7136008463534292,13.385844158767082,2892.5956623144148,3.5,-0.2
47.571123361587524,CLOSE_IN,0.7741526674057351,0.5564836222247884,0.4826882890050669,0.7624483952841339,13.534326400674255,2770.8940640725173,3.5,-0.2
47.59168195724487,CLOSE_IN,0.7673137285582565,0.5483370480805934,0.5571687354281695,0.6653383692573329,13.41068293049993,2882.344924433825,3.5,-0.2
47.6119110584259,CLOSE_IN,0.7603362526502897,0.5400762154903307,0.5803936242420749,0.7338301220621,13.696913375655381,2840.2073776590646,3.5,-0.2
47.63326120376587,CLOSE_IN,0.7527122604592813,0.5311092019272938,0.451219987349442,0.7265819246725748,13.870670797430149,2911.0556700333163,3.5,-0.2
47.65392541885376,CLOSE_IN,0.7450863200295939,0.5222024856818508,0.513583563662947,0.7334023943417656,14.271253996951433,2665.8954574092554,3.5,-0.2
47.674243211746216,CLOSE_IN,0.737358617235431,0.5132415221825904,0.5921685892246092,0.6733567436957388,13.601207610096838,2938.914005863265,3.5,-0.2
47.69479537010193,CLOSE_IN,0.7293175268010922,0.503987041074183,0.4510040350025726,0.742502209859024,13.773717449589984,2766.9904930675148,3.5,-0.2
47.71541714668274,CLOSE_IN,0.721030176774928,0.4945246676994898,0.5728701659842397,0.7362444146464714,13.131137819637066,2902.967763321016,3.5,-0.2
47.73581910133362,CLOSE_IN,0.7126230370775849,0.48500489825662413,0.5300142430964866,0.7258648958828844,13.475654539459063,2931.207725801039,3.5,-0.2
47.756269693374634,CLOSE_IN,0.7039960346022629,0.47532043040312205,0.47492465633173236,0.8897806174377865,13.701644698736764,2854.4383150709523,3.5,-0.2
47.77687644958496,CLOSE_IN,0.6951090246464078,0.4654346191906503,0.5639901978636142,0.7165524891908641,14.609007405100087,2794.3901272380685,3.5,-0.2
47.797362327575684,CLOSE_IN,0.6860893662230249,0.4554966122610909,0.5835254873383551,0.678954336696558,13.70141128571461,2906.390629832849,3.5,-0.2
47.81792163848877,CLOSE_IN,0.6768607378356024,0.4454293523732149,0.5645332930686534,0.6816015242367638,14.426501070298505,2883.332899818196,3.5,-0.2
47.83857989311218,CLOSE_IN,0.6674183054241666,0.43523631672867974,0.45418477512955824,0.9192653885964959,13.628177422242564,2913.6505800994382,3.5,-0.2
47.859087228775024,CLOSE_IN,0.6578858446395384,0.4250582199541376,0.5400628327804139,0.817018462105326,14.14063848255321,2869.5757114920434,3.5,-0.2
47.87977075576782,CLOSE_IN,0.648120194273136,0.41475003478655265,0.5873785180638491,0.7638170197197032,14.071395090935482,2654.6794389668617,3.5,-0.2
47.90035080909729,CLOSE_IN,0.6382618864923987,0.4044683411320604,0.5561679637214343,0.8949940801878737,13.806546033559709,2835.817434779998,3.5,-0.2
47.92063021659851,CLOSE_IN,0.6284186746980496,0.39432936169108646,0.46488664356104425,0.813694142273447,13.857810021998532,2872.6950910799833,3.5,-0.2
47.9412362575531,CLOSE_IN,0.6182952666240856,0.38403672242835357,0.4856146369641992,0.8344104530020491,14.188239603920714,2794.5187170358504,3.5,-0.2
47.961663246154785,CLOSE_IN,0.6081482580360713,0.3738602257052859,0.561372335642679,0.8483968680519987,13.980573604854257,2930.587215162842,3.5,-0.2
47.982285022735596,CLOSE_IN,0.5978015377084895,0.36363099079025424,0.5329551475501779,0.7436960562932167,15.201006723339816,2749.9887936414484,3.5,-0.2
48.00308394432068,CLOSE_IN,0.5872711848719236,0.3533765903812273,0.5258702694877689,0.6691009878295482,14.064457038358729,2871.1799007146915,3.5,-0.2
48.023701190948486,CLOSE_IN,0.5767489552690686,0.3432913204780234,0.5515674704682342,0.7175452298702077,14.697173978700041,2702.201985922657,3.5,-0.2
48.04471707344055,CLOSE_IN,0.5659478047358456,0.3331103853784112,0.5466512559707,0.7722385278635334,14.523141166101635,2868.181169592698,3.5,-0.2
48.06555247306824,CLOSE_IN,0.5551746946603596,0.32313346974871415,0.4800175910536307,0.9437801064186556,13.995430559659598,2846.4083396627357,3.5,-0.2
48.08608603477478,CLOSE_IN,0.5445048798910697,0.31343157647116804,0.5715414348053839,0.941567897577852,15.48140073300904,2779.808823395972,3.5,-0.2
48.106603384017944,CLOSE_IN,0.5338013201786734,0.30388314419330176,0.4960486728647303,0.9194320423962551,14.25169481895594,2655.8186667990603,3.5,-0.2
48.12712359428406,CLOSE_IN,0.5230642488395882,0.29449523835091085,0.5820857754458021,0.9486857556504781,14.791539752592923,2822.766195744858,3.5,-0.2
48.147687911987305,CLOSE_IN,0.5122821853995051,0.2852654164657095,0.5728950063306324,0.7116994354352737,14.85778692609371,2795.6167833714126,3.5,-0.2
48.168336153030396,CLOSE_IN,0.5014443769571254,0.2761931916790917,0.5372369694353345,0.7371570972887229,14.466209595008877,2733.4862870200295,3.5,-0.2
48.1887993812561,CLOSE_IN,0.4907022801443256,0.26741049237608244,0.5955628572588076,0.9279454175369737,15.10318872894481,2728.4269346296146,3.5,-0.2
48.20904541015625,CLOSE_IN,0.4800827865119191,0.2589394937591134,0.4994992941820098,0.9485974127403227,14.990455595898979,2681.9581453405804,3.5,-0.2
48.22937870025635,CLOSE_IN,0.4694360233103717,0.25066475383578835,0.5668026331216612,0.7107090198966156,14.823426406666766,2678.7578497021736,3.5,-0.2
48.2496440410614,CLOSE_IN,0.4588531157116671,0.24266334722596317,0.5341730205487937,0.8193319142813114,15.598563354723861,2758.963833748968,3.5,-0.2
48.27033066749573,CLOSE_IN,0.44808948739118554,0.234762236729073,0.5556613558879628,0.6571798733600067,15.07190707904145,2703.9276310922387,3.5,-0.2
48.29110097885132,CLOSE_IN,0.43733261237291243,0.22711370435688266,0.5736773649139787,0.7349619409156474,15.068007376740763,2836.9421210620485,3.5,-0.2
48.3116455078125,CLOSE_IN,0.42675246806024314,0.21984171668044844,0.5493761887798407,0.7874282904986906,14.658487267020933,2924.310247832882,3.5,-0.2
48.33219337463379,CLOSE_IN,0.4162401781173226,0.212872742654179,0.47826468637098696,0.6776986573913999,14.970009415663982,2808.6276837311116,3.5,-0.2
48.35269331932068,CLOSE_IN,0.4058316834619449,0.20623489556599917,0.5624172963120666,0.8660024015336125,15.489984715227216,2829.6170226038716,3.5,-0.2
48.373351097106934,CLOSE_IN,0.3954331425629918,0.19987541281884508,0.49370144877691846,0.7942642173290344,15.147375916871933,2732.22318125748,3.5,-0.2
48.39388608932495,CLOSE_IN,0.38519588996231274,0.1938922289648017,0.5931219802035461,0.716188935420965,15.326262362997724,2759.508381358675,3.5,-0.2
48.41439962387085,CLOSE_IN,0.3750780773446081,0.18826235123759594,0.5226356306335127,0.8072577644612249,14.968859426399725,2879.738891555746,3.5,-0.2
48.43459343910217,CLOSE_IN,0.36523342806864,0.18306823710097825,0.5861244500302153,0.7002689836133905,15.330736691841675,2868.0966761658437,3.5,-0.2
48.45510911941528,TRACK,0.35535853003863027,0.17815368496362638,0.5883665307179875,0.7881694720709951,16.098078319504488,2826.2154215358314,0.17356976395364368,0.3218463150363736
48.47543239593506,TRACK,0.3457112592922401,0.17365340426754325,0.5354168612255025,0.9384660472719808,15.299631642179968,2802.0221673038836,0.18514648884931187,0.3263465957324567
48.49588704109192,TRACK,0.3361464155567601,0.16950158761599468,0.5177328004654922,0.7016628247158252,16.175208560269876,2735.692562294118,0.19662430133188785,0.33049841238400535
48.51661491394043,TRACK,0.3266111886409211,0.165687805456122,0.4633307194065577,0.6580274522812735,15.765230768222176,2821.4739457735905,0.20806657363089467,0.334312194543878
48.53723096847534,TRACK,0.3172936319034315,0.16229396047756797,0.5568699141627286,0.7529497513131956,15.737328156829452,2727.2714594732834,0.21924764171588218,0.33770603952243206
48.55745506286621,TRACK,0.3083229270555613,0.15935722153728632,0.47956507554366934,0.8560758461538525,15.079454406350298,2708.8368635781235,0.23001248753332643,0.3406427784627137
48.57787203788757,TRACK,0.29944560795065567,0.15679178911520678,0.5021781863994623,0.7283344289743475,16.087623269404222,2871.1143088739427,0.24066527045921318,0.34320821088479325
48.59929895401001,TRACK,0.2903315859416351,0.15453557569648266,0.5834315118314102,0.7363606195893758,15.745396184112625,2778.782804669649,0.2516020968700379,0.3454644243035173
48.619834661483765,TRACK,0.2817997679091454,0.15279614333717584,0.48645768051472116,0.7751029496933918,16.08890374574464,2890.1695111212834,0.2618402785090255,0.34720385666282416
48.6405770778656,TRACK,0.2733922584042263,0.15146246669511068,0.5312515235997283,0.7564362202879449,16.161965934273912,2886.1768723574396,0.27192928991492843,0.34853753330488935
48.661587715148926,TRACK,0.2650996908312258,0.15054755256137672,0.5392479786938694,0.9215826405369403,15.128485211881408,2837.7311793372437,0.281880371002529,0.34945244743862325
48.682101011276245,TRACK,0.2572284331312367,0.15007918843383072,0.5184470618053706,0.8745139245125202,15.100894854933863,2775.7585287092543,0.29132588024251593,0.3499208115661693
48.70711946487427,TRACK,0.24794029389983685,0.1500772899172523,0.5754299019482109,0.928982739191342,16.405646005103982,2922.2950191524205,0.30247164732019577,0.34992271008274767
48.72769069671631,TRACK,0.24056853578519782,0.15054445295668764,0.5279527258288239,0.7147862508133882,16.343032386275024,2820.326922087586,0.3113177570577626,0.3494555470433124
48.74806213378906,TRACK,0.2335117629088001,0.15142314657177264,0.5235284613129955,0.8523148240612851,15.13703466836865,2817.53637400464,0.31978588450943984,0.34857685342822736
48.768798828125,TRACK,0.22658404539677907,0.15274132136774154,0.5839756042598245,0.7028451217471545,15.79402481553169,2902.884745641598,0.3280991455238651,0.34725867863225846
48.78902554512024,TRACK,0.2200814869729904,0.15443677677315956,0.48539532770712274,0.8642639165338559,15.143080811202912,2657.6683986806834,0.3359022156324115,0.3455632232268404
48.80948352813721,TRACK,0.21376668939042653,0.1565603268240785,0.49951201754358315,0.7441567570737112,15.307458518304301,2854.8404396228593,0.34347997273148817,0.3434396731759215
48.830331325531006,TRACK,0.20760887910611303,0.15914352336205306,0.5405269249894783,0.8403387396507257,15.2096646484402,2914.8268162127715,0.3508693450726644,0.34085647663794694
48.85082960128784,TRACK,0.2018330368649825,0.1620916427743475,0.5610946721453891,0.6908990034445177,16.517556381349383,2912.0110855315716,0.357800355762021,0.3379083572256525
48.87148356437683,TRACK,0.19629842496108574,0.1654665066138357,0.539184326967111,0.8237038874408735,16.434980973534728,2777.4273622173205,0.3644418900466971,0.33453349338616434
48.89202308654785,TRACK,0.19108352741475032,0.16921950082671602,0.4720521822309219,0.8941177915609144,15.669925381940741,2854.1964756566967,0.3706997671022996,0.330780499173284
48.91248869895935,TRACK,0.1861790128875353,0.17334628365022653,0.4886079895740489,0.6582860291078307,15.834321912318488,2883.248330296074,0.37658518453495765,0.32665371634977347
48.93305420875549,TRACK,0.1815484537066268,0.17787565731021462,0.5570006007115744,0.7880316012363565,15.304444580369905,2907.385015956712,0.3821418555520478,0.3221243426897854
48.95376014709473,TRACK,0.17719241519637208,0.1828155258495693,0.5586961401124898,0.7731254176347914,16.12838502371287,2760.9408908866317,0.3873691017643535,0.3171844741504307
48.974446296691895,TRACK,0.17315146543090926,0.18812254837429215,0.4718257853633865,0.8092301342302184,15.507642635173962,2921.108481239987,0.3922182414829089,0.31187745162570785
48.99509620666504,TRACK,0.1694314350693759,0.1937819388248058,0.5130878626079625,0.7725228162662686,15.697040536680353,2791.3078759945474,0.39668227791674887,0.30621806117519423
49.0154492855072,TRACK,0.16607519330476722,0.19970417031617096,0.5705158498500373,0.923393950691269,15.365735662981626,2845.7589575021393,0.4007097680342793,0.30029582968382906
49.03602886199951,TRACK,0.16299804005316249,0.20602967081349305,0.512166788964608,0.9392256200104757,15.361538652716954,2779.711952036198,0.404402351936205,0.29397032918650695
49.05623269081116,TRACK,0.16028942310194022,0.212559355038637,0.5937548833615843,0.6597057256850923,15.27147894533227,2929.1592761722436,0.4076526922776717,0.287440644961363
49.076674461364746,TRACK,0.15786642786138616,0.21947733014998747,0.5313621091852802,0.7944364150569275,16.449459694624572,2864.68853543995,0.4105602865663366,0.2805226698500125
49.09709358215332,TRACK,0.15576723044428348,0.2266888383198275,0.510572104666267,0.7150469585631932,16.116355776236524,2945.4568282673845,0.4130793234668598,0.2733111616801725
49.11756730079651,TRACK,0.15398662294831555,0.2342097797137286,0.5525987274988737,0.733009454839112,16.34176834861379,2687.6423399657533,0.4152160524620213,0.2657902202862714
49.137792110443115,TRACK,0.1525480440600699,0.24191222927114736,0.5041392942636577,0.7864877390253279,15.950960185191525,2845.2264312736747,0.4169423471279161,0.25808777072885264
49.158650159835815,TRACK,0.15139936082110272,0.2501265981053581,0.5152645555459066,0.9333383718892986,15.694165444683298,2856.2112832084167,0.41832076701467674,0.2498734018946419
49.17950630187988,TRACK,0.15059194650372104,0.2586009572636725,0.5069122873807953,0.9059947236339722,16.677792837853538,2812.6818144457047,0.41928966419553476,0.2413990427363275
49.19994521141052,TRACK,0.15013242725825154,0.26714453642414737,0.4578754363868164,0.6949505326674978,16.25324881481038,2793.0694914975193,0.4198410872900981,0.23285546357585263
49.2207453250885,TRACK,0.1500023836262776,0.2760669017258302,0.5150476583649646,0.8127765676886447,16.434232542287614,2737.48997611989,0.41999713964846686,0.2239330982741698
49.24145293235779,TRACK,0.15021132697005513,0.285162625471845,0.5462780884725086,0.8273562679246732,15.803982210413665,2764.94558933274,0.41974640763593385,0.214837374528155
49.2619309425354,TRACK,0.15074981661146825,0.29435123723301626,0.5315647121316527,0.9105418805179233,15.761079400003691,2665.706203545003,0.4191002200662381,0.20564876276698374
49.2827525138855,TRACK,0.15163517869028365,0.3038755914111845,0.596161564147635,0.822219712841767,16.35703931091052,2825.1140277188283,0.4180377855716596,0.19612440858881552
49.30325937271118,TRACK,0.15283928769444666,0.3134189803719841,0.4507148437433818,0.6730003325886327,15.20357060159703,2752.7139436620005,0.416592854766664,0.18658101962801588
49.32388496398926,TRACK,0.154381679720986,0.3231644796997105,0.49725399866195075,0.8173998915884225,16.424031453639298,2672.405591459863,0.4147419843348168,0.17683552030028948
49.34468126296997,TRACK,0.156271744483378,0.3331229477045071,0.5101089662279823,0.9480181992815763,15.82421613231717,2871.799680291005,0.4124739066199464,0.16687705229549288
49.36546063423157,TRACK,0.15849431574401723,0.3431888501425301,0.5399588531809634,0.7270021276117941,16.349007057759035,2824.772782944471,0.4098068211071793,0.1568111498574699
49.38580918312073,TRACK,0.16099232545405356,0.35314124782447937,0.5217035572120094,0.6929768141104821,16.489805984379714,2791.893261828498,0.4068092094551357,0.14685875217552063
49.406118869781494,TRACK,0.16380047139637915,0.36315202577785993,0.45845348984568474,0.9082301319401561,15.629501516091748,2690.491470404543,0.403439434324345,0.13684797422214007
49.42732644081116,TRACK,0.16706571345862897,0.3736699947238809,0.5561160526396174,0.6651619779274929,16.10354779917327,2849.9883849057223,0.3995211438496452,0.1263300052761191
49.44838070869446,TRACK,0.17064060502625905,0.3841588271335036,0.5182916349122055,0.7292690697331696,15.66107109628332,2719.7802725362576,0.3952312739684891,0.11584117286649642
49.46887946128845,TRACK,0.17443679065204248,0.3943980525286454,0.47615903109813706,0.6697142240335021,15.509554003348287,2733.1936264811657,0.390675851217549,0.1056019474713546
49.48965620994568,TRACK,0.1785985090064754,0.4047856656272401,0.4801233613595986,0.8100703514041072,15.9784499001358,2804.6789906439076,0.3856817891922295,0.09521433437275989
49.51032257080078,TRACK,0.1830477809622768,0.41510992390911766,0.5875664169766255,0.6927620155757632,16.25788805826684,2733.734273336176,0.3803426628452678,0.08489007609088234
49.53086042404175,TRACK,0.18777111853872636,0.42534445023057915,0.5497031470519654,0.8837110419795432,16.26061499699096,2830.8541474727276,0.3746746577535284,0.07465554976942085
49.551331520080566,TRACK,0.19277396490760929,0.4355031810744949,0.5130776559263438,0.7357799845778247,16.31209492552734,2914.340882685078,0.3686712421108688,0.06449681892550507
49.57193422317505,TRACK,0.19810142286637356,0.44566710549589855,0.49600070311992833,0.7394667590730353,16.17101888945048,2714.840451351711,0.3622782925603517,0.05433289450410145
49.59248757362366,TRACK,0.2037033967777077,0.455729448244095,0.558685627090482,0.9074351857209577,15.30091311808513,2701.7381353876067,0.3555559238667507,0.044270551755905
49.613017559051514,TRACK,0.20958012924828207,0.46568636283571974,0.5304355601248919,0.8873475152397546,15.016456424914267,2746.192963532845,0.3485038449020615,0.034313637164280264
49.63358187675476,TRACK,0.21574276964998607,0.47554891468171046,0.5168718061515766,0.9045755292090089,16.33940940161147,2904.322551749989,0.3411086764200167,0.024451085318289545
49.65397810935974,CLOSE_IN,0.22212219916802722,0.4852046826436231,0.5046794493619613,0.7720516584955912,14.9574619178705,2816.7430035535003,3.5,-0.2
49.674612283706665,CLOSE_IN,0.22884067258707408,0.4948287781449388,0.4594822764277575,0.9086449092934261,15.606243609261448,2933.8641084741157,3.5,-0.2
49.69505524635315,CLOSE_IN,0.235753053082919,0.5042044987555556,0.5394202132916001,0.854242845244531,15.55016634987346,2821.699458941826,3.5,-0.2
49.715431213378906,TRACK,0.24289002166672774,0.5133761952201442,0.5524828962640418,0.9223967688533928,16.205781102262712,2913.576764843858,0.3085319739999267,-0.013376195220144216
49.735920906066895,TRACK,0.25030898771649857,0.5224092149840673,0.4670788599113092,0.7975501784730985,15.336449776508204,2869.540224766133,0.2996292147402017,-0.022409214984067338
49.75666403770447,TRACK,0.2580599258331854,0.5313445390129418,0.5887918072607086,0.9155984097261972,16.002545970014975,2876.082529273442,0.29032808900017754,-0.03134453901294176
49.77692174911499,TRACK,0.2658555902593517,0.5398527228906913,0.5906276752291849,0.7248630034914058,15.57957329593164,2876.127451829567,0.280973291688778,-0.039852722890691306
49.79737877845764,CLOSE_IN,0.27394731271284145,0.5482116386754001,0.48569705385595313,0.8064649665111736,14.622282591113654,2907.261572812201,3.5,-0.2
49.818124771118164,CLOSE_IN,0.28237066235347,0.5564352149759804,0.5814910444594699,0.8885691974010264,15.68582404657195,2650.484574359672,3.5,-0.2
49.839293241500854,CLOSE_IN,0.2911827037426437,0.5645486028921222,0.5181769318878809,0.7221762542552564,15.93155876083415,2668.5587067585648,3.5,-0.2
49.85980248451233,CLOSE_IN,0.2999211977376889,0.5721282010805046,0.5597319086051558,0.7247247414146659,15.079936901910564,2913.857829790179,3.5,-0.2
49.880088567733765,CLOSE_IN,0.30875090230130814,0.5793405114741529,0.5361760925125851,0.7084325588747001,15.249706249794812,2910.8425568333664,3.5,-0.2
49.900771379470825,CLOSE_IN,0.3179355290402599,0.5863899061445133,0.5983034907585958,0.6652928986904914,15.080660170675179,2812.1684177237676,3.5,-0.2
49.921433448791504,CLOSE_IN,0.327285907549152,0.5931138254940567,0.471282955824829,0.6842417473293441,15.763864912115896,2797.532587659602,3.5,-0.2
49.94204926490784,CLOSE_IN,0.3367806959860916,0.5994940770057718,0.573295471077813,0.941756199069248,15.59770834612711,2831.008880603736,3.5,-0.2
49.96257829666138,CLOSE_IN,0.34639061424193096,0.6055105215835737,0.5038321910851349,0.664906260844099,15.76717452058098,2869.8247654018933,3.5,-0.2
49.98335337638855,CLOSE_IN,0.3562639497721184,0.6112463899337581,0.4959726660706786,0.6782606052841945,15.461256773406667,2766.4542111907367,3.5,-0.2
50.00411558151245,CLOSE_IN,0.3662706110011024,0.616614397899177,0.5458785346716932,0.7525036376330339,15.264986282248023,2930.879738356019,3.5,-0.2
50.02466011047363,CLOSE_IN,0.3763000555049614,0.6215585595120181,0.4968739248839698,0.8496840352358802,15.585739667689577,2864.86909540447,3.5,-0.2
50.045510053634644,CLOSE_IN,0.38659864642414576,0.6261937926153778,0.5929926992037957,0.6676820573376369,14.611531955648191,2691.8387419970577,3.5,-0.2
50.066025733947754,CLOSE_IN,0.39684044321648915,0.6303708934738121,0.5082111294204796,0.7330798794709821,14.745428262763053,2780.3216136023043,3.5,-0.2
50.08663463592529,CLOSE_IN,0.40722711524135075,0.6341765259283254,0.5105099567197944,0.8841794397718237,14.388494677278286,2941.6678563234673,3.5,-0.2
50.10743737220764,CLOSE_IN,0.4178013505655171,0.6376145153048464,0.4808817093444817,0.8405939953752584,14.6333122522001,2916.1956355542106,3.5,-0.2
50.127936363220215,CLOSE_IN,0.4282995242239523,0.6406000400129993,0.5756437031083582,0.7964697381871241,14.261954010743358,2873.6514510927523,3.5,-0.2
50.148454904556274,CLOSE_IN,0.4388755893079808,0.6431834797882398,0.4705185262189138,0.7120370409489156,14.75463988996029,2868.6661440435128,3.5,-0.2
50.16871094703674,CLOSE_IN,0.4493731848929598,0.6453322354956736,0.5554706548817989,0.6934730936694993,15.292614877892984,2800.95493305024,3.5,-0.2
50.18921160697937,CLOSE_IN,0.4600450970516005,0.6470970143644373,0.4892780038805233,0.8130642891614668,15.09356511156902,2868.93093591942,3.5,-0.2
50.20963525772095,CLOSE_IN,0.47071450027374795,0.6484421657341968,0.45829638502661935,0.8877904937133333,14.342207690670108,2792.0936346505696,3.5,-0.2
50.230366945266724,CLOSE_IN,0.4815728797948585,0.6493837037831289,0.5043728810106153,0.8488729932505577,13.701818765253408,2670.4980554706312,3.5,-0.2
50.251105070114136,CLOSE_IN,0.4924524567425786,0.6498966524881458,0.5921038962000582,0.9197818681205266,14.940645925093825,2863.70589168805,3.5,-0.2
50.27140712738037,CLOSE_IN,0.5031104107772734,0.6499824493483833,0.5152364833215249,0.9098637475920321,14.346873088665125,2926.3048327666525,3.5,-0.2
50.291921615600586,CLOSE_IN,0.5138769197295098,0.649650566890479,0.5552744686339895,0.7213575046601114,14.169034665408963,2817.34260761537,3.5,-0.2
50.31270122528076,CLOSE_IN,0.5247691314083864,0.6488860222636826,0.5793144171879316,0.6510710447980932,13.907117727700028,2850.435293443157,3.5,-0.2
50.33288335800171,CLOSE_IN,0.5353252215954266,0.6477319968473095,0.507179965911181,0.8374367005134197,13.898803756841216,2921.8251125214897,3.5,-0.2
50.35319757461548,CLOSE_IN,0.5459176854595054,0.6461628851168224,0.4872093737799722,0.6543866253134549,13.849748607828445,2824.8017276339515,3.5,-0.2
50.37394070625305,CLOSE_IN,0.55668973670257,0.6441414301043166,0.4609142564483209,0.688386522115324,14.583027051997673,2716.028865741529,3.5,-0.2
50.39455509185791,CLOSE_IN,0.5673405821102384,0.6417162827417702,0.4520705228005956,0.8990677828887055,13.415133651272297,2946.7947782807246,3.5,-0.2
50.41515278816223,CLOSE_IN,0.5779185033808281,0.638882782330074,0.5965050555105378,0.7839988738572097,14.602035109313626,2775.2455797875346,3.5,-0.2
50.43541955947876,CLOSE_IN,0.5882539390053843,0.6356991523457642,0.554481321434504,0.8019997116777436,14.368869827504584,2912.73955188107,3.5,-0.2
50.45601439476013,CLOSE_IN,0.5986730785216506,0.6320673743056691,0.5993084011127696,0.854170072989808,13.803017479724248,2785.511573720731,3.5,-0.2
50.476407527923584,CLOSE_IN,0.6088974260640079,0.6280832409149657,0.5726062136131838,0.798780228533625,13.688482602855029,2745.824650697037,3.5,-0.2
50.49732565879822,CLOSE_IN,0.6192790440300655,0.6236024603117192,0.5418645655952804,0.9074972585868454,13.850581064503821,2668.095722674767,3.5,-0.2
50.51777148246765,CLOSE_IN,0.6293128538244366,0.6188446347577088,0.5608579273871047,0.7566199776536537,13.180529555760192,2919.3828440390675,3.5,-0.2
50.53797745704651,CLOSE_IN,0.6391095066042323,0.6137831188308072,0.4891515664770312,0.9150311302246281,13.013343072479161,2899.187325965203,3.5,-0.2
50.55850839614868,CLOSE_IN,0.6489327861384302,0.6082826946754087,0.541409093450453,0.9448317996017862,14.230158674114456,2795.2787622664646,3.5,-0.2
50.578940868377686,CLOSE_IN,0.6585687425875479,0.6024600257784416,0.5894457673703182,0.9479331065284441,14.171375109915514,2681.386046223319,3.5,-0.2
50.59977340698242,CLOSE_IN,0.6682399685754747,0.5961753745603887,0.594454040786715,0.6813128246231093,13.841271371863803,2715.785814707832,3.5,-0.2
50.62088918685913,CLOSE_IN,0.6778750061048893,0.5894578462981868,0.5715687887093466,0.868384718910839,12.7795929781916,2705.9141259128387,3.5,-0.2
50.641916275024414,CLOSE_IN,0.6872922767948396,0.5824327929524108,0.45906615958932556,0.8239289859835763,12.801215910257142,2739.784052988659,3.5,-0.2
50.66283679008484,CLOSE_IN,0.6964769416696786,0.5751231773903187,0.5335466509011856,0.9100824087167892,13.269968269818149,2932.861689676458,3.5,-0.2
50.68326377868652,CLOSE_IN,0.7052583295417373,0.5676901228808221,0.49796506153679465,0.906245912228463,13.13229087178755,2712.572273398626,3.5,-0.2
50.70370078086853,CLOSE_IN,0.7138511896405365,0.5599733770208626,0.4529777250125037,0.8360699694377024,13.174670186987322,2903.8530834016565,3.5,-0.2
50.723881244659424,CLOSE_IN,0.7221390340876492,0.5520912251867994,0.5739741880447811,0.7143618445335598,12.484064921644421,2948.5512621887683,3.5,-0.2
50.74442744255066,CLOSE_IN,0.7303679341043122,0.543811806667063,0.5726010043477209,0.8956494847958572,13.370180265712541,2870.542363775599,3.5,-0.2
50.76501393318176,CLOSE_IN,0.7383935297655873,0.535272641919068,0.5734789178171548,0.912879927615585,12.7151865255633,2944.706725825937,3.5,-0.2
50.785534381866455,CLOSE_IN,0.746167175708055,0.5265326737019504,0.5027982818911482,0.7348450455825808,12.507582245394001,2925.2498025965156,3.5,-0.2
50.80571913719177,CLOSE_IN,0.7535861699704083,0.5177277070671977,0.5560199768835765,0.7965040452387102,13.44669869331302,2816.6352200015817,3.5,-0.2
50.82690906524658,CLOSE_IN,0.7611244039104816,0.5082781239277606,0.5309203740847969,0.8979080774556476,12.549680965898252,2780.3185080248113,3.5,-0.2
50.84766340255737,CLOSE_IN,0.7682520190853247,0.4988341871563853,0.5065348198161409,0.8854269585132513,11.99155401384085,2747.842297047342,3.5,-0.2
50.868202209472656,CLOSE_IN,0.7750497125142968,0.489320647082514,0.46778448700890496,0.8365497149852872,12.882347109845446,2661.680369609756,3.5,-0.2
50.88865542411804,CLOSE_IN,0.7815596741388142,0.47969697564840447,0.45822633600128015,0.8388305997734888,13.17731690944087,2743.625857504773,3.5,-0.2
50.90929985046387,CLOSE_IN,0.7878617515609878,0.4698481695728572,0.5119399701449973,0.9182688692545151,11.938263413954196,2823.799783270148,3.5,-0.2
50.92976093292236,CLOSE_IN,0.7938355251807644,0.4599693048426728,0.5211434438780178,0.677306909976676,12.693251173144825,2926.39695498825,3.5,-0.2
50.95021176338196,CLOSE_IN,0.7995297503122936,0.4499950505787515,0.45157263274642845,0.9019700689705481,12.945688400262574,2947.063826579247,3.5,-0.2
50.970542430877686,CLOSE_IN,0.8049111620960492,0.4399964777060146,0.4785397660445752,0.8704550669722243,11.559315765154693,2818.408052599798,3.5,-0.2
50.990992069244385,CLOSE_IN,0.8100380143252859,0.42987272760715883,0.5522986227429268,0.8280766909553686,11.906130819968737,2817.5534325929943,3.5,-0.2
51.0118248462677,CLOSE_IN,0.8149609443614712,0.4195080353859255,0.5988525515214198,0.733194801190359,12.835055357216895,2936.932148681143,3.5,-0.2
51.03253149986267,CLOSE_IN,0.8195493292783308,0.40917250130108385,0.5351944040026928,0.8590959357770143,12.114362709152932,2685.3165731254267,3.5,-0.2
51.05300831794739,CLOSE_IN,0.8237836618770662,0.3989361546541357,0.45145283610074016,0.7881256230334467,11.501108394527767,2729.266226075184,3.5,-0.2
51.0735228061676,CLOSE_IN,0.8277194968147368,0.38868277624871156,0.548854548393915,0.7588625493162608,12.271449514166333,2883.7042200940487,3.5,-0.2
51.09403610229492,CLOSE_IN,0.8313448372104926,0.3784490401516534,0.5365025745397339,0.6538259011966611,11.310958499041613,2817.348267428738,3.5,-0.2
51.1145179271698,CLOSE_IN,0.8346516497578083,0.36826718142485027,0.5141744193291621,0.7246006442200433,11.370244132947711,2758.064175455638,3.5,-0.2
51.13524317741394,CLOSE_IN,0.8376762504826392,0.3580185742827904,0.4999360041910542,0.6842822343525905,11.091208785657539,2675.1901298702073,3.5,-0.2
51.155850648880005,CLOSE_IN,0.8403601213102929,0.3478996818809575,0.5347900472346241,0.6798834029571055,12.165537925417315,2873.595682681234,3.5,-0.2
51.17620635032654,CLOSE_IN,0.8426919575565337,0.3379912216466229,0.4563793786237605,0.7312372892767048,11.223124087734202,2793.349431613702,3.5,-0.2
51.196837425231934,CLOSE_IN,0.8447293520722159,0.32805364891741884,0.5804914605234861,0.7594829024210774,11.561737778904702,2696.4516954854844,3.5,-0.2
51.21730422973633,CLOSE_IN,0.8464243425813333,0.3183161750227419,0.4628715440471768,0.9429112530859156,11.265810479293876,2848.7656032474624,3.5,-0.2
51.23797559738159,CLOSE_IN,0.8478048784544875,0.3086203364551079,0.5019274677385352,0.7223071117115054,10.698608195134033,2789.5917558817328,3.5,-0.2
51.25823187828064,CLOSE_IN,0.8488333379033717,0.2992705802318767,0.5853444274575856,0.7259920674818715,11.609626009308432,2894.697043372151,3.5,-0.2
51.278886795043945,CLOSE_IN,0.8495504411417324,0.28990713960212644,0.5870884620520695,0.6635882143768649,10.900081340163464,2655.9263674782105,3.5,-0.2
51.299331188201904,CLOSE_IN,0.8499298396351913,0.28082406727817516,0.556659896803998,0.8237057760361292,11.81650639788414,2732.4848143180006,3.5,-0.2
51.32002282142639,CLOSE_IN,0.8499787704353572,0.27183406206139227,0.4955876440179615,0.7956509286294563,11.329710808820586,2802.4572438442874,3.5,-0.2
51.340670585632324,CLOSE_IN,0.8496915530573905,0.26308187118817056,0.5597499220795473,0.6589314450932322,11.409420089275338,2896.692793555619,3.5,-0.2
51.36093354225159,CLOSE_IN,0.8490835913058052,0.2547196748785817,0.46847746723495914,0.723073627620032,10.928270921565147,2880.3742899736294,3.5,-0.2
51.3813419342041,CLOSE_IN,0.848145321699564,0.24653863528191736,0.5592479844929299,0.8967156639513127,11.333921258677677,2703.709448056779,3.5,-0.2
51.401578187942505,CLOSE_IN,0.8468928467740462,0.2386789706387421,0.45804094623459585,0.9289100352182446,10.303677094585984,2928.5950697582543,3.5,-0.2
51.42188572883606,CLOSE_IN,0.8453146720314761,0.2310572426110405,0.5432375958415955,0.903049138729683,10.292979473951663,2785.40169332158,3.5,-0.2
51.44236159324646,CLOSE_IN,0.8433990367553106,0.22365449554448058,0.45943001768093317,0.7288596734971355,11.48489704213993,2686.317878202592,3.5,-0.2
51.46276521682739,CLOSE_IN,0.8411679541800587,0.2165719868180833,0.5366645544074735,0.9132835968066284,10.969447744307681,2766.2691360366885,3.5,-0.2
51.4835410118103,CLOSE_IN,0.838567849412871,0.20967417587207265,0.47897148216989266,0.6970863991266205,11.32511240939646,2895.7343810493967,3.5,-0.2
51.50431513786316,CLOSE_IN,0.8356392107874142,0.2031054359844811,0.5543472937861339,0.8001061442959196,10.723550383431277,2744.9773110596943,3.5,-0.2
51.52479076385498,CLOSE_IN,0.8324337432062627,0.19696358232150446,0.5951515946568748,0.8826359769220073,10.288892843204561,2756.6823415840454,3.5,-0.2
51.54513931274414,CLOSE_IN,0.8289375108113445,0.19119710910548507,0.5424432811021904,0.87294603717696,10.923282350756802,2716.517768347806,3.5,-0.2
51.56563639640808,CLOSE_IN,0.8251059743240925,0.18573814393586105,0.5480754211653196,0.9150121417067351,10.769137487571445,2852.607501275793,3.5,-0.2
51.58593535423279,CLOSE_IN,0.8210086062744756,0.18068673582987635,0.5657687871115654,0.7985516303013449,10.645540889671055,2929.575368859383,3.5,-0.2
51.60640287399292,CLOSE_IN,0.8165759216188659,0.17595933781041162,0.5700650165776048,0.775773964233335,10.623870258632575,2694.347224204639,3.5,-0.2
51.62698578834534,CLOSE_IN,0.8118173549697578,0.17158384901700302,0.466661447500402,0.737306190877218,9.775072081250537,2748.7670673689513,3.5,-0.2
51.647746324539185,RAM,0.8067166704392164,0.1675626711467416,0.5435705772816986,0.7733260418374408,9.604258542377497,2901.7263040157463,5.0,0.0
51.668362617492676,RAM,0.8013570914879776,0.16396591576403216,0.5613050537705048,0.7083813977976559,10.47761158432502,2694.002140796988,5.0,0.0
51.68894815444946,RAM,0.7957179788675564,0.16077485680787978,0.5589590231309431,0.6759522752905931,10.04361390947488,2949.782881841273,5.0,0.0
51.70941996574402,RAM,0.7898304058761991,0.15800350746352118,0.5514254516831238,0.8014312993650692,9.617705207662434,2688.338915904811,5.0,0.0
51.73017406463623,RAM,0.7835827190931877,0.15560801289023832,0.4899669283513379,0.8280612763587273,10.474920194746316,2703.810015372587,5.0,0.0
51.750853538513184,RAM,0.7770841583924848,0.153639869416632,0.4705520527756437,0.7257784127005085,10.239612511847211,2875.5639601286175,5.0,0.0
51.77170276641846,RAM,0.7702623918968015,0.1520821344129773,0.4688539924328086,0.8019319663595993,10.421391326071479,2904.8121627797773,5.0,0.0
51.7956223487854,RAM,0.7621108753786485,0.1508260176003388,0.5431886162616076,0.6873249927880778,9.79020339824315,2863.280943850476,5.0,0.0
51.818493366241455,RAM,0.7540010238895138,0.15015814387073959,0.569920589976477,0.8604042564398886,10.06218226096829,2658.728723885803,5.0,0.0
51.838998556137085,RAM,0.7464756528696734,0.15000369857048934,0.4731995455612701,0.6620479412684501,9.360380073124125,2763.174598956222,5.0,0.0
51.85950827598572,RAM,0.7387153848607748,0.15026975611737195,0.5047779999084833,0.8766235333819866,9.389097674360688,2766.6758738149106,5.0,0.0
51.88042163848877,RAM,0.7305698115942235,0.15097366312052185,0.5117031828327673,0.756554911896532,9.701857190308338,2820.955643476259,5.0,0.0
51.90097904205322,RAM,0.7223417151605886,0.15209014270594,0.4879423824775373,0.7996406254441132,9.951565175133295,2894.7588187629176,5.0,0.0
51.921441078186035,RAM,0.7139418457639478,0.15361754988841506,0.5869677717706798,0.8833089464129686,9.489723901813521,2780.996516614623,5.0,0.0
51.94224691390991,RAM,0.7051942509040369,0.15559363770565704,0.559741286599287,0.8404041684570687,9.618148684788135,2712.3732919319255,5.0,0.0
51.96294832229614,RAM,0.6962922088822054,0.15797976970353947,0.5082218630527524,0.6689562888257872,9.402023583684736,2798.228788755081,5.0,0.0
51.9837703704834,RAM,0.68714739235567,0.1607982413476693,0.5846703008248234,0.9235777893084389,8.975841883664119,2909.176307279006,5.0,0.0
52.00428509712219,RAM,0.6779589777790119,0.1639807736630617,0.4807759888034727,0.8092848749161876,8.700417340120453,2907.5448186505123,5.0,0.0
52.024792194366455,RAM,0.6686055733631636,0.1675591643569497,0.5148105583418271,0.7660058728083315,9.0306445846599,2686.13280448278,5.0,0.0
52.04541897773743,RAM,0.6590366727992734,0.1715528049737883,0.5975665473814584,0.829233374287017,9.667476899635034,2855.052322317948,5.0,0.0
52.06596302986145,RAM,0.649354821362905,0.17591683101441677,0.5235245475509887,0.8256696944881796,8.60147563430027,2774.033272167491,5.0,0.0
52.08662033081055,RAM,0.6394766205387689,0.1806862837841123,0.5194133298279363,0.9405645418352588,8.420608534473967,2678.043358941614,5.0,0.0
52.10714292526245,RAM,0.6295302170387056,0.1857952927938618,0.5791403412778323,0.9130901080259765,8.364688527833152,2829.7255971304867,5.0,0.0
52.12756276130676,RAM,0.6195117812383696,0.19123685171485155,0.5227555504248633,0.9305777823729606,9.501161763768478,2680.704450257936,5.0,0.0
52.148130655288696,RAM,0.6093073906762058,0.19706978126936692,0.5373111255366079,0.9441389825179056,9.138293212770016,2687.3964199548323,5.0,0.0
52.168715476989746,RAM,0.5989904414837299,0.20325127313897695,0.52829092493438,0.6930118232765761,8.19299922163739,2729.109024010203,5.0,0.0
52.18939518928528,RAM,0.588530925332604,0.20979698236174996,0.5786085111952548,0.8226390195105253,8.62672846930261,2949.430041256793,5.0,0.0
52.21007680892944,RAM,0.5779852541647952,0.21666865525037068,0.5726249927250553,0.7483542530183186,8.968209193008274,2938.9549708861364,5.0,0.0
52.230918884277344,RAM,0.5672818705390757,0.22391088862668684,0.5074111400186214,0.7791116846747046,8.066976417008709,2801.2514892628674,5.0,0.0
52.251707553863525,RAM,0.5565404021053136,0.23143932327970895,0.5606257439089546,0.8670853007238994,8.48121539477113,2734.708744099058,5.0,0.0
52.272499322891235,RAM,0.5457423461339805,0.23926028953844375,0.4864029050946851,0.9301418726475585,8.220711990302803,2666.892982011896,5.0,0.0
52.2929368019104,RAM,0.5350848718867638,0.2472189106069465,0.5776697020676926,0.8960149931941717,8.42777301383375,2676.4098590280632,5.0,0.0
52.31332182884216,RAM,0.5244218976307937,0.2554113613834599,0.45005042037878606,0.6889254921931918,9.323743423007263,2888.424387216343,5.0,0.0
52.33380842208862,RAM,0.5136828096282496,0.26388670737410136,0.5998451454191974,0.8980922397410452,9.205152003081649,2810.5646337118333,5.0,0.0
52.35408973693848,RAM,0.5030385688468942,0.27250222977125327,0.4813457592397669,0.686052143358481,7.946304923096968,2676.009213389289,5.0,0.0
52.374449729919434,RAM,0.49235021989316474,0.28136212478997624,0.46156832898738054,0.8576911028982385,8.440929966862056,2788.0579625593055,5.0,0.0
52.39471101760864,RAM,0.481720754622542,0.2903743513015003,0.48651072456241296,0.895170407660177,7.959492490659071,2803.1271316004068,5.0,0.0
52.41540479660034,RAM,0.4708818951254307,0.2997646330823586,0.4871255124972587,0.7573406054644002,8.605676701548184,2762.808791998526,5.0,0.0
52.43620014190674,RAM,0.4600181156178441,0.3093739136412185,0.5004205611288495,0.7320590043119377,7.862941908439586,2847.9287293604875,5.0,0.0
52.457054138183594,RAM,0.449162770091576,0.31916768505369464,0.5483320068287129,0.8217060023033902,7.6780269067552,2697.7081933430795,5.0,0.0
52.47786855697632,RAM,0.4383776182588092,0.32908307237923917,0.48704054395541396,0.8242875099941211,8.453318950241714,2860.8484446239777,5.0,0.0
52.4985237121582,RAM,0.4277343400830026,0.3390441065882672,0.5690140679828539,0.8462070085336756,8.558395085422125,2693.7659791401675,5.0,0.0
52.519235372543335,RAM,0.4171316042706804,0.34913681114823236,0.49283350247719526,0.8699007838611398,8.204797004579351,2818.0837004463588,5.0,0.0
52.53970122337341,RAM,0.40673322309456605,0.359195517387366,0.5723737485261783,0.9115194369997114,7.78473070319068,2783.7326228315314,5.0,0.0
52.55994963645935,RAM,0.3965317781201789,0.36921468374697575,0.4593722807482299,0.8360045797767857,8.098483478987914,2731.4501164695826,5.0,0.0
52.58012843132019,RAM,0.38646034719230693,0.3792496417057864,0.5172525490713261,0.7804001320836115,7.8099107948376805,2867.0888960430716,5.0,0.0
52.60070180892944,RAM,0.3762991213332738,0.3895155064286903,0.45737954059671854,0.9096523266860339,7.571766419752242,2850.1422394111405,5.0,0.0
52.621479749679565,RAM,0.36615645278380304,0.3999014010278205,0.5960562873355677,0.6866760876651592,8.372491847991537,2843.2982750624815,5.0,0.0
52.64212346076965,RAM,0.35620803198179046,0.41022040751945654,0.5006543439610148,0.78568109360218,7.957505460394621,2848.918529441212,5.0,0.0
52.66275501251221,RAM,0.3464032135199626,0.4205159350941373,0.46726280895683525,0.7309924927253849,7.5100851089284575,2872.440481421928,5.0,0.0
52.68341016769409,RAM,0.33673452756158645,0.43078824821270645,0.4748928221395176,0.7061092173175347,7.5736350365934655,2697.147624344832,5.0,0.0
52.70399045944214,RAM,0.32725673407673506,0.4409711022082761,0.5215579175391496,0.8204837523390327,8.360054782166097,2703.3147493696833,5.0,0.0
52.72455382347107,RAM,0.31795113927967905,0.4510762677183251,0.5795500641418855,0.6712833960609654,8.083930163350736,2823.862874842929,5.0,0.0
52.745025396347046,RAM,0.3088591027899759,0.4610505495805552,0.45638955902765094,0.6892250773786576,8.835239815477616,2684.6630350891464,5.0,0.0
52.76565718650818,RAM,0.29987827313527404,0.4709993180080321,0.5873780843671835,0.7766670320122451,7.530075034177797,2938.092060427286,5.0,0.0
52.786521196365356,RAM,0.29099129364241105,0.480937079524267,0.5149785428206083,0.8291925240557917,7.730316928718446,2869.281618877426,5.0,0.0
52.80700635910034,RAM,0.2824647862599148,0.4905573980216676,0.49370738608722714,0.8843957257339475,8.516659267483673,2938.202952870864,5.0,0.0
52.827985763549805,RAM,0.27394549914675675,0.500252161069278,0.5108347207183195,0.7200435639007706,8.189848680346326,2933.551720275964,5.0,0.0
52.8487868309021,RAM,0.26571960600486666,0.5096903317020004,0.591004746512913,0.8192697802325576,7.840050546826668,2826.423761892379,5.0,0.0
52.86958861351013,RAM,0.2577215046740594,0.5189389990928905,0.4517705596709239,0.8717901356208555,8.306988721020227,2701.2371866782837,5.0,0.0
52.8902542591095,RAM,0.25000928486393903,0.5279233522732862,0.5492276464472118,0.8258247143244837,7.541239612773424,2852.0085447826136,5.0,0.0
52.911015033721924,RAM,0.24250343419005305,0.5367290310955962,0.47801280901862425,0.9387584042244626,7.874591130247854,2662.9861641291864,5.0,0.0
52.931312084198,RAM,0.23540657639201706,0.5451102742291853,0.5051457617367435,0.8231984189944404,7.387285085914158,2866.3045203457878,5.0,0.0
52.95151209831238,RAM,0.22858712276608067,0.5532140898239578,0.5113475745609125,0.8665437492673842,8.3721671893475,2658.089112496509,5.0,0.0
52.97250533103943,RAM,0.2217639968679419,0.5613709919170725,0.4546225487296694,0.8190429420791572,8.681644680227022,2873.3729032855244,5.0,0.0
52.992873668670654,RAM,0.21540759257890735,0.5690133650790219,0.4523628279039468,0.8176044044734998,8.4736270383013,2683.249896968084,5.0,0.0
53.01343274116516,RAM,0.20926105989523147,0.576442878177193,0.5565094272189294,0.6868793319339859,7.824875413488599,2884.6937682038506,5.0,0.0
53.03489947319031,RAM,0.2031383086953128,0.5838818911197514,0.5317390183613507,0.7559121284631876,7.72271875545203,2853.724536469957,5.0,0.0
53.055564403533936,RAM,0.1975349204750283,0.5907230625430722,0.46032192052133986,0.846165374108917,8.664529056104996,2873.8743195690063,5.0,0.0
53.07636213302612,RAM,0.19218893839247847,0.5972792877435036,0.4776704918910992,0.8711082857438951,7.746423546774018,2688.171622039945,5.0,0.0
53.09681272506714,RAM,0.18722424768565493,0.6033933584188296,0.5758884613824466,0.7010051946471139,8.71015342461848,2711.870794048551,5.0,0.0
53.11741256713867,RAM,0.18252086691576258,0.6092080818585534,0.5237401973775471,0.8087164965495219,8.049918514275475,2689.5640798633162,5.0,0.0
53.13777565956116,RAM,0.17816942326174223,0.6146070484217627,0.580101858136542,0.6594783916511229,7.497886108289104,2861.224283242952,5.0,0.0
53.15804076194763,RAM,0.17413698605740674,0.6196267100204675,0.5329767429934936,0.7706055015876913,7.976332895767404,2934.060320624325,5.0,0.0
53.178290605545044,RAM,0.1704083241565293,0.6242822704351871,0.5442504151561113,0.7525156747700633,7.365472540945653,2717.0514995460553,5.0,0.0
53.198976278305054,RAM,0.16691338916487736,0.6286581944102612,0.5064698761812889,0.8277353125537075,8.092080200802688,2810.8888048748286,5.0,0.0
53.219627380371094,RAM,0.16374414943056442,0.6326364766194702,0.5449768442695446,0.6935419323613726,8.539313269605504,2805.5887212980247,5.0,0.0
53.240360498428345,RAM,0.16088688083525748,0.6362313916653015,0.4551774454886883,0.8736805923470559,8.717274603261536,2660.1039806663175,5.0,0.0
53.26101565361023,RAM,0.15836646612252991,0.6394089540985076,0.4777981947638843,0.7348306239005,8.702435017090485,2876.6314577785356,5.0,0.0
53.2819709777832,RAM,0.1561445352688262,0.6422152186861019,0.5612097000182417,0.673153877857298,8.176531374864428,2699.8937346968683,5.0,0.0
53.30282020568848,RAM,0.15427098760423502,0.6445851183468689,0.4733007022461062,0.9039018122118281,7.3842592057504,2673.366318109827,5.0,0.0
53.32315135002136,RAM,0.15276959864845102,0.6464866611812911,0.5857949423990021,0.6678739551754589,8.13616171384932,2741.886274912184,5.0,0.0
53.34373927116394,RAM,0.15157831236331548,0.6479969661870001,0.4910147303682624,0.7213443515399917,8.465195078239368,2861.457337285434,5.0,0.0
53.36409878730774,RAM,0.15072699041931165,0.6490770862060673,0.5928850356444958,0.6879409392942704,8.744605077864342,2827.3391610517756,5.0,0.0
53.384430170059204,RAM,0.15020189296924114,0.649743647147468,0.4941640629268396,0.6995707905898518,8.726329875663454,2938.7085014169393,5.0,0.0
53.405123710632324,RAM,0.15000149938455692,0.6499980960206676,0.5220683207927954,0.89780196285091,8.439133870775171,2761.07830732609,5.0,0.0
53.42599868774414,RAM,0.15014099309910872,0.6498209704938963,0.5338038368390451,0.6952855811634384,8.094507954511228,2784.7317658203688,5.0,0.0
53.4466118812561,RAM,0.15061531237910092,0.6492188290579212,0.5596459427061441,0.7920535742784942,8.895734680948127,2872.9387428180485,5.0,0.0
53.46703743934631,RAM,0.15141476641745505,0.6482044131389824,0.5525918827156202,0.7164257796335227,8.451837225071525,2940.8525446215044,5.0,0.0
53.487677574157715,RAM,0.15255498348484536,0.6467586500198239,0.4624753760427634,0.7913208189404607,8.945940347142649,2741.3146179737514,5.0,0.0
53.50800609588623,RAM,0.15400350057784273,0.6449237407164076,0.4987570578529782,0.9466543069800366,8.813611620383059,2785.8961218918166,5.0,0.0
53.52827334403992,RAM,0.15576788621239068,0.6426913849772228,0.5754206385634756,0.6535996175391482,8.365809758316292,2743.730700251123,5.0,0.0
53.54868125915527,RAM,0.1578659522981788,0.6400406862834989,0.48808602592916034,0.7348762351471443,8.614100934063252,2683.7742045218492,5.0,0.0
53.56923174858093,RAM,0.16030262237087411,0.6369674450592433,0.5050588257801218,0.9085126095933673,8.053227882968713,2652.2469066656517,5.0,0.0
53.59040570259094,RAM,0.1631507899605219,0.6333823786052089,0.5196537958609776,0.6665330028058001,8.266035792082711,2720.019052509083,5.0,0.0
53.61115646362305,RAM,0.1662717048911475,0.629462909328205,0.45872214812207446,0.804553955417832,8.195410732867204,2836.764135679187,5.0,0.0
53.63230061531067,RAM,0.16978431849239006,0.625062709399275,0.5359483618955515,0.6565087733541912,8.5254000339914,2844.675980828754,5.0,0.0
53.65285658836365,RAM,0.17351766522128204,0.6203990535711598,0.5630182852378476,0.9129396481282763,9.08473962479524,2804.8017658288095,5.0,0.0
53.673556089401245,RAM,0.17759070163023633,0.615326480007665,0.5005609318582863,0.6724145400964764,8.255433877356221,2935.5610376217555,5.0,0.0
53.6944682598114,RAM,0.18202117229759046,0.6098271255184314,0.5365639529031565,0.7707976248570143,9.014928622403964,2903.1885536800714,5.0,0.0
53.714847803115845,RAM,0.18663984174414655,0.6041146653486131,0.5774825908988975,0.6672100554775533,8.251184546286122,2821.6431737975527,5.0,0.0
53.735185623168945,RAM,0.19154096677340676,0.5980758847198417,0.48738468481077485,0.7278552008568125,8.711331248158732,2736.6552957629365,5.0,0.0
53.75573706626892,RAM,0.19678514183073276,0.5916408576838015,0.5879367789648037,0.6532328173016719,8.822371708323086,2806.2089024970714,5.0,0.0
53.77622652053833,RAM,0.20230032843812323,0.5849029708114045,0.5943789707201387,0.6587092880847392,9.265508042959434,2746.4504621318115,5.0,0.0
53.797168493270874,RAM,0.20822784475135664,0.5776955444982919,0.45211017853190044,0.853901328404051,9.484494228547353,2948.3611573381154,5.0,0.0
53.817829608917236,RAM,0.2143580164585414,0.5702792837504054,0.45087677364127454,0.7555770693989035,9.097434853485245,2669.7978435518016,5.0,0.0
53.8389356136322,RAM,0.22090339885530363,0.56240325544133,0.49003335229709344,0.8478412841061347,8.868175200021852,2939.0589984531925,5.0,0.0
53.85955023765564,RAM,0.22756646596069496,0.5544311753145308,0.506154472438792,0.7606027846384014,8.185461916944053,2687.7319757349796,5.0,0.0
53.88016676902771,RAM,0.23449065647062206,0.5461958487902627,0.5147240603354282,0.7572656477190758,8.780340418405515,2652.9922169932656,5.0,0.0
53.900861740112305,RAM,0.24169653139855024,0.5376792655412045,0.508046711000725,0.8840013392725572,8.302073272352304,2794.7326325284207,5.0,0.0
53.92124319076538,RAM,0.24903653813025045,0.5290611351266337,0.4993008120523612,0.7249144451374729,8.707397007546032,2839.442970053093,5.0,0.0
53.94154095649719,RAM,0.2565795209741161,0.5202652690290275,0.5253703764796931,0.6814413069503766,9.186462601477379,2754.3495447580153,5.0,0.0
53.96186089515686,RAM,0.2643567438514125,0.5112613054165179,0.5892995834078487,0.9324802040151472,9.008495185603115,2769.4345587881776,5.0,0.0
53.981988191604614,RAM,0.2722760565100851,0.5021615271347771,0.5538345636226338,0.6670516018330718,9.052265058580215,2659.8268151499715,5.0,0.0
54.00250768661499,RAM,0.28056329389914025,0.4927141384412029,0.5865890185947205,0.7797739950004641,8.698889414781782,2756.713797261252,5.0,0.0
54.023056507110596,RAM,0.2890706865573599,0.4830967937097897,0.4806532327925138,0.9244315382739589,9.586699539476095,2927.964539510501,5.0,0.0
54.04381966590881,RAM,0.2978703162686037,0.4732366561305618,0.5867091189329787,0.8821610327623164,8.996125881098152,2709.438865612076,5.0,0.0
54.06438183784485,RAM,0.3067780048193649,0.4633474637091504,0.596778876416243,0.8045807720263942,8.90307975084232,2701.1432882392874,5.0,0.0
54.084909439086914,RAM,0.3158540574090918,0.45336803944911286,0.5034964837818381,0.927849477680488,8.980126026849575,2837.8301908145963,5.0,0.0
54.105490922927856,RAM,0.32512919079012204,0.4432721400071065,0.4800480366962603,0.6680721428893452,9.92471697288337,2781.357813937245,5.0,0.0
54.12618398666382,RAM,0.3346226046395156,0.43304763151009995,0.5180064553106885,0.8317558955312816,10.070977814735576,2723.1346667025737,5.0,0.0
54.14690351486206,RAM,0.344287782605783,0.42275334944604936,0.5808656810312748,0.8956621643832836,9.014429885645574,2805.443671099551,5.0,0.0
54.16762852668762,RAM,0.3541059712470497,0.4124172625971918,0.5621811265584172,0.9496863109884556,9.936743554275319,2878.9173094172456,5.0,0.0
54.18797302246094,RAM,0.36388107927525626,0.4022500956015185,0.5624202142913401,0.8163065265905602,10.144544731065059,2817.9935213969857,5.0,0.0
54.208839416503906,RAM,0.37403853992453745,0.3918183901087653,0.5860029848551713,0.658026538650607,9.4257436575395,2716.771922998742,5.0,0.0
54.22954440116882,RAM,0.3842394162776708,0.38148141385378054,0.48647720600275257,0.8917571020631557,10.116103785173863,2862.5984637007145,5.0,0.0
54.250850200653076,RAM,0.3948527569002821,0.37087780527382325,0.5874024594389021,0.9193061533726924,10.346080442337755,2699.1207448889563,5.0,0.0
54.27148389816284,RAM,0.4052337600178662,0.3606588956224902,0.5613356700528478,0.8484328111002702,10.039279284923524,2768.8758878246103,5.0,0.0
54.29208540916443,RAM,0.41568913549154285,0.3505227491147981,0.5263957533308061,0.8109591624764145,9.25179453423718,2916.718870172578,5.0,0.0
54.31271171569824,RAM,0.4262377424534052,0.34045854662255265,0.5186762790850182,0.8515151346416759,9.921928688234502,2916.1340528466462,5.0,0.0
54.332995891571045,RAM,0.4366802896721846,0.3306599936193298,0.4713253587025631,0.876470504793674,10.71623000835714,2760.4770731886224,5.0,0.0
54.35337543487549,RAM,0.4472309461059409,0.32093030676339696,0.5030200735285476,0.7635296431048347,10.529472218117638,2816.2356231393337,5.0,0.0
54.37420344352722,RAM,0.45806464919230355,0.31112234067618594,0.5090710793514421,0.8049729310481815,10.078819442301455,2681.3667445571723,5.0,0.0
54.394737005233765,RAM,0.4687853088291255,0.30160389869047444,0.5708690811851008,0.7701203498831005,9.769442445574054,2896.116778369993,5.0,0.0
54.415743589401245,RAM,0.4797834953510673,0.2920380105188154,0.5883031668317923,0.7758802881515738,10.939414188638253,2740.063220631144,5.0,0.0
54.436537981033325,RAM,0.49069039048415086,0.282756353607586,0.5160545225622124,0.7104517651470316,10.920379533310264,2675.040562679722,5.0,0.0
54.45774865150452,RAM,0.5018248861042807,0.273497885226639,0.4635849271460711,0.66266859675268,10.731975483342024,2675.022973439223,5.0,0.0
54.47827076911926,RAM,0.5125962853407623,0.2647564537803628,0.585990685033639,0.723662330430619,10.838969525470471,2681.394184618327,5.0,0.0
54.49863958358765,RAM,0.5232754438588011,0.25630554354027857,0.5050610015994595,0.8256809393550401,10.572781883105337,2751.9966363442118,5.0,0.0
54.51924419403076,RAM,0.5340560840469072,0.24799944881458302,0.5068390912792694,0.9027550486831037,10.385352201553948,2799.3335081386713,5.0,0.0
54.539833307266235,RAM,0.5447961260702701,0.23995739753614406,0.5027014189965351,0.7867322707960429,10.855774579208797,2900.8795161728845,5.0,0.0
54.560490131378174,RAM,0.55552854315423,0.2321615905034748,0.5266312962377959,0.9021312023762271,11.104987722324841,2808.842592557051,5.0,0.0
54.581204891204834,RAM,0.5662375192358164,0.2246315658335156,0.5872067360829368,0.922653487593202,10.142482737660998,2942.1786391868723,5.0,0.0
54.601884603500366,RAM,0.5768645989534004,0.21741447109920295,0.5321890526591365,0.8699506659221911,10.307102209825102,2924.111622256893,5.0,0.0
54.623082637786865,RAM,0.5876811926298431,0.2103407142829763,0.5478658088237665,0.7777836348168784,10.536102264862677,2716.646638843575,5.0,0.0
54.6437292098999,RAM,0.5981312718516296,0.20377853979732596,0.50913750027085,0.9432195889724568,10.687026373902752,2662.884127521065,5.0,0.0
54.66415619850159,RAM,0.6083776283008523,0.19761533519721772,0.5693912114719328,0.7699973848708518,11.253694569179533,2947.1168548591827,5.0,0.0
54.68512725830078,RAM,0.6187909653462311,0.19163942127026087,0.5457761555592363,0.7583666098872835,11.322179083481302,2674.43247620582,5.0,0.0
54.705668926239014,RAM,0.6288772015295989,0.18614110345981616,0.5226686979125765,0.8988323982858655,11.166213395472836,2715.1593574117,5.0,0.0
54.726112365722656,RAM,0.6387937497598521,0.1810273884673956,0.486466625148768,0.7723433282312584,11.089143269925545,2857.80078857083,5.0,0.0
54.747148275375366,RAM,0.6488613630279432,0.17614763316364598,0.4513103445875317,0.9131236924654818,11.69201239663262,2873.824080656923,5.0,0.0
54.76746439933777,RAM,0.6584439188912735,0.1718108276514351,0.47723986828900716,0.7298156676918797,11.930175051543047,2757.924099737429,5.0,0.0
54.78799557685852,RAM,0.6679784019728895,0.1678108254067384,0.5664699559167954,0.9400307105810064,12.046647959211242,2683.6299710425787,5.0,0.0
54.808645248413086,RAM,0.6774072084679803,0.16418258799997015,0.5153211731055888,0.9030285061691884,11.925087593787648,2709.237163792963,5.0,0.0
54.82901906967163,RAM,0.6865432991563211,0.1609969327836321,0.5091361957286054,0.6796938285274099,12.266655197613883,2942.674003971188,5.0,0.0
54.84936165809631,RAM,0.6954915788898971,0.1582120254822098,0.45486930029957656,0.8379315645161104,11.812942563827178,2809.730812395466,5.0,0.0
54.870108127593994,RAM,0.704429997813161,0.155784023594913,0.52520899312821,0.7509843457603874,12.386151685816472,2891.7055118242224,5.0,0.0
54.89080023765564,RAM,0.7131478198674737,0.15378112703855396,0.46407649185486954,0.9359799761461156,11.503116834033671,2725.3559104964547,5.0,0.0
54.911404848098755,RAM,0.7216247661747867,0.15220565285287085,0.555661320893088,0.704178024614077,11.612257296627982,2687.158220525198,5.0,0.0
54.931846380233765,RAM,0.7298254602208682,0.15105840530416947,0.578058287490066,0.8913821888394424,12.369901655368452,2849.6104912534693,5.0,0.0
54.95197343826294,RAM,0.7376889327036773,0.15033527822276074,0.5181009170562756,0.948227472129941,11.201925007465674,2731.1554220786284,5.0,0.0
54.97231411933899,RAM,0.7454157493601644,0.15001544173538997,0.5622883494872479,0.9217861234649231,12.096592575922235,2904.1292917534056,5.0,0.0
54.992600202560425,RAM,0.7528943058431443,0.15010846041202097,0.5189043247215711,0.8267154624855972,11.961742777870478,2900.5882775897967,5.0,0.0
55.01350498199463,RAM,0.7603559102972732,0.1506346060700424,0.5096063510426889,0.7749858549657285,12.380152126152202,2689.4754893882146,5.0,0.0
55.0340530872345,RAM,0.767440779864879,0.15157652911063746,0.49210517159265194,0.6636385407201388,12.182310554221718,2678.9036618552345,5.0,0.0
55.05488896369934,RAM,0.7743654282379716,0.15295999010607125,0.5629027131050383,0.7129320309047109,12.882948881334263,2729.345863391928,5.0,0.0
55.0766818523407,RAM,0.7813213008953129,0.1548658820279363,0.5919898864784955,0.9203113116559275,12.88522244038273,2934.2955542091527,5.0,0.0
55.097076177597046,RAM,0.7875586440744333,0.15707129576069362,0.5278731396180596,0.8785597667088528,12.371028855740139,2818.9083751091243,5.0,0.0
55.11780500411987,RAM,0.7936225144660195,0.1597269628787795,0.5241086089540136,0.7081979826764763,12.28258445188792,2852.7375373590335,5.0,0.0
55.13825225830078,RAM,0.7993259497213958,0.16275111099887532,0.46148622094216224,0.8771929567453248,11.883308537367597,2769.16097399933,5.0,0.0
55.158836126327515,CLOSE_IN,0.8047830968699659,0.1661961469108679,0.5604043306438722,0.8173958585280285,13.068801010412404,2902.7877953171464,3.5,-0.2
55.17923164367676,CLOSE_IN,0.8099037682458692,0.17000044778187312,0.4989100702241445,0.893105410384633,12.85416835193449,2754.71597878727,3.5,-0.2
55.200276374816895,CLOSE_IN,0.8148833593562951,0.1743268774198219,0.4795769127296612,0.7297423952179124,12.565279796895542,2830.5163300328186,3.5,-0.2
55.221320390701294,CLOSE_IN,0.8195490478550385,0.17905286580263197,0.5507684172008215,0.9435473608938896,12.587341920443516,2898.6441210346775,3.5,-0.2
55.24255990982056,CLOSE_IN,0.8239352406310478,0.18421953034841682,0.5787974761671519,0.856551594398896,13.170307427996962,2886.8639973659897,3.5,-0.2
55.26345491409302,CLOSE_IN,0.8279294946008702,0.18968233073191412,0.5004592207824929,0.8185867478447426,12.356416320588577,2692.1676087368783,3.5,-0.2
55.28434896469116,CLOSE_IN,0.831601472319879,0.19551210313551237,0.5363715905978482,0.8402272680586865,13.561307375151314,2657.5149194352807,3.5,-0.2
55.30484700202942,CLOSE_IN,0.8348873820457157,0.20157839460589522,0.48239266648950513,0.7126216221031167,13.780061491417555,2808.2446681393712,3.5,-0.2
55.3253698348999,CLOSE_IN,0.8378601193980991,0.20798606130918157,0.5516238234796792,0.8443366862903514,13.660268644338638,2733.2843864471383,3.5,-0.2
55.34600877761841,CLOSE_IN,0.8405267936682006,0.21475615819893396,0.5485509950140552,0.8766912376295112,13.001336018549248,2918.23741946152,3.5,-0.2
55.366863489151,CLOSE_IN,0.8428898601215149,0.22191754208916956,0.4526139405594567,0.6603900962904568,12.521095347643895,2870.559589891871,3.5,-0.2
55.387662172317505,CLOSE_IN,0.8449124170783072,0.22936821131803026,0.5863121332088391,0.8851901378970091,12.639783997225077,2875.385209139312,3.5,-0.2
55.408308029174805,CLOSE_IN,0.84658812565876,0.23705612887427724,0.5536702004307253,0.8782638561723766,13.536511355745509,2922.627586972121,3.5,-0.2
55.42897391319275,CLOSE_IN,0.8479326013065627,0.24502968466361252,0.488668289523336,0.9468248671624884,14.095196384888407,2772.247832189592,3.5,-0.2
55.44975972175598,CLOSE_IN,0.8489476501399098,0.2533164929010745,0.492119890256465,0.7549753822613702,12.930162515948291,2880.9372372329794,3.5,-0.2
55.470229387283325,CLOSE_IN,0.8496157745657362,0.26172504359222526,0.5193147095639492,0.6651802378076024,13.644069871689045,2822.8849773983143,3.5,-0.2
55.490745067596436,CLOSE_IN,0.8499547084053907,0.270384987844867,0.5472935932342969,0.8141805938450243,13.53692112623484,2910.9856119787296,3.5,-0.2
55.511549949645996,CLOSE_IN,0.8499599953359138,0.2793897575984017,0.4809688615102543,0.7066116873225496,13.768092500412953,2902.5889738124065,3.5,-0.2
55.5323429107666,CLOSE_IN,0.8496247747088641,0.2885979824705537,0.5152978011076027,0.6530638015836053,13.047933194561127,2821.8695971047828,3.5,-0.2
55.55276870727539,CLOSE_IN,0.8489643440652703,0.29783125756581796,0.5703113330750019,0.8627778746966464,14.51104114635363,2681.720457483318,3.5,-0.2
55.57359004020691,CLOSE_IN,0.8479539966758438,0.3074186918578822,0.5799620927156656,0.7189147705101073,13.527270605080792,2781.8229204167956,3.5,-0.2
55.5943808555603,CLOSE_IN,0.8466064954241169,0.3171522525502849,0.5405279837668662,0.6836334540040259,14.357445982372983,2925.173167032982,3.5,-0.2
55.615010023117065,CLOSE_IN,0.8449363124920231,0.3269517385038013,0.5980166001734178,0.7326507821560231,13.681309413934917,2786.1851111018423,3.5,-0.2
55.63603186607361,CLOSE_IN,0.8428946046583965,0.3370655485475253,0.5260466383762604,0.7569753048481782,14.274948763302985,2655.7259803181782,3.5,-0.2
55.6569664478302,CLOSE_IN,0.8405225714601315,0.3472479406137038,0.45234371177030036,0.7489470699269225,13.494042942893087,2820.6317113428654,3.5,-0.2
55.67785286903381,CLOSE_IN,0.8378213968468327,0.35749906500089657,0.49608583340219514,0.7981332909869172,13.634241777144634,2840.839806123976,3.5,-0.2
55.69833159446716,CLOSE_IN,0.8348510146334469,0.36762219966545745,0.5933149247635817,0.7619445384629977,14.492180304529041,2654.986680890168,3.5,-0.2
55.71867489814758,CLOSE_IN,0.8315874544510283,0.377732198352308,0.5890538895952325,0.6673644330065682,14.45793042286114,2886.2665451595276,3.5,-0.2
55.73939108848572,CLOSE_IN,0.8279468163120289,0.38806528149288694,0.5463198864823229,0.7631536630697927,14.79899881994104,2707.6772655658724,3.5,-0.2
55.760117292404175,CLOSE_IN,0.8239875457369485,0.3984238560342027,0.4626259905041505,0.9142835647923332,13.695300193896198,2944.7726707384522,3.5,-0.2
55.78091597557068,CLOSE_IN,0.8196996667008616,0.4088213556285255,0.5831236289860586,0.8825773210122722,14.310086389137812,2662.896667428292,3.5,-0.2
55.801581621170044,CLOSE_IN,0.8151310406938672,0.4191372705444941,0.5566368143203019,0.8259897064447416,15.10805879162885,2845.0400378459476,3.5,-0.2
55.82267951965332,CLOSE_IN,0.810154535348059,0.42963511201150867,0.4665554433998108,0.828273856342615,15.002999215007227,2841.6128126425633,3.5,-0.2
55.84333062171936,CLOSE_IN,0.8049825791798424,0.43985967190836034,0.5189727931157339,0.8087302607881294,13.963071649008109,2918.1693816996553,3.5,-0.2
55.86383581161499,CLOSE_IN,0.7995576243376648,0.44994476273599954,0.5016335994742999,0.7368314495070597,13.927994291140468,2689.0435231458814,3.5,-0.2
55.8849732875824,CLOSE_IN,0.7936688330689439,0.46025273766555574,0.464557714346436,0.7173647429645134,14.794658777132696,2897.5336663317985,3.5,-0.2
55.90566325187683,CLOSE_IN,0.7876187868523641,0.4702383315415864,0.5239831254434176,0.6689066208660205,14.196740505155775,2922.8628185843936,3.5,-0.2
55.92608141899109,CLOSE_IN,0.7813766237011083,0.47997492810062065,0.5878564394713288,0.8190110407787441,14.676071506454809,2800.9493764607246,3.5,-0.2
55.946818590164185,CLOSE_IN,0.7747668321877561,0.4897270696198716,0.5246057680130016,0.8009359437588018,15.389857652026127,2686.154370731298,3.5,-0.2
55.967467308044434,CLOSE_IN,0.7679210893249013,0.4992843039785862,0.5838103651862954,0.8570001274203867,14.228778885916752,2731.4112755159367,3.5,-0.2
55.987916231155396,CLOSE_IN,0.7608882771720568,0.5085822608590536,0.5612461628899104,0.8778757663026954,14.568904524264672,2692.034331717087,3.5,-0.2
56.008448123931885,CLOSE_IN,0.7535800042716034,0.5177352227694765,0.5703654421146105,0.7961598573241665,14.400334209933844,2761.0749517817612,3.5,-0.2
56.0292387008667,CLOSE_IN,0.7459346161676704,0.526801170666775,0.5643534868598075,0.6526377945793872,14.59010031709224,2724.3620248959883,3.5,-0.2
56.0497260093689,CLOSE_IN,0.7381667550072674,0.5355205147244113,0.5849202933611095,0.7622530448001434,15.61181760737674,2803.4165324108767,3.5,-0.2
56.070152282714844,CLOSE_IN,0.7301981271614231,0.5439874160199505,0.5992899898259549,0.8098906864102882,14.96239104755717,2711.62140670224,3.5,-0.2
56.09081697463989,CLOSE_IN,0.7219166334952941,0.5523085948454859,0.5014498545469872,0.888122492635689,15.008943957350624,2905.902922844534,3.5,-0.2
56.11134457588196,CLOSE_IN,0.7134789748072909,0.5603170596889709,0.4744736811302321,0.6935128602707121,15.081761555985308,2714.3365734768918,3.5,-0.2
56.13153648376465,CLOSE_IN,0.7049818078900426,0.5679310401372412,0.5102155288388039,0.880460421153086,14.880955010345009,2715.6071391813443,3.5,-0.2
56.15171766281128,CLOSE_IN,0.6963012776925549,0.5752673617457547,0.5124250909762837,0.7438991324641513,15.247804756114773,2908.2480753146074,3.5,-0.2
56.17222833633423,CLOSE_IN,0.6872947651713508,0.5824308748292069,0.5259562263218114,0.6616057433467861,14.811460827762236,2806.08804631775,3.5,-0.2
56.1927216053009,CLOSE_IN,0.678118848965407,0.5892817604351103,0.5088135121192088,0.8701363022801297,15.38835115553546,2861.606874737894,3.5,-0.2
56.213231325149536,CLOSE_IN,0.6687670678139446,0.5958198304399633,0.4735694767012049,0.6934718955178484,14.614408248170374,2889.574255016762,3.5,-0.2
56.2336905002594,CLOSE_IN,0.6592791974844122,0.6020135741616788,0.46165765493748057,0.698718022329335,14.630689944464748,2864.8699804094304,3.5,-0.2
56.25411605834961,CLOSE_IN,0.6496572840837609,0.6078597928424188,0.5702075238986537,0.7013972965690419,15.879455131695732,2886.227278278006,3.5,-0.2
56.27482032775879,CLOSE_IN,0.6397607581868292,0.6134317790183804,0.5572429607435667,0.7107306641432724,15.369595097180055,2899.421539019905,3.5,-0.2
56.29546332359314,CLOSE_IN,0.6297593205601799,0.6186229946117834,0.5080416347514783,0.6899288105526618,15.29486589387976,2812.468176313171,3.5,-0.2
56.315922498703,CLOSE_IN,0.6197241683492887,0.6234003731058384,0.46125423806944843,0.7158803565467062,15.649319587362184,2666.3452506814324,3.5,-0.2
56.33654499053955,CLOSE_IN,0.6094948345311888,0.6278373874547913,0.47528906926452913,0.9234261112600121,15.283061679788876,2699.9519473160362,3.5,-0.2
56.356935024261475,CLOSE_IN,0.5992777679369816,0.6318434109995489,0.553194585834791,0.692763949401932,15.087516184804818,2662.609105679259,3.5,-0.2
56.37760925292969,TRACK,0.5888235300377551,0.63551163836863,0.5125944691291328,0.7951966207716004,16.137611148273344,2902.5154160361735,-0.10658823604530614,-0.13551163836863
56.39804553985596,TRACK,0.5784056267288358,0.6387419973744938,0.5609754908819935,0.9466498466264073,15.715394063214491,2941.0781448732287,-0.09408675207460293,-0.13874199737449378
56.418264389038086,TRACK,0.5680260334122198,0.6415455659095722,0.49810430554721025,0.712798536651134,15.588323902654894,2670.8654497810153,-0.08163124009466376,-0.14154556590957224
56.43873906135559,TRACK,0.5574513931015089,0.6439821393825453,0.489351956990259,0.823528699989509,16.013016168292637,2755.591062621092,-0.06894167172181072,-0.14398213938254534
56.45932483673096,TRACK,0.5467647618702891,0.6460195284661425,0.47159549421680486,0.8786118972365942,15.22703594777094,2760.361209797751,-0.056117714244346924,-0.14601952846614252
56.48005247116089,TRACK,0.5359594632934375,0.6476496627361964,0.59381160970163,0.8525184083059476,16.27924900123172,2670.4437657907565,-0.04315135595212496,-0.1476496627361964
56.50072169303894,TRACK,0.5251499936926685,0.6488514676068917,0.5305544810130132,0.8333938700124897,15.845551097259696,2816.767959731648,-0.03017999243120215,-0.14885146760689172
56.52112650871277,TRACK,0.5144550468604989,0.6496208354942259,0.5647989197851576,0.7706467155333995,16.004101998168306,2841.9004613061056,-0.017346056232598706,-0.1496208354942259
56.54183602333069,TRACK,0.5035866014005411,0.6499766640185578,0.4886462867614041,0.6584173423061728,15.65624282224586,2719.7878167189447,-0.004303921680649347,-0.1499766640185578
56.56249451637268,TRACK,0.49274147573320853,0.6499044165593506,0.5729928719228864,0.9299375086556053,15.558741956589094,2751.7861632132335,0.00871022912014976,-0.1499044165593506
56.5829713344574,TRACK,0.4819985718786126,0.6494118632960435,0.5291098670302304,0.8551982253691929,15.33083663434648,2771.9449275842667,0.02160171374566486,-0.1494118632960435
56.603515625,TRACK,0.4712373463171878,0.6484973638000441,0.5146301621430032,0.7993798645530711,15.490762802613892,2720.182000949538,0.034515184419374664,-0.14849736380004408
56.62414264678955,TRACK,0.460460276967086,0.6471571752463893,0.5437916568583836,0.6513881435444272,15.271410197364336,2822.3145320527574,0.04744766763949677,-0.14715717524638927
56.64534378051758,TRACK,0.4494227927667743,0.6453414145821135,0.4544184768885944,0.8853597173794089,15.193330021364545,2706.514577483253,0.06069264867987081,-0.14534141458211347
56.66588258743286,TRACK,0.43877878592142,0.643161746539392,0.47088216113336356,0.9104135589866967,16.24778223511897,2691.7817740825367,0.073465456894296,-0.14316174653939195
56.68684411048889,TRACK,0.42797569167416893,0.6405142494823916,0.5078825960209081,0.6811870741856978,15.85776390998755,2659.784600725731,0.08642916999099727,-0.14051424948239155
56.70775127410889,TRACK,0.41727152578674176,0.6374526044159301,0.47769411276037116,0.8595465645454429,16.46546770945744,2761.7097930453815,0.09927416905590988,-0.1374526044159301
56.72793245315552,TRACK,0.40701610655642956,0.6341034685016486,0.5448988426404316,0.9067122729892672,15.585561819137542,2683.5846352597578,0.11158067213228452,-0.13410346850164856
56.748446464538574,TRACK,0.3966789267857487,0.6303083151001274,0.5528781773286908,0.8197830805504969,15.801972096451292,2885.1589406380667,0.12398528785710158,-0.13030831510012741
56.76940202713013,TRACK,0.3862203211252071,0.6260312962755001,0.4890916440780065,0.6757947829077895,15.54806553483296,2869.8459437230863,0.13653561464975147,-0.12603129627550014
56.7901246547699,TRACK,0.37598847642977756,0.6214114090682882,0.4716683663610748,0.7405581321622224,15.63942471477994,2849.0873486449505,0.14881382828426692,-0.12141140906828818
56.810468912124634,TRACK,0.3660599451490429,0.6165059110174673,0.5342771076795335,0.9168372646497895,15.87497563465533,2849.0859233969404,0.16072806582114854,-0.11650591101746732
56.83159399032593,TRACK,0.355882470962425,0.6110329694090828,0.5851173996886349,0.6797147077855519,15.541319506621635,2850.7470573428905,0.17294103484509002,-0.1110329694090828
56.85218143463135,TRACK,0.34610315135451564,0.6053368335029876,0.47370849967076734,0.9103580064909801,15.650770921420243,2939.113870278183,0.18467621837458123,-0.10533683350298761
56.87263226509094,TRACK,0.3365339990424267,0.5993338577272568,0.47383127604522396,0.8083073408074533,15.444131893413651,2698.475577749002,0.19615920114908794,-0.09933385772725678
56.8933162689209,TRACK,0.3270122322169434,0.5929233261363912,0.4714388787841244,0.8757847979338687,15.704104782160874,2687.0456453832553,0.2075853213396679,-0.0929233261363912
56.91412115097046,TRACK,0.3176028069237735,0.5861423492219539,0.5707492756761573,0.8589288055000301,16.430516245207027,2762.3344507457073,0.21887663169147178,-0.08614234922195385
56.93478775024414,TRACK,0.3084317576772504,0.5790873867357466,0.5897755659810925,0.7003944489895099,16.339189181233944,2695.916023185394,0.2298818907872995,-0.07908738673574656
56.95497417449951,TRACK,0.29965144220562057,0.5719009124293013,0.5943152965925637,0.73284394516309,15.384351255289008,2811.514030054672,0.2404182693532553,-0.0719009124293013
56.97540879249573,TRACK,0.290950283296492,0.5643407874653111,0.4984607486539023,0.7622306671841397,15.572375968910828,2872.2923519010023,0.2508596600442096,-0.06434078746531113
56.995524406433105,TRACK,0.2825767373775767,0.5566305515228467,0.46813992058128023,0.8740104538361622,16.3120370578603,2662.9195078046773,0.2609079151469079,-0.056630551522846684
57.01589345932007,TRACK,0.27429941544621494,0.5485649371417495,0.5749435284002327,0.6772211685546358,16.43234112366473,2658.7082420037805,0.27084070146454203,-0.048564937141749476
57.03637170791626,TRACK,0.2661901106358262,0.5402075995921441,0.5337390317727958,0.664549356615687,16.63473863867496,2849.626648097662,0.28057186723700855,-0.04020759959214415
57.05681252479553,TRACK,0.2583156152284508,0.5316310176766572,0.4596255499877921,0.735210288477812,15.977609972717897,2907.2293707475646,0.290021261725859,-0.031631017676657214
57.07745957374573,TRACK,0.2505923391066548,0.5227446491078476,0.4639616988466403,0.7426871003587135,16.397411928715815,2839.4382299708736,0.29928919307201424,-0.02274464910784757
57.0981023311615,TRACK,0.2431098000350319,0.5136509170202207,0.46519982868902426,0.7047424244420033,16.15695778086417,2926.0282226666577,0.3082682399579617,-0.013650917020220699
57.11864399909973,TRACK,0.2359083670909241,0.5044094229438503,0.5829920418812995,0.6772620172963573,15.509123375028333,2930.25950252121,0.31690995949089107,-0.004409422943850272
57.139275312423706,TRACK,0.22892787134702575,0.49495026468065106,0.47178213477451814,0.9441022111403027,16.42122550616633,2911.7027915283898,0.32528655438356907,0.005049735319348936
57.15983986854553,TRACK,0.22222828610649886,0.48536084000542745,0.47614159506453657,0.6761541618627533,15.543848160349455,2736.5492609337643,0.33332605667220133,0.014639159994572548
57.180370807647705,TRACK,0.2158032880456605,0.4756430597629413,0.5981652820536065,0.799080152465571,15.413511966821616,2804.2423688649224,0.3410360543452074,0.0243569402370587
57.200966596603394,TRACK,0.20962879646999144,0.46576647505429875,0.5650573028979099,0.7343525175217169,15.415065330283623,2724.2916182728018,0.34844544423601026,0.034233524945701255
57.22135925292969,TRACK,0.20378821210316872,0.45587731859211916,0.5114789902363606,0.6966592381453666,15.419319050127402,2809.1243126797126,0.3554541454761975,0.04412268140788084
57.242117404937744,TRACK,0.19812761465791995,0.44571557213542895,0.5387256829857775,0.893630219769821,16.042631322822842,2684.289082066365,0.36224686241049603,0.05428442786457105
57.26267719268799,TRACK,0.1928095614466308,0.4355732171837065,0.5952129528421586,0.7301225478522559,15.157368724226094,2857.424769082636,0.368628526264043,0.06442678281629349
57.28348779678345,TRACK,0.18772416045207796,0.42524595890477573,0.5819073215912898,0.8805771860791269,15.250727476698176,2693.2192426492647,0.3747310074575064,0.07475404109522427
57.30395221710205,TRACK,0.18302004634765706,0.4150477543784152,0.5120259200816111,0.7690722984364139,15.167773900117218,2683.391267165899,0.3803759443828115,0.08495224562158482
57.32458257675171,TRACK,0.17858010350848758,0.40474139134437254,0.47936103481893566,0.6866714952008195,16.4204385847156,2718.728635419878,0.3857038757898149,0.09525860865562746
57.34494686126709,TRACK,0.17449925379545173,0.3945599627781239,0.5179926644409096,0.8425132855555104,15.196299182393895,2713.633876319502,0.3906008954454579,0.10544003722187612
57.36549115180969,TRACK,0.17069007749741122,0.3842977306633613,0.5233159647441157,0.7143729115397117,15.671733347955222,2715.6159041882725,0.3951719070031065,0.11570226933663869
57.385910749435425,TRACK,0.16721387820845757,0.3741240153059507,0.5132083343174138,0.7778536542385186,15.2960539504147,2682.0047679881936,0.3993433461498509,0.12587598469404931
57.406264305114746,TRACK,0.16405958784898222,0.36402612795595973,0.5789922048349968,0.7494120616424884,15.73152280609425,2763.2654312009313,0.4031284945812213,0.13597387204404027
57.42681550979614,TRACK,0.16119235747367827,0.3538907108614795,0.555588127555761,0.7108353375226516,15.357018320571633,2661.0404737361655,0.4065691710315861,0.1461092891385205
57.44722509384155,TRACK,0.15866350038451643,0.34390218254765753,0.5057959223279114,0.9387651360220052,15.970841887064106,2776.6349280854442,0.4096037995385803,0.15609781745234247
57.46777939796448,TRACK,0.1564400165101002,0.33393732099451,0.4967641397838838,0.9457104746629097,15.049786146978702,2758.6885103598192,0.41227198018787975,0.16606267900549
57.48825430870056,TRACK,0.1545497840237786,0.3241219073533615,0.483375447841489,0.6862481272760383,15.711469447047245,2881.8694117374343,0.41454025917146564,0.1758780926466385
57.50877904891968,TRACK,0.15298196305899475,0.31441030543534054,0.5473123753661614,0.6652079488105678,15.260309861366377,2915.3447332645487,0.4164216443292063,0.18558969456465946
57.52890062332153,TRACK,0.15176419724165968,0.3050293473159864,0.59506317227991,0.887980565041966,15.384788936605538,2923.085985162565,0.41788296331000835,0.1949706526840136
57.54948854446411,TRACK,0.15084653796654007,0.2955902647037755,0.5469335504164493,0.9061115566350613,15.608430699653173,2894.610716886401,0.4189841544401519,0.20440973529622453
57.56977963447571,CLOSE_IN,0.15026789803315077,0.2864603850838731,0.5444605540474188,0.8012561606103695,14.923051415995845,2858.350203250714,3.5,-0.2
57.59054660797119,CLOSE_IN,0.15001113859807952,0.2773100967161427,0.4742332066351048,0.8552332673357967,15.978689574045015,2714.3124427979,3.5,-0.2
57.611324310302734,TRACK,0.1500940943596905,0.2683668658258956,0.5307368962125539,0.7455606543119546,16.027577451583642,2894.9547227089097,0.4198870867683714,0.23163313417410442
57.63223624229431,CLOSE_IN,0.15052074076013944,0.2595953775000717,0.4526120048351338,0.8604824289153834,14.735815074316687,2870.2536775732838,3.5,-0.2
57.65295076370239,CLOSE_IN,0.15128234834522802,0.251148744903766,0.5607182023581491,0.8507025945712123,15.107384523419874,2712.8552505945327,3.5,-0.2
57.67344880104065,CLOSE_IN,0.15236738524969046,0.24304179422014507,0.46002122002083,0.829051501467039,14.667113581677855,2934.7358666329383,3.5,-0.2
57.69408655166626,CLOSE_IN,0.1537918017478026,0.23514607965729853,0.48090129276828636,0.9291470366578359,15.791036985787203,2831.6912435071267,3.5,-0.2
57.71472358703613,CLOSE_IN,0.15554790086628756,0.227531440304516,0.4663507334278343,0.8568443647546373,14.589976605054076,2836.059124820985,3.5,-0.2
57.7354633808136,CLOSE_IN,0.15764525371464538,0.22017487099075905,0.4977151484795479,0.8204917315208752,14.606176655362804,2883.6543619700665,3.5,-0.2
57.755656003952026,CLOSE_IN,0.16000560471952757,0.21330950396745596,0.5037468833490196,0.7359546810273089,14.478785741122895,2876.4515818649843,3.5,-0.2
57.776546001434326,CLOSE_IN,0.1627756812163706,0.20652756301789402,0.5279199377245325,0.7112049458434685,14.548257374975755,2761.313825119614,3.5,-0.2
57.79679250717163,CLOSE_IN,0.16577640412701794,0.2002766481149021,0.4686665942902672,0.6955430942017955,15.321782610394358,2895.0703176760467,3.5,-0.2
57.81731700897217,CLOSE_IN,0.16913293038973876,0.19427416375951623,0.47858663229572634,0.6933794653705614,15.702474216675165,2759.306419132009,3.5,-0.2
57.83828520774841,CLOSE_IN,0.172885813100634,0.18849991406505207,0.4511790218863488,0.9437721343275728,14.531830460703071,2938.98534521095,3.5,-0.2
57.85901165008545,CLOSE_IN,0.17691343682786975,0.18315769844204943,0.5943037889933334,0.8427531821746737,14.807395947620595,2667.466411526247,3.5,-0.2
57.87996959686279,CLOSE_IN,0.18130354246543856,0.17813466670917433,0.5809797942469753,0.8369284852023574,15.37425634719644,2659.596274248727,3.5,-0.2
57.90068578720093,CLOSE_IN,0.1859525311603294,0.17355257541727953,0.48528079364905563,0.6853874659425938,14.671707180196265,2680.7939508954823,3.5,-0.2
57.921257972717285,CLOSE_IN,0.19086928303590645,0.16938694909657134,0.4749352752946048,0.9131700429271831,15.391379028360713,2775.9208918758886,3.5,-0.2
57.94166374206543,CLOSE_IN,0.19603705377355207,0.1656406193538332,0.545879743028059,0.7948997699930296,14.732536431921789,2851.5688719238888,3.5,-0.2
57.961907386779785,CLOSE_IN,0.20144515245760353,0.16230969081447016,0.5807394212684207,0.7295145788823378,14.94963946379263,2667.4878726045713,3.5,-0.2
57.982409954071045,CLOSE_IN,0.20720296832768265,0.15933325994310388,0.4703850691217714,0.8840943566858503,14.114990776348684,2690.9948644501383,3.5,-0.2
58.003034353256226,CLOSE_IN,0.21327436592303578,0.15674737026847793,0.4812085635450216,0.7858517651717789,13.8990198721581,2878.4756675175277,3.5,-0.2
58.0237877368927,CLOSE_IN,0.21966069621412138,0.15456303359624327,0.4574595631051925,0.6972633227965497,14.701693473628149,2812.0863428466323,3.5,-0.2
58.04448890686035,CLOSE_IN,0.22630158981329956,0.1528053766332453,0.48453592279652136,0.8715050828047367,14.339698961291871,2937.2074356412427,3.5,-0.2
58.065051555633545,CLOSE_IN,0.23315929987143957,0.1514789016203458,0.5283229363165108,0.9320151965059216,14.701633314195742,2667.0772926487525,3.5,-0.2
58.08596920967102,CLOSE_IN,0.24039581615248168,0.15056074380351347,0.4636114574448992,0.8122835768139008,13.871485225122557,2917.5772696660215,3.5,-0.2
58.10693120956421,CLOSE_IN,0.24790403714426867,0.1500785324517866,0.5080810463208706,0.6599916237439487,14.618347146626174,2810.0231292083026,3.5,-0.2
58.127360582351685,CLOSE_IN,0.2554613415045748,0.1500311766365768,0.47478190575492935,0.816532697694014,14.86455332653518,2944.3283503615876,3.5,-0.2
58.14762306213379,CLOSE_IN,0.26318373979740994,0.1503963590381183,0.5642923151937052,0.6692142510026282,14.636868939503769,2740.2748445415837,3.5,-0.2
58.168144941329956,CLOSE_IN,0.2712279356183319,0.15118397685824267,0.5103966974049737,0.6531443794483553,14.354171213930536,2672.7448760519364,3.5,-0.2
58.18861222267151,CLOSE_IN,0.2794666358492573,0.1523869240570529,0.5116769349253005,0.7285849829347211,14.66330206850422,2805.602071923614,3.5,-0.2
58.20906090736389,CLOSE_IN,0.2879054162187924,0.15400306583840248,0.5346177510319186,0.9264054985164196,14.49017767957177,2847.929201954471,3.5,-0.2
58.23009419441223,CLOSE_IN,0.29679353872357406,0.15609458494951683,0.511139444170566,0.8029060067769871,13.669081439427298,2754.337935668275,3.5,-0.2
58.251057386398315,CLOSE_IN,0.305853295447448,0.15860853432948163,0.46794877124160283,0.666154908398378,14.311574728144407,2692.796541350217,3.5,-0.2
58.27147436141968,CLOSE_IN,0.3148615815637811,0.1614648449659086,0.5277260573663398,0.6506940672531507,13.382162776094907,2875.508524117782,3.5,-0.2
58.29188537597656,CLOSE_IN,0.3240407938982424,0.16471782911471777,0.5110610974102533,0.7149496161604829,14.567242277607098,2715.701793340794,3.5,-0.2
58.312679052352905,CLOSE_IN,0.3335616335527791,0.16843488371833704,0.5183314370864189,0.924271498151821,14.218207883453498,2810.5520912416805,3.5,-0.2
58.332907915115356,CLOSE_IN,0.34297931157814787,0.17243530148768704,0.5442542190489099,0.8811651132903439,13.326120837825448,2870.6850203520717,3.5,-0.2
58.353569984436035,CLOSE_IN,0.35274784421146615,0.17690582003763236,0.47535550536080967,0.7561398984278324,13.096272627736639,2841.7795052656975,3.5,-0.2
58.373995304107666,CLOSE_IN,0.36254349632789823,0.18169954335555585,0.4531012724962087,0.6602142449409899,13.616915161252068,2903.121211320825,3.5,-0.2
58.39452409744263,CLOSE_IN,0.37251875736461304,0.186884553213088,0.5901617212872716,0.6679338638326882,14.285522609969602,2762.354614531539,3.5,-0.2
58.41512084007263,CLOSE_IN,0.3826484969994331,0.19244770405111275,0.5171230019487458,0.7501362503466018,13.30480490574608,2804.114571247485,3.5,-0.2
58.43577313423157,CLOSE_IN,0.39291800636451957,0.1983794226540119,0.5308119777474372,0.7738768900349317,13.312612716638752,2683.594262445966,3.5,-0.2
58.45627045631409,CLOSE_IN,0.4032120800575877,0.20460672474152455,0.5812832331396648,0.8829783130027222,12.873260845377468,2897.776167869005,3.5,-0.2
58.47693991661072,CLOSE_IN,0.41368522008796554,0.21121876520764862,0.556156421359761,0.9314903080732433,12.720638662120688,2689.257236334377,3.5,-0.2
58.49745273590088,CLOSE_IN,0.4241610395506413,0.21809963238951702,0.5736298812812068,0.7065901223832735,13.230815139254933,2883.4877352027975,3.5,-0.2
58.51809763908386,CLOSE_IN,0.4347767816053828,0.22533385726552124,0.4514667279844381,0.8204865593831272,13.960376241153073,2664.355406519715,3.5,-0.2
58.53842806816101,CLOSE_IN,0.44529199059759755,0.23274891823154725,0.47523330884670817,0.6878076565193251,12.516398506189038,2923.313086400153,3.5,-0.2
58.55880856513977,CLOSE_IN,0.45588414911810854,0.24045973112755345,0.4777867069182528,0.8522645181769921,12.639485241155246,2722.522252015353,3.5,-0.2
58.579918384552,CLOSE_IN,0.4668986919553398,0.2487257415089379,0.5139959049558037,0.8441777913438049,13.137117869201553,2819.2538346040974,3.5,-0.2
58.600830078125,CLOSE_IN,0.4778426128159766,0.2571800402558715,0.5240817165952867,0.9426854676045043,13.475819963707828,2851.586118052097,3.5,-0.2
58.62156558036804,CLOSE_IN,0.488715880288445,0.26580978497571556,0.5772413653926738,0.6675387369434103,13.09584082536932,2823.4268544078745,3.5,-0.2
58.64245915412903,CLOSE_IN,0.4996830507810855,0.2747386758352892,0.5013494283304362,0.9211272046530075,13.070374850493524,2857.7208500206207,3.5,-0.2
58.662912130355835,CLOSE_IN,0.5104193236688928,0.2836912111317747,0.4835202389785527,0.8384343407094405,12.943323614307731,2688.7399101459573,3.5,-0.2
58.683348655700684,CLOSE_IN,0.5211371694083833,0.2928309070336087,0.4791429797675041,0.8996775987467536,12.970200158625824,2804.316915615663,3.5,-0.2
58.704219579696655,CLOSE_IN,0.5320622609251271,0.3023495234365803,0.46924849879814917,0.9133070810189687,12.667509045234581,2731.4425769552277,3.5,-0.2
58.724746227264404,CLOSE_IN,0.5427765467116608,0.3118771491478947,0.5617036603225861,0.7373460276456623,12.120197667279507,2802.8092819616736,3.5,-0.2
58.745482444763184,CLOSE_IN,0.5535590135954004,0.3216527734026332,0.47547903065350183,0.6949281412318935,12.852525412785202,2921.5998254444344,3.5,-0.2
58.76632761955261,CLOSE_IN,0.5643458958582108,0.33161553193730037,0.5093945509306339,0.8279454077994579,12.549605046535449,2772.928120190354,3.5,-0.2
58.78685760498047,CLOSE_IN,0.5749082422576488,0.3415438937151704,0.5967462865152633,0.9444051743445069,12.021057632501694,2904.158562078852,3.5,-0.2
58.807350397109985,CLOSE_IN,0.5853806200492626,0.3515525497892099,0.4608555024726459,0.9335539746550156,12.847875675881216,2724.5879394064864,3.5,-0.2
58.82879447937012,CLOSE_IN,0.5962525965236569,0.3621126597376784,0.49769642764731864,0.8586898735620516,12.93311836779127,2686.7744875730245,3.5,-0.2
58.84942889213562,CLOSE_IN,0.6066201986119412,0.3723400633903,0.5883534392988593,0.8637687615596013,12.089277633397112,2782.128197137621,3.5,-0.2
58.8705472946167,CLOSE_IN,0.6171251420056575,0.3828559855429716,0.4540840176353649,0.9152925598562992,11.517417596202447,2936.793764411231,3.5,-0.2
58.89146280288696,CLOSE_IN,0.6274133589711315,0.39330107594663133,0.5520240496734252,0.6643059016471118,12.636467315481076,2946.2174412475374,3.5,-0.2
58.91199326515198,CLOSE_IN,0.6373902752016152,0.4035653842991708,0.4770881673148193,0.8139520833695368,11.701966780135251,2780.5735703348078,3.5,-0.2
58.932517766952515,CLOSE_IN,0.6472340653750392,0.41382070658632014,0.5202804478356851,0.8798943420498075,12.590186731263898,2752.4039602631697,3.5,-0.2
58.9532151222229,CLOSE_IN,0.657019423133698,0.4241387683258757,0.570197524845229,0.8214668868071305,12.220829352094595,2936.8479034934453,3.5,-0.2
58.97343850135803,CLOSE_IN,0.6664345884419279,0.4341807264609387,0.4815605467755429,0.8302197761439191,11.183892332308512,2824.2895956978773,3.5,-0.2
58.994077920913696,CLOSE_IN,0.675885482102313,0.4443715074692464,0.5998871711135282,0.7420326498347258,11.84066440582866,2753.7603821024613,3.5,-0.2
59.014437675476074,CLOSE_IN,0.6850431988900333,0.45435021318141344,0.46911662268240495,0.9020128013077078,11.99618645843879,2917.508028754161,3.5,-0.2
59.03522205352783,CLOSE_IN,0.694213841939143,0.4644439742560333,0.550754990812319,0.6752050645494777,11.6719231161939,2893.5866349744547,3.5,-0.2
59.05569529533386,CLOSE_IN,0.7030627068190639,0.4742778659475213,0.5994114117598698,0.6545249631528902,11.753243151526547,2709.829675189948,3.5,-0.2
59.076428174972534,CLOSE_IN,0.7118286053684467,0.4841095022262175,0.49631783862773404,0.6777790893148548,11.285852423224245,2763.8030823992726,3.5,-0.2
59.09734630584717,CLOSE_IN,0.7204651922411437,0.49388239340287143,0.5649551419516251,0.9155800819349649,11.963637710440453,2937.9562530715675,3.5,-0.2
59.11788725852966,CLOSE_IN,0.7287348986273323,0.50331928793056,0.5400771221738625,0.7518569869368635,11.816944430370487,2870.5664409337296,3.5,-0.2
59.13831973075867,CLOSE_IN,0.7367455307260632,0.5125334008782085,0.5719023452040629,0.9174532776468276,11.786959782389536,2802.73562085574,3.5,-0.2
59.158650159835815,CLOSE_IN,0.7444954636902295,0.521515029015112,0.5324778298549747,0.6743226789209091,11.653764202472942,2875.547830853991,3.5,-0.2
59.17914342880249,CLOSE_IN,0.752077353743962,0.5303652639005013,0.5342050141419638,0.9245259970650901,10.497750852890066,2689.8228385834495,3.5,-0.2
59.20018649101257,CLOSE_IN,0.7596147354156306,0.5392249369996339,0.5290157366531455,0.9408957842239837,10.654502277391181,2904.136986728365,3.5,-0.2
59.220664501190186,CLOSE_IN,0.766701470350153,0.5476101183323487,0.5697790077034233,0.8204072345554665,10.506112507687824,2651.4673871898517,3.5,-0.2
59.24173641204834,CLOSE_IN,0.7737309937155927,0.5559799069694695,0.581886344954568,0.9469801893281742,11.283707499740212,2794.545123713624,3.5,-0.2
59.26238799095154,CLOSE_IN,0.7803550170691596,0.563914070550942,0.5076123218088264,0.9007224855218671,11.178142534359711,2832.7560310346253,3.5,-0.2
59.28286170959473,CLOSE_IN,0.7866564677604417,0.5715039510136671,0.5877533792746885,0.7347017207246173,11.056232155713172,2796.9527093843026,3.5,-0.2
59.3036413192749,CLOSE_IN,0.7927756125603485,0.5789131714833378,0.47121020978585937,0.8059934228935294,10.074808678673838,2884.409994859834,3.5,-0.2
59.323888540267944,CLOSE_IN,0.7984644467567451,0.5858354680632645,0.5690747693883254,0.7913021839283765,11.137412899616407,2828.2185645427367,3.5,-0.2
59.34435415267944,CLOSE_IN,0.8039348750848911,0.592522751336152,0.5806979477813657,0.9307094778011049,10.698653417594723,2725.0055754386894,3.5,-0.2
59.36458158493042,CLOSE_IN,0.8090602338907935,0.5988153559417784,0.594640920033415,0.8070591526303325,10.201776715818152,2786.402344719417,3.5,-0.2
59.38547444343567,CLOSE_IN,0.8140554636696833,0.6049732897316106,0.5657605769069243,0.7111755600704647,10.216254440633874,2667.2883646189653,3.5,-0.2
59.4058473110199,CLOSE_IN,0.8186294014691147,0.6106334518464551,0.5470121688063809,0.7411081991515773,10.495800124759459,2811.2218353303997,3.5,-0.2
59.42676496505737,CLOSE_IN,0.8230160358333727,0.6160810898024275,0.5244256077861833,0.7036122741035569,10.82322921060949,2883.097249933259,3.5,-0.2
59.447601556777954,CLOSE_IN,0.8270695440063396,0.6211316948516139,0.4608944152143838,0.9164125535210984,9.936466840434084,2814.6193932584524,3.5,-0.2
59.468082427978516,CLOSE_IN,0.8307425285310897,0.6257219253703026,0.5069456004679194,0.8701618217875378,9.509612745084812,2843.0664607801664,3.5,-0.2
59.488765716552734,CLOSE_IN,0.8341350308544742,0.6299731879285169,0.502680888551706,0.949283187406143,10.26937055538712,2660.104406489129,3.5,-0.2
59.50969934463501,CLOSE_IN,0.8372411248953427,0.6338752327473891,0.5128806536734144,0.7374288726237073,9.92725723335184,2861.1973200189327,3.5,-0.2
59.52984642982483,CLOSE_IN,0.8399165624364522,0.6372436597344324,0.5413956932091526,0.9407638476196546,9.40744582284065,2652.0199714639184,3.5,-0.2
59.55031371116638,CLOSE_IN,0.8423166515184224,0.6402712221182183,0.464332775812516,0.7292217438375844,9.369046933688038,2820.321743878738,3.5,-0.2
59.57042574882507,CLOSE_IN,0.8443608213985765,0.6428541301984524,0.5764058922417513,0.6936116353581597,10.176437255602568,2866.8604366282616,3.5,-0.2
59.59087038040161,CLOSE_IN,0.8461175870157025,0.6450770525171171,0.528923591205257,0.8353552419281987,10.156372035794712,2915.6408331808907,3.5,-0.2
59.61105251312256,CLOSE_IN,0.847532559570541,0.6468696086880753,0.5723231175794157,0.8383892243054263,10.443756540494888,2705.5059392700696,3.5,-0.2
59.63175320625305,CLOSE_IN,0.8486530216606287,0.648290405112204,0.5431312320409245,0.6809278636329362,9.470466980582872,2701.382056277723,3.5,-0.2
59.65231966972351,CLOSE_IN,0.849433349686579,0.6492805950962436,0.5605658471238422,0.7112453449905141,10.447551076914007,2652.214493386336,3.5,-0.2
59.67301082611084,CLOSE_IN,0.8498828468429229,0.6498512405415331,0.5770089900317416,0.828671617911107,10.234468512618802,2762.2497890250283,3.5,-0.2
59.69342923164368,CLOSE_IN,0.8499960462146193,0.6499949793275037,0.4624213780703558,0.9377134447755734,9.441175098697737,2740.489430783378,3.5,-0.2
59.71373438835144,CLOSE_IN,0.8497830554262958,0.6497245369642656,0.4686169229682224,0.7015721190241803,10.117703627469131,2889.425610307787,3.5,-0.2
59.73387408256531,CLOSE_IN,0.8492512948461325,0.6490495270178537,0.45201352585513965,0.7398276498184655,9.68209835441562,2710.1289019455226,3.5,-0.2
59.7542667388916,CLOSE_IN,0.848388120160833,0.6479543912360431,0.46851630933157856,0.694594731483656,10.224752967876235,2708.5644945755425,3.5,-0.2
59.77489900588989,CLOSE_IN,0.8471830835665406,0.6464266996490667,0.5361991668669766,0.7302105408472762,9.203448920410164,2878.90560948629,3.5,-0.2
59.79516124725342,CLOSE_IN,0.845676035200663,0.6445180604549909,0.5695008216975712,0.7818283239366837,9.548967103283402,2772.8098060143434,3.5,-0.2
59.816046476364136,RAM,0.843788495562382,0.6421305691781205,0.5356084197105955,0.8993110254516778,9.265345452965537,2905.2266497717346,5.0,0.0
59.837337255477905,RAM,0.8415170491481725,0.6392619650412991,0.539660978014997,0.9037412405568246,9.770400258574533,2765.4119207995896,5.0,0.0
59.85812306404114,RAM,0.8389634597439872,0.6360429019276685,0.4731147219760613,0.8886987883989826,9.087209967178298,2869.983016403162,5.0,0.0
59.878913164138794,RAM,0.8360797574543242,0.6324151778412336,0.5037403963162849,0.8027906498079798,9.122443075629594,2880.6274225328125,5.0,0.0
59.89947819709778,RAM,0.8329057346376474,0.6284314350840334,0.4995959243445666,0.7993509387260572,9.283757075542987,2720.081678460675,5.0,0.0
59.919915437698364,RAM,0.8294376167222466,0.6240896477766775,0.520483827462685,0.9066241092290779,8.758199890847676,2681.9098197216426,5.0,0.0
59.94051146507263,RAM,0.8256293700044239,0.6193354336809006,0.5464068512552703,0.9225773974642593,9.686010099172236,2705.705755934134,5.0,0.0
59.960991621017456,RAM,0.8215343890443398,0.6142389722765191,0.4535864449426578,0.8891902032855673,8.879476402353596,2834.6923747365718,5.0,0.0
59.98161506652832,RAM,0.8171041567246274,0.608743705595483,0.5461111579598035,0.8766645353450664,8.530955609929709,2850.592587139052,5.0,0.0
